:1000000038300020890E00008D710000750E000050
:10001000750E0000750E0000750E0000750E0000D4
:10002000000000000000000000000000F50F0000CC
:10003000750E0000000000008D0F0000750E00001E
:1000400061110000611100006111000061110000E8
:1000500061110000611100006111000061110000D8
:1000600061110000611100006111000061110000C8
:1000700061110000611100006111000061110000B8
:1000800061110000611100006111000061110000A8
:100090006111000061110000611100006111000098
:1000A0006111000061110000611100006111000088
:1000B0006111000061110000611100006111000078
:1000C0006111000061110000611100006111000068
:1000D0006111000061110000611100006111000058
:1000E0006111000061110000611100006111000048
:1000F0006111000061110000611100006111000038
:100100006111000061110000611100006111000027
:100110006111000061110000611100006111000017
:100120006111000061110000611100006111000007
:1001300061110000611100006111000061110000F7
:1001400061110000611100006111000061110000E7
:040150006111000039
:1001540053B94AB9002908BF00281CBF4FF0FF312A
:100164004FF0FF3000F00CB8ADF1080C6DE904CE8F
:1001740000F008F8DDF804E0DDE9022304B070477C
:10018400704700BF2DE9F04786468C460846089E16
:10019400154674461946002B40F0C1808542B2FAD8
:1001A40082F245D94AB1C2F1200300FA02FC95401B
:1001B40094402EFA03F343EA0C0C4FEA154EA8B20E
:1001C400230CBCFBFEF80EFB18CC08FB00F943EA39
:1001D4000C43994528D9EB1808F1FF3704D2994507
:1001E40002D9A8F102072B44A3EB0903A4B2B3FB81
:1001F400FEFC0EFB1C330CFB00F044EA0344A0425B
:1002040014D92C190CF1FF3304D2A04202D9ACF159
:1002140002032C44241A43EA07401EB1D4400023AD
:1002240034607360BDE8F0874746DDE76346F1E775
:1002340092BB431B01214FEA154EAFB2200CB3FB16
:10024400FEFC0EFB1C330CFB07F840EA0343984505
:1002540061D9EB180CF1FF3004D2984502D9ACF106
:1002640002002B44A3EB0803A4B2B3FBFEFC0EFB79
:100274001C330CFB07F744EA0344A7424DD92C195D
:100284000CF1FF3304D2A74202D9ACF102032C448F
:10029400E41B43EA0040C0E7C2F1200395409440C8
:1002A40020FA03F12EFA03F34FEA154E9040AFB251
:1002B4000343B1FBFEFC0EFB1C10190C0CFB07F8EE
:1002C40041EA0041884522D969180CF1FF3004D273
:1002D400884502D9ACF102002944A1EB08019BB284
:1002E400B1FBFEFC0EFB1C110CFB07F743EA0143B8
:1002F4009F420ED9EB180CF1FF3104D29F4202D970
:10030400ACF102012B44DB1B41EA004193E7604658
:10031400E3E76146F7E76046A4E76346B8E783424C
:1003240006D916B9002108467CE7C6E900E0F9E7DA
:10033400B3FA83F78FB9834201D3724508D8BEEB71
:10034400020460EB030301209C461EB9002169E707
:100354003846FAE7C6E9004CF8E7C7F1200CBB4081
:100364000EFA07F522FA0CF42EFA0CF1BA401C43EB
:1003740020FA0CF3B8404FEA144901431FFA84FEF3
:10038400B3FBF9F809FB18300B0C08FB0EFA43EA2F
:1003940000439A4540D9E31808F1FF3004D29A4546
:1003A40002D9A8F102002344A3EB0A0389B2B3FBE8
:1003B400F9F809FB183308FB0EFE41EA03418E45A8
:1003C4002CD9611808F1FF3304D28E4502D9A8F163
:1003D4000203214443EA0040A1EB0E01A0FB029872
:1003E4004145CE46434602D306D14D4504D2013899
:1003F400B9EB020E68EB0403002EA7D0B5EB0E0296
:1004040061EB030101FA0CFC22FA07F3F9404CEA10
:100414000303C6E9003199E74046C5E74346D9E7F7
:1004240010B5074C4FF0FF324FF0FF33204602F077
:100434006BFF0448A168BDE8104006F0B7BD00BFDB
:10044400A80100203489000007B5094806F0AEFD74
:100454000A24FFF7E5FF04210DEB010001F0B4F9D4
:10046400019BB3FBF4F004FB103006F0ACFCF0E7A6
:100474006689000010B5054C204602F011FF0448BF
:10048400A168BDE8104006F091BD00BFA80100209E
:100494007F89000007B5094806F088FD0A24FFF7A4
:1004A400E9FF04210DEB010001F08EF9019BB3FB80
:1004B400F4F004FB103006F086FCF0E7B18900008C
:1004C400014B1B68184700BF00000020014B186057
:1004D400704700BF0000002030B585B004460D46CB
:1004E40010220021684607F021FE02238DF8023015
:1004F400044B2A4621466846019306F009FA05B0E2
:1005040030BD00BFC504000080B505460E46174641
:10051400984603F01DFA034607F082FE0446DFF80E
:100524001890424649F8003039463046A84754F8F6
:10053400090000F013FD00BF080000002DE9F0479A
:10054400058B04462807904611D4022905F00705B7
:1005540040F0CC80204606F036FD78B10138218B7E
:10056400042811D8DFE800F0C2106D859500012938
:100574000CBF45F0100545F02005258388F311884C
:10058400BFF36F8FBDE8F08701F0070AAA4500F0BA
:10059400A5800027B9463E46A368002B00F0BC8026
:1005A40041F00801218388F31188BFF36F8FA1689C
:1005B400002900F0BA800D68002900F0B6803346A7
:1005C40052462046D1F80480C047002D76D02B68CF
:1005D40029461D46F0E701F007035A1F012A1BD8DC
:1005E400002221F00701062B276889B2C4E9002202
:1005F40009D13B4603E0628B013262831B68002B06
:10060400F9D141F002012046218306F0DCFC0028E8
:100614007AD041F0200176E0042B0AD121F00701C1
:1006240089B22046218306F0CEFC10B141F02001AE
:100634002183218B01F0070AAA454FD00027B94630
:10064400AAE7236921F0070141F00601062DD3F83A
:10065400009021832DD1B9F1000F3FD041F0080162
:10066400218388F31188BFF36F8F20463949C84727
:1006740029E021F00701236941F0040189B2042D26
:10068400D3F804902183E6D000274FF0040A3E46B5
:1006940082E721F00701236941F0050189B2052DA4
:1006A400D3F808902183D6D000274FF0050A3E46A0
:1006B40072E700274FF0060A3E466DE72B4687E7B0
:1006C400B9F1000FD1D1EFF31188202383F31288FD
:1006D400BFF36F8F238B23F008032383258BEA0654
:1006E4002ED525F01003238305F007056669218BB9
:1006F400002EBFF670AF00232768C4E9003321F051
:10070400070141F001012183218B4FF0000901F021
:10071400070AAA457FF440AF002F9CD041F008019E
:10072400218388F31188BFF36F8F002FC8D03D68F1
:10073400394633465246204606F071FC2F46F4E70C
:10074400AB067FF51BAF25F02003238305F00705D7
:1007540000E700BF4F700000014B036000207047AA
:100764005886000008B5044806F020FCBDE808409F
:10077400024806F01BBC00BFE2890000178A000093
:10078400014803F0BBBB00BF5886000038B50446DF
:1007940018B90F4B0F485B6898476168B1F5683F1B
:1007A40010D0B1F5680F0DD00B4DA9420AD011F449
:1007B4006861206807D00146084807F061FB002300
:1007C4002360656038BD142207F0B0FCF9E700BF70
:1007D400DC000020458A00002C5F5CA9680A002028
:1007E40008B560B34368B3F5683F0ED0B3F5680F3E
:1007F40018D0144A934220D000684FF0FF324FF0D3
:10080400FF3302F085FC58B115E001220368D3E8F8
:10081400EF1F002903D1C3E8E02F0028F7D10AD144
:10082400002008BD0368084A1B7803F5807352F85A
:100834002330002BF4D00548F3E70548F1E76FF4C3
:10084400E040EEE72C5F5CA900000350E98FFFFF56
:10085400EA8FFFFF08B520B34368B3F5683F09D0BA
:10086400B3F5680F13D0114A93421DD0006802F00B
:10087400C7FC14E000220368D3E8EF1F012903D169
:10088400C3E8E02F0028F7D109D0094808BD0021AA
:100894000368084A1B7803F5807342F8231000208C
:1008A400F4E76FF4E040F1E70348EFE72C5F5CA95D
:1008B400E98FFFFF00000350EA8FFFFF10B50446E5
:1008C40018B91D4B1D485B6898476368B3F5683FCA
:1008D4002FD0B3F5680F2CD0194A934219D123684D
:1008E40003BB4FF0FF324FF0FF332146154802F0AF
:1008F400E1FB08B923681BB90F4B13485B689847A1
:1009040014220021206807F011FC4FF4686363602F
:1009140008E0B3F5683F0DD83A2B03D040F6BA622D
:100924009342DED1206807F0F6FA636843F03A0395
:10093400636010BD054AF3E7DC000020458A00002F
:100944002C5F5CA9680A00206B8A00003A00003A18
:1009540008B5064940231422054807F083FABDE888
:1009640008400449044803F08DBB00BF680500201B
:10097400680A0020608600007486000008B50348F9
:10098400034A0021121A06F0F7FB08BDB801002043
:10099400F8160020074808B5074A0849121A06F055
:1009A400EDFBBDE808400648064A0749121A06F05E
:1009B400E5BB00BF00000020B8010020648F0000E8
:1009C4000000002000000020648F000038B50546B8
:1009D4000C4699B1D1E901230F48096806F0E6FAFB
:1009E400D4E90423E1680D4806F0E0FAE1690C4813
:1009F40006F0DCFAA1690B4806F0D8FA012D05D1FE
:100A0400EFF305810848103906F0D0FA214628464C
:100A1400BDE8384002F00ABA988A0000C88A00008B
:100A2400F88A0000088B0000378B000030BFFFF706
:100A3400FDBF00BF2DE9F04105460B4EDFF82C80C9
:100A4400324606EB0807CC1B2046094907F047FB52
:100A5400A01942460021083C07F068FBC5F8A440F1
:100A640007F10800BDE8F081000000000400000068
:100A740050860000054B5A699B689A421FBF044A7E
:100A8400536843F080535360704700BFF80B002055
:100A940000ED00E010B5204C204806F087FAA36A68
:100AA400990137D51E4806F081FA1E20A36ADA019F
:100AB40003D51C4806F07AFA1F20174CA36ADB0200
:100AC40003D5194806F072FA0220A36A1C0303D561
:100AD400164806F06BFA21200F4CA36A590303D57C
:100AE400134806F063FA2220A36A9A0303D5114837
:100AF40006F05CFA2320084CA36ADB0303D50E48F6
:100B040006F054FA2420A36A6FEA03436FEA1343FE
:100B1400A36210BD1D20C9E700ED00E04B8B00006F
:100B2400648B0000788B0000938B0000BE8B000068
:100B3400DD8B0000038C00001E8C000070B5244C7B
:100B4400064624480D4606F031FAA36AD90435D581
:100B5400214806F02BFA1720A36A1A0503D51F486B
:100B640006F024FA18201A4CA36A9B050FD51C48DA
:100B740006F01CFAA16BA36A180407D5194806F0FD
:100B840015FA1EB1A36A23F40043A3621920104C82
:100B9400A36A590503D5144806F008FA1A20A36A73
:100BA400DA050DD5114806F001FA1B20084A936AAC
:100BB40043F47F43936200232B7070BD1620CBE770
:100BC400A36A9B04F2D50A4806F0F0F91C20EDE76D
:100BD40000ED00E04A8C0000618C0000738C000082
:100BE400878C0000A18C0000B78C0000D38C00001F
:100BF400EC8C000070B5264C064626480D4606F0DF
:100C0400D5F9A36AD80640D5234806F0CFF91120B8
:100C1400A36A190703D5214806F0C8F912201C4C11
:100C2400A36A9A070FD51E4806F0C0F9616BA36A40
:100C34001B0607D51B4806F0B9F91EB1A36A23F0B9
:100C44008003A3621320124CA36ADE0703D516485F
:100C540006F0ACF91420A36A9C0603D5134806F0E9
:100C6400A5F915200A4B9A6AD10658BF9A6A9A6A5E
:100C7400920642BF5A6A22F400525A629A6A42F0B9
:100C8400FF029A6200232B7070BD1020C0E700BFE2
:100C940000ED00E01C8D0000338D0000738C00001B
:100CA400678D0000808D0000978D0000EC8C0000A3
:100CB4002DE9F0415B4B04465F6800258AB0C7F319
:100CC400080685F31188BFF36F8F02F07F43B3F1F9
:100CD4007F4F06D102F00C03082B13D1524806F0C3
:100CE40065F900252C464FF00008F31E8DF80780A7
:100CF400092B00F28580DFE803F00A797D75838390
:100D04008383838110074CBF0C460125EBE74748DA
:100D1400444E06F04BF98DF80780F36A9A0704D520
:100D2400434806F043F900232FE0F36A002B01DA6D
:100D34004048F6E7F36A5B00F5D53F4806F036F91C
:100D44007369A26943F480737361BFF34F8FBFF378
:100D54006F8F736932F8022C23F480737361BFF3CD
:100D64004F8FBFF36F8F4DF602739A4208D0B36A68
:100D7400DBB24BB301200DF10701FFF73BFF33E07A
:100D840021682E4806F012F923689DF80720C2B99D
:100D940002AE04F12007324620686168083403C2B9
:100DA400BC421646F7D1099AB5B3C2F3080121B97A
:100DB4006FEA52226FEA42220992184602A9FFF70B
:100DC40005FE0AB0BDE8F081B36A13F47F4F05D085
:100DD40001200DF10701FFF7B1FE05E0B36AB3F599
:100DE400803FA0D3FFF756FE0346CEE700200DF167
:100DF4000701C2E700200DF10701ECE7104890E776
:100E0400104B17F4F87F1049104818BF1946A6F183
:100E1400100206F0CBF886E722F4FF7222F00102FA
:100E2400CAE700BF00ED00E0E58D0000118E000070
:100E3400298E00004B8E00005A8E00007A8E00002E
:100E4400978E0000CC8D0000B78D0000BC8E000092
:100E5400064B5A6942F010025A615A6942F48062A0
:100E64005A615A6922F008025A61704700ED00E0A5
:100E7400EFF30880EFF3098101B57246FFF718FF1D
:100E840001BD00BF002080F31488BFF36F8F0020E2
:100E940080F30A8880F30B88104880F308880020C8
:100EA4000F49087001F05CFB00200E490860BFF395
:100EB4004F8F00F02DF8202080F311880A484FF45A
:100EC4000061401880F30988EFF31480022108437D
:100ED40080F31488BFF36F8F00F0DCF83830002003
:100EE400F516002094ED00E0F81E002000231846BB
:100EF4000649D1F89020C2F30722934200DB7047E1
:100F0400C1F89830C1F8A0000133F6E700ED00E025
:100F140010B572B6002484F31388FFF7E7FF234665
:100F24004FF0FF300C4A03F120010133102B42F83B
:100F34002100F8D100234FF0FF30074A03F160018C
:100F44000133102B42F82100F8D162B6BFF34F8F62
:100F5400BFF36F8F10BD00BF00E100E0084B9B683A
:100F640083420BD1EFF3058343B1064B5A6842F039
:100F740080525A605A6A22F400425A6202F0EEBC6D
:100F8400F80B002000ED00E016498A684FF03000AD
:100F94001044EFF3098C80E8F01F202080F31288BE
:100FA400BFF36F8F104F4FF000664A698A603E604E
:100FB400D2F8A4000D4C2060D2F8A8000023C2F897
:100FC400A83080F3118802F1300090E8F01F8CF310
:100FD400098802F1000004B506F0E1F8BDE8044018
:100FE40070470000F80B002004ED00E0840A0020A4
:100FF4001EF0040F0CBFEFF30880EFF30980816942
:1010040011F8021C0229FFD001B5724606F0B8F8A7
:1010140001BD00BF40B2002807DB01234109034A98
:1010240000F01F00834042F82130704700E100E0E7
:10103400054B420953F82220012300F01F0003FA54
:1010440000F01040704700BF00E100E040B200280B
:1010540001F10101ACBF00F16040064B4FEA4111C0
:10106400C9B2ABBF00F5614000F00F0080F8001377
:101074001954704714ED00E0044B054A23F07F0334
:101084009360BFF34F8FBFF36F8F70470000000072
:1010940000ED00E008B5FFF7EFFF074AD2F888300B
:1010A40023F47003C2F88830FFF768FCFFF772FC82
:1010B40000F048F801F084FF00ED00E042F8203C25
:1010C400009B0B4942F81C3C019B21F0010142F8B2
:1010D400183C029B42F8081C42F8143C4FF0807301
:1010E40042F8043C0023203A0265C0F8A830704757
:1010F4000D05000000B50E4B15469860D0F8A420ED
:101104000C4B0E461A60D0F8943083F30B882C46AF
:1011140086F309880020044B9847204600210022CA
:101124000023024C20470000B37100000D050000AD
:10113400F80B0020840A00201022014B1A6170472A
:1011440000ED00E0002320210348C2180133452BA1
:1011540082F80013F9D1704700E100E008B5EFF31D
:101164000583064A103B02EBC30152F83300496879
:101174008847BDE80840FFF77DBC00BF3883000006
:101184001FB5094C094A23460121094800F0FAF821
:1011940000230393074B0121E41A01A8019302944D
:1011A40000F0FAF804B010BD000007200000002091
:1011B40084860000B801002010B50C7A0B6804F096
:1011C4001F0223F01F031A43CB68640923F01F0393
:1011D400054943EA440343F00103C1F89800C1F808
:1011E4009C20C1F8A03010BD00ED00E010B5074B05
:1011F400D3F89030C3F30723013B984202D8FFF79A
:10120400DBFF10BD6FF01500FBE700BF00ED00E051
:101214002DE9F04F0F46144606464FF000084D4D99
:1012240085B0B84580F29280D6F80490B9F1000FE9
:1012340036D0B9F11F0F40F2878019F01F0F40F02C
:101244008380D6F800A01AF01F0F7DD1504605F018
:10125400EAFF834609EB0A00013805F0E4FF834501
:1012640072D11BF1160F6FD05C456DDDC5F898B0D7
:10127400D5F89C10C5F898B0D5F8A03021F01F011E
:1012840043F01F0AD6E900321A44994202F1FF39A9
:101294001ED1CA4508D131465FFA8BF005F0CCFF68
:1012A40008F101080C36BCE73146C5F898B0D5F80A
:1012B4009C3022F01F0203F01F031343C5F89C3037
:1012C400E0B205F0B9FF10F1160F3DD0441CE7E77A
:1012D400C5F898B0D5F8A020013B23F01F0302F015
:1012E4001F021343CA453146E0B2C5F8A030E8D026
:1012F40005F0A2FF10F1160F26D0C5F898B0D5F866
:101304009C209DF808300AF1FF3A62F304038DF83B
:101314000830D5F8A0309DF808205B0863F3471225
:101324008DF80820D6E900321344009323F01F03FC
:101334005344A3EB0903013023F01F036946C0B2F1
:101344000393FFF753FFBEE76FF01504204605B083
:10135400BDE8F08F00ED00E00522044BC3F89420B3
:10136400BFF34F8FBFF36F8F704700BF00ED00E0F6
:10137400BFF35F8F0022024BC3F89420704700BF75
:1013840000ED00E010B5034C2278FFF741FF207018
:1013940010BD00BFF01600202DE9F74F294D8A46F5
:1013A40006464FF00008AB46274FD0451BDAD6F867
:1013B4000490B9F1000F3FD031680846019105F05F
:1013C40032FF0199044609EB0100013805F02BFFB7
:1013D40084424FF014021D4B08D002FB08F36FF057
:1013E40015024BF8032003B0BDE8F08F14F1160F7B
:1013F4002C60F8D01978A142F5DD02FB08B0C7F8DB
:101404009840C7F89840D7F89C4000F10801007B49
:1014140064F304000871D7F8A0000C79400860F365
:1014240047140C71D7F89C1021F01F016960D7F89C
:10143400A01021F01F01296108F1010814350C36B0
:10144400B3E700BF880A002000ED00E0F01600209A
:10145400F0B54149414CD1F890302568C3F30723D6
:101464009D4287B075D80020FFF782FF3C4BC1F83E
:10147400C030854216D13B4C01A82570FFF76CF9AA
:1014840000250646384FAE4213D100202378324956
:10149400D1F89020C2F30722934254DBFFF75CFF9C
:1014A40000202FE0616801EB0011FFF785FE013099
:1014B400DFE70199280101EB0513DA683A40B2F538
:1014C400001F21D0B2F5800F2BD0B2F5801F38D188
:1014D4005A689B680958013B22F01F00034401200D
:1014E400844623F01F0340EA4C10CDE902218DF815
:1014F400100002A920780593FFF778FE00281DDA72
:101504006FF0150007B0F0BD5A689B680958013B9D
:1015140022F01F0003444FF0020C012023F01F03AC
:10152400E1E75A689B680958013B22F01F00034415
:101534004FF0000C062023F01F03D4E72378013377
:10154400237001359FE7C1F89830C1F8A00001333A
:101554009EE74FF0FF30D5E700ED00E090860000F5
:10156400AAFF4400F01600200000F0FF08B5024B6B
:101574001B689847002008BD9C0A0020034B044ABE
:101584001860937843F00203937070479C0A00201C
:101594002400002008B50649064821F00701C1F1DE
:1015A400005202F5E02205F0A7FC002008BD00BFB0
:1015B4003F300020A00A0020054B03EB8000D0F848
:1015C400003223F0E04343F04053C0F80032704748
:1015D40000258450052370B5144D154E2C78013424
:1015E400B4FBF3F303EB8303E41A06F04CF8114A5B
:1015F400137823B156F82430C01A072814D94FF0B1
:101604005023D3F8141141B10021C3F81411D3F8B5
:1016140014312C700CB9012313702C7806F033F8B4
:1016240046F82400012070BD0020FCE7F2160020DB
:10163400AC0A0020F1160020012208B50B4B0C491E
:10164400C3F8002502230020C1F8D036FFF7B4FF09
:101654001046FFF7B1FFC1F80427C1F80429C1F807
:10166400002BBDE8084000F099B800BF00100050FE
:101674000040005007B54FF480620B4B0B49C3F890
:10168400B8254FF400620A48C3F83C250DF107025F
:1016940006F040F8002803DB9DF8070001F056F837
:1016A40003B05DF804FB00BF00A002502CA0025060
:1016B40028A1025048B1054B054A1B68B3FBF2F35D
:1016C4005843044B43F0010318477047C4000020FB
:1016D40040420F0050860000002170B5104C114D9F
:1016E400114E000714F8013B03F01F025B090FD0F1
:1016F400012B0FD1334603EB8203D3F800220131CF
:1017040022F0E04202430429C3F80022EAD170BD6A
:101714002B46F0E70023803253F82230FFDE00BF6F
:10172400E38E000000258450002884502DE9F04108
:10173400064601200D46FFF7CFFF4FF47F03D3F891
:101744003021D3F83431072A20D1023B032B02D8AD
:10175400114AD35CD3B14FF050244FF00108002755
:101764000520C4F81886C4F8147605F09EFF404698
:10177400C4F8148605F099FFC4F81476C4F81876F2
:1017840030462B46BDE8F041002118474FF0502366
:101794000022C3F81426F3E7DF8E00000149024853
:1017A40005F060BCB8860000C00A002008B54FF000
:1017B400FF323F230348C0E9002300F0B3FF0020B9
:1017C40008BD00BFDC0A0020F7B506460D460D48EB
:1017D4008AB2836831461B689847002810DA0024CF
:1017E4000CE02F1B042F28BF042705F04CFF3A46BA
:1017F400019001A9301906F072FC3C44A542F0D8CE
:1018040003B0F0BDF8820000084B70B5C31A0D4652
:1018140007499B10044659434022064805F044FDFD
:101824002B4601462046BDE870401847F80A0020C0
:10183400B76DDBB698820000402373B50B4C009360
:10184400041B0B460D460A49A41061430646094A87
:10185400094805F055FD011E05DA30462B4602B055
:10186400BDE87040184702B070BD00BFF80A002000
:10187400B76DDBB66F730000988200002DE9F04766
:101884000022012107460520FFF7E0FB124800F083
:101894007DFF0446D0B900F0ADFF25464FF01C0A89
:1018A4004FF00C08DFF834903E6949460AFB0560A6
:1018B40005F0D8FB031E0CDB012308FB05661D4461
:1018C400042DB367F0D12046BDE8F0876FF004041F
:1018D400F9E71C46F7E700BF111A0000C4860000B0
:1018E4001FB500220123CDE902236B46084ACDF837
:1018F40000D0CDF804D005F031FD002805DB4FF40D
:1019040080420023684601F0FFFC05B05DF804FB4B
:101914009973000010B5EFF31184202383F3128828
:10192400BFF36F8F074A136823F00201DB071160CE
:1019340002D4012005F011FF84F31188BFF36F8FE7
:1019440010BD00BF980B00200C22104B014602FB77
:101954000033002030B4D3E91C521867EFF3118030
:10196400202484F31288BFF36F8F9C6F04F0C004AB
:1019740044F002049C6780F31188BFF36F8F1DB19C
:101984002B4630BC0248184730BC7047F80A002088
:101994009882000010B4EFF31182202383F312889D
:1019A400BFF36F8F1748016841F002040460C80751
:1019B40007D482F31188BFF36F8F012010BC05F0A8
:1019C400BDBE4FF05021D1F80C04D1F80C14C90756
:1019D400EFD5EFF3118083F31288BFF36F8F0A49B9
:1019E4008B6F03F0C00343F002038B6780F311880D
:1019F400BFF36F8F82F31188BFF36F8F002010BC89
:101A0400FFF7A2BF980B0020F80A0020092813D87A
:101A1400DFE800F005101212121212120E0C074B1E
:101A2400986F10F0070007D1FFF78EBF0220FBE785
:101A34000320F9E70120F7E7704700BFF80A002008
:101A44002DE9F041012207463649D1E8EF3FC1E8CC
:101A5400E02F0028F9D133B9334934484B60CB60C7
:101A64008A6005F012FB7B1E012B2BD8012F07D1B6
:101A74004FF05023D3F81C3403F00303022B21D07E
:101A840006F050FA0546F8B9294B1B78E3B14FF03C
:101A9400502302220646C3F808234FF05024DFF8EF
:101AA4009480D4F81824D4F81834D20315D503F04C
:101AB4000303022B01D0012F0FD16DB386F31188DC
:101AC400BFF36F8FBDE8F081EFF31186202383F31A
:101AD4001288BFF36F8F0125DFE7C5B1304605F0EB
:101AE40086FBD4F81835DBB2012BDAD1D4F8042103
:101AF400002AD6D00022C4F80421D4F804210222FA
:101B0400C4F818252022C8F88021A360C9E7002161
:101B1400212006F077FAE4E74FF050230222C3F8BD
:101B24000423CFE7F40A0020E40A0020140B002069
:101B3400F516002000E100E008B5074806F062F958
:101B440038B10648FFF71AFD0448FEF7BFFC002031
:101B540008BD6FF01200FBE718830000651B00004E
:101B64000A2838B50446074D04D1AB680D21284630
:101B74005B689847AB6803485B68E1B298472046C6
:101B840038BD00BF18830000F0B545681646A86844
:101B94002A7C01F01F0487B044EA4214002868D06C
:101BA400B6F5001F04D1214606F00EF9002051E0DD
:101BB4000020B6F5800F01AA0190506037D1B3F12F
:101BC400007F14BF052304238DF804300023CDE9DE
:101BD40004230393EB680DF1030723FA01F111F0D9
:101BE400010139D1B6F1A07F36D104F01F03620997
:101BF40003F1800326D0012A3ED1214A52F8233032
:101C0400DB0729D43A462146A86806F070F8163056
:101C14001AD002972146A86803AA05F034FF0028C9
:101C240018DB01222146A86806F07CF8BEE7B3F170
:101C3400C06F05D0B3F1007F14BF01230223C3E7B3
:101C44000323C1E70F4AD9E73946A86800F0F8FF33
:101C54000028DEDA07B0F0BD3A462146A86806F04F
:101C640046F80028D6D19DF80310A86800F0DEFFDE
:101C7400D0E76FF08500EDE751F82330FFDE00BFB9
:101C840000288450002584504209034670B502D0D0
:101C9400012A17D070BD0D4E326951680029F9D060
:101CA400012503F01F030C689D400029F2D08A68C7
:101CB4002A4002D030464B6898472CB1236821460D
:101CC4001C46F2E7024EE7E72346F8E7D882000015
:101CD400B882000038B54568A86890B106F01AF8D3
:101CE400014670B9A86800F06FFF044658B902466F
:101CF4000649A86805F0F8FF224605210D20FFF7E4
:101D0400A5F9002038BD6FF00400FBE78D1C00002E
:101D14002DE9F04340F206364768D00648BF4FF03D
:101D2400030C3B7C02EA060658BFC2F3401C87B092
:101D340001F01F05B6F5837F144645EA43158DF877
:101D440003C044D00DD8062E16D005D8A6B1022E55
:101D54003FD06FF0150037E0B6F5807FF9D101264A
:101D64000AE040F20222964235D0B6F5407F34D0E4
:101D7400B6F5007FEDD102260123220303FA01F117
:101D84002DD57B689960B86880BB05F01F036D0989
:101D94002AD0012D73D13C4A02EB830284F48033B0
:101DA400D2F80012C3F30043C4F3404444EA4304AA
:101DB40021F4706144EA8C0421F00F0144EA062303
:101DC4000B43C2F80032002007B0BDE8F0830726B9
:101DD400D2E70426D0E70526CEE70326CCE7630343
:101DE40044BF7B68D960CEE7284AD5E729460DF180
:101DF400020205F07CFF14F4403F80460CD12946D2
:101E0400B86805F08DFFB8F1000FDCD19DF8021021
:101E1400B86800F00BFFD6E74FF0000901ABCDE93D
:101E24000199CDE90439CDF80C902946B86803AA84
:101E340005F029FE4845C6DB14F4003314D09DF8A0
:101E4400033084F48034C4F300448DF80E308DF8EC
:101E54000C608DF80D404B462946B86803AA05F07E
:101E6400CAFE0028CFDAAEE7CDE904330DF103034F
:101E740003932946B86803AA05F005FEF1E7803309
:101E840050F82330FFDE00BF002884500025845022
:101E9400036803F01F025B09026004D0012B0348AE
:101EA40018BF002070470248704700BF00288450C4
:101EB400002584502DE9F04F1546824640F2FF1963
:101EC400DFF8B0B185B000EB8108D04503D1002024
:101ED40005B0BDE8F08FDAF80030C3F3C321082958
:101EE400C3F3080400F2C080634A4C45515C4FEAD6
:101EF400136311D0222B1DD94E2B40F0B880C5F8A6
:101F04001445012603A80394FFF7C2FF039B06FAB6
:101F140003F38360374654E0222B09D94E2B40F05B
:101F2400A6804FF0FF33C5F814350AF1040ACCE754
:101F34004FF0FF34222B00F29A80DFE803F01217EF
:101F44001E362127369898989839639898989898C7
:101F5400989898986B76797C9898987F86898C8FD6
:101F64009200C5F80C45631CCBD1DEE7C5F81445D7
:101F7400631CDAD00026002723E0C5F80845F2E701
:101F8400601CC5F80845D0D0002604E0621CC5F8E2
:101F94000C45CAD00126012703A80394FFF778FF54
:101FA400039B07FA03F3C3600BE0C5F81045DFE7B2
:101FB400C5F808450029DBD1671CB6D000260621E8
:101FC4003746DAF80030039403F40040002803A8ED
:101FD4001CBF012600270193FFF75AFF039C019BB6
:101FE40000EB8400D0F80042C3F3412C0B0243EA17
:101FF4008C033B4304EA0B04234343EA4603C0F83F
:10200400003292E7C5F80C450029D5D0661C8CD067
:1020140000267FE7C5F86045601CDAF8003084D0FC
:10202400C3F30043002BB5D06BE7C5F86445F3E771
:10203400C5F86845F0E7C5F86C45EDE7C5F82445F3
:10204400621C3FF472AF012695E7C5F828458AE77C
:10205400C5F83045F4E7C5F83445F1E7C5F8384527
:10206400EEE7C5F83C457EE76FF0150030E76FF00A
:1020740085002DE7F0F0FCFF1A8F00002DE9F041F8
:1020840004460D46476805F04DFF4FF0200888B917
:10209400264B1B7873B16426606805F02BFAF0B9FF
:1020A400012005F002FB013EF6D10021212005F0BC
:1020B400A9FFF0E7EFF31186314688F31288BFF3E6
:1020C4006F8F606805F016FAA8B986F31188BFF31C
:1020D4006F8FEFE786F31188BFF36F8FE5E7EFF3B8
:1020E4001186314688F31288BFF36F8F606805F05C
:1020F40001FA0028EED0FB6900201D706368FA69BC
:102104001B68C3F844250122C3F84825C3F82001FD
:10211400D3F82041C3F85801D3F858019A6081F3E9
:102124001188BFF36F8FBDE8F08100BFF516002062
:102134000123834070B5DC430B4AD2E8EF1F01EA68
:102144000405C2E8E65F002EF7D14FF480328240E6
:102154000648C0F80823BFF35F8FBFF36F8F0B42AD
:1021640014BF0120002070BDC40B0020005001509A
:1021740070B40E4922F07F46D1E90034D01AC31856
:1021840044F10004C1E90034A6F50013B3F5400F8F
:1021940009D2074B1B681A0A1B069C19054B42F10E
:1021A4000005C3E9004570BC01F0DCBD2803002034
:1021B400C80B002030030020D9B101230D4A83400D
:1021C400D2E8EFCF4CEA030CC2E8E1CF0029F7D103
:1021D4004FF48033084A8340C2F80433074BD3E8F2
:1021E400AF3FC340DB0742BF4FF40012044BC3F8B8
:1021F40000217047C40B002000500150C00B002088
:1022040000E100E00D4B1868010A0006BFF35F8F80
:102214000B4BD3F80435181841F10001B3F5801FB6
:102224000AD2084BD3E90023904271EB030303D293
:1022340010F1807041F10001704700BFC80B00200D
:1022440000500150300300202DE9F04F85B01646B0
:102254001F4604469DF840A0FFF76AFF0190FFF770
:10226400D1FFB04271EB070352D23B4B301A67EBFC
:102274000101984271F100014DD2384B03EB041374
:10228400D3E902239F4208BF964258D04FF48038C6
:10229400334908FA04F8204626F07F4BC1F84883F6
:1022A40005F0E5F94FF00309584604F15005AD0077
:1022B400ADB205F1502504F5A87305F580350293F8
:1022C400029A20F07F4341F82230C1F84483D1F8C8
:1022D4000435244AC01A033820F07F4090422ED996
:1022E400286868B1D1F80435A3EB0B0020F07F40D7
:1022F400B0F5000F039322D9204605F0B8F9039BEB
:10230400BAF1000F07D109EB030009F10109D7E77E
:10231400BAF1000F09D06FF0150520460199FFF7B7
:102324004BFF284605B0BDE8F08F01230E4AA340B9
:10233400D2E8EF0F1843C2E8E10F0029F8D10749AA
:102344000E982301C8500F9B01EB04120025C2E92B
:1023540002675360E1E700BF01008000180300201A
:1023640000500150FDFF7F00C00B00207FB5002509
:102374004FF0FF304FF0FF31194C1A4B0226C4F8CE
:102384000833C4F84833184BC4F80855C3E90201AC
:102394004FF480334FF40012C4F80433134B01217B
:1023A400C4F804631520C3F880212A46FEF74EFEC4
:1023B4001520FEF72FFE01230D4AA360236013604E
:1023C4000C4B0D4A009328460023CDE90155FFF735
:1023D4003BFF3046FFF734FB284604B070BD00BF16
:1023E4000050015003000F001803002000E100E03A
:1023F400C40B002075210000FFFF7F002DE9F74387
:102404002E4BD3F8042390070BD5D3F8042142B103
:102414000022C3F804212A4AD3F804311368013393
:102424001360264AD2F80433D90326D5254BD3E8C2
:10243400EF1F21F00100C3E8E40F002CF7D1CB0714
:1024440002D4D2F84031C3B100251C4CC4F8405129
:10245400D4F84031FFF7D6FEEFF31182202383F343
:102464001288BFF36F8F184BD3E90267B042B941AA
:1024740006D282F31188BFF36F8F03B0BDE8F083F7
:102484004FF0FF38D3E900104FF0FF391D60C3E966
:1024940002894FF48033C4F84833C4F84051D4F867
:1024A400403182F31188BFF36F8F0029E5D000908B
:1024B40032463B4628468847DFE700BF00500150BC
:1024C400C80B0020C00B00201803002030B5431CAB
:1024D400124C85B005D08442A8BF0446012CB8BF75
:1024E4000124FFF78FFE0E4B0C4DD3E90013401A65
:1024F400B0F5000F0FD22218AA4228BF2A460020A6
:1025040052180849CDE90100009143F10003FFF797
:102514009BFE05B030BD2A46F1E700BFFFFF7F00F8
:10252400280300207521000008B5FFF76BFE024B5D
:102534001B68C01A08BD00BF280300204FF47F03A6
:10254400D3F83021D3F83431072A05D1023B032BC9
:1025540002D8024AD05C704700207047358F0000D3
:1025640008B5FFF7EBFF58B1644BD3F8202A3AB90A
:102574000D21C3F8201A0121C3F81C19C3F81C2922
:102584000022D30003F57F03D3F80013013107D0F1
:10259400D3F800130132D3F80433202A0B60F0D1AE
:1025A400FFF7CCFF002840F0A080FFF7C7FF40B141
:1025B400534B544AC3F830254FF050230122C3F83B
:1025C40058254FF47F03D3F83021D3F83431072A48
:1025D40009D1023B032B06D84B4AD35C1BB1002222
:1025E4004A4BC3F84C25FFF7A9FF50B14FF05023D5
:1025F400D3F80024D10742BF0022C3F81421C3F842
:1026040018214FF47F03D3F83021D3F83431072A4B
:1026140009D14FF05023D3F80024D20744BF6FF000
:102624000102C3F80024FFF789FF18B16522334B78
:10263400C3F80C274FF47F03D3F83021D3F8343197
:10264400072A16D1314BD3F82034002B11DA4FF07E
:1026540050230322C3F8182501229A60D3F80421D9
:10266400002AFBD00022C3F804210122DA60C3F857
:1026740018254FF47F03D3F83021D3F83431072AD7
:1026840023D1023B032B02D8214AD35CEBB17E2237
:102694001A4B1B49C3F80C27C3F83C297F231D4A56
:1026A400C2F818310023C1F8043EC1F8083E01F510
:1026B4004821C1F81031C2F82431C2F82C3102F596
:1026C400FF1202F58052C2F8A032134AD2F88C30BD
:1026D40043F44063C2F88C30104A114B1168C3F8BC
:1026E4004415D269C3F84C2508BD2922034BC3F80D
:1026F4000C270322C3F83C2757E700BF00400050D3
:10270400009003504400EFBE318F000000200350BE
:102714002D8F00000020005000ED00E00080FF003D
:1027240000600050014B1860704700BFCC0B0020C4
:1027340010B5054B1446186804F0B9FF0028A4BF6F
:102744002070002010BD00BFCC0B00200123024AE2
:102754008340C2F80435704700700150014B0020DB
:102764001B681847D00B0020014B1B68184700BF9B
:10277400D00B0020014B09201B681847D00B002008
:10278400014B08201B681847D00B002010B5144CCF
:10279400237913BB01232371124B0028206018BF37
:1027A400184600F037F8D0B923680F48002B08BF4B
:1027B400184600F0B9F890B923680C48002B08BFFC
:1027C400184600F0F9F850B923680948002B08BFEF
:1027D4001846BDE8104000F063B86FF0770010BDF4
:1027E400D00B002061270000792700006D2700002E
:1027F4008527000008B5064B1B6843B10520FEF78A
:1028040017FC20B9BDE808400520FEF703BC08BD4D
:10281400D00B0020074B0246187938B91A60012200
:102824001A714FF05023C3F8142570476FF07700E6
:10283400704700BFD80B00204FF050230022C3F88C
:102844000021D3F80021012208491A60096811B156
:10285400C3F804237047D3F80021002AFBD00022D8
:10286400C3F80021D3F80031704700BFD80B002013
:102874004FF05023D3F80423D2070DD5D3F8002109
:1028840052B10022C3F80021D3F800210122C3F879
:102894000823024B1B681847704700BFD80B002061
:1028A400054B0246187918B91A6001221A7170474B
:1028B4006FF07700704700BFE00B00204FF050230B
:1028C4000022C3F82021D3F8202101229A61094A69
:1028D400126822B14FF48072C3F804237047D3F80E
:1028E4002021002AFBD00022C3F82021D3F8203174
:1028F400704700BFE00B00204FF05023D3F80423AF
:10290400D2050ED5D3F820215AB10022C3F82021D4
:10291400D3F820214FF48072C3F80823014B1B68BD
:1029240018477047E00B0020074B0246187938B966
:102934001A6001221A714FF05023C3F880257047A2
:102944006FF07700704700BFE80B00204FF0502372
:102954000022C3F82421D3F8242101221A62094A4F
:10296400126822B14FF40072C3F804237047D3F8FD
:102974002421002AFBD00022C3F82421D3F82431D7
:10298400704700BFE80B00204FF05023D3F8042316
:1029940092050ED5D3F824215AB10022C3F824217C
:1029A400D3F824214FF40072C3F80823014B1B68A9
:1029B40018477047E80B0020074B0246187938B9CE
:1029C4001A6001221A714FF05023C3F8182570477A
:1029D4006FF07700704700BFF00B00204FF05023DA
:1029E40010B5D3F818141E4C11F4803FD3F81824F2
:1029F4001AD002F00302022A04D0012A01D004F002
:102A04001CFF01224FF05023C3F818250022C3F8FD
:102A14000421D3F8042101229A6022688AB9D3F8E8
:102A24000421002AFBD014E0D3F81424D207E8D5FB
:102A3400D3F81C2402F00302013A012ADFD82268E9
:102A44001AB10222C3F8042310BDD3F80421002ACA
:102A5400FBD00022C3F80421D3F80431F4E700BF0B
:102A6400F00B0020F8B54FF0502301250026D3F8D1
:102A74000443184F04F0820404B9F8BDB4FA84F096
:102A8400C0F11F00830003F580739BB203F1502350
:102A9400196805FA00F224EA02040029ECD01E6049
:102AA4001B684FF050230128C3F808230ED1D3F834
:102AB4001824D3F8182402F00302012A06D10221B3
:102AC400C3F81815C3F804139A60D5E73B68C0B27D
:102AD4009847D1E7F00B0020036803F01F025B095D
:102AE400026004D0012B034818BF0020704702483D
:102AF400704700BF0028845000258450034A4309CE
:102B0400D35C00F01F001844C0B27047398F000036
:102B1400034611F0010010B5CCB20BD1A207C4F3E7
:102B240040000DD5074A106A58601062003818BF7B
:102B3400012005E004490A6A1A600A62002AEDD0FD
:102B440010BD00BF0028845000258450F7B504460A
:102B54000846FFF7D3FF06B204EB4606B38A0D46D8
:102B6400DB072BD5204604F06BFF2946204604F0F2
:102B7400D7FE58B1204604F0E9FE0022276800B2CF
:102B840007EB8003C3F81025C3F810252946204617
:102B940004F005FF002101A8B1820195FFF79CFF15
:102BA400019B00EB8300D0F80022064B134043F056
:102BB4000203C0F80032084603B0F0BD6FF0150000
:102BC400FAE700BFF0F0FCFF70B590F88C400546C2
:102BD40090F88D6024BB21466022143005F0A6FADB
:102BE4002146114B286853F836608E420ED10024DA
:102BF400C0F87C41D0F87C3140F30730FEF70AFA84
:102C04000123204685F88C30AB6770BDCBB29B00A6
:102C140003F580727C2B04BF845083580131E4E7B0
:102C24006FF07700F1E700BF8087000090F88D0017
:102C3400024B03EB800004F054BD00BFC800002029
:102C440010B5064B90F88D000C4603EB800004F0A1
:102C54002EFD0028A4BF2070002010BDC800002055
:102C64002DE9F04F814659F804BB90F88D40DBF80C
:102C740004136B4BC9B2804653F8342058468BB0CA
:102C840041F0004104F0B5FE051E36DA0023CDE91B
:102C94000833634B08A803EBC4035B68194601932C
:102CA400FFF736FF042303EBC40303935D4B0DF1DD
:102CB400200A02930023029A009312F8013B584918
:102CC4000292039A02EBD3028A5C03F0070322FA0E
:102CD40003F3DA0719D4009B0AF1040A9BB14FF0FD
:102CE40000410022584604F084FE019908A8FFF729
:102CF4000FFF0028DAD125F000450124002D78D1FA
:102D04000BB0BDE8F08F0123D5E7009B464A13447E
:102D14000493DAF800100029DDD091FAA1F1B1FA98
:102D240081F1049B1C7841EA44142046FFF7E6FE37
:102D340008EB4000878AC808BB08059301231AF8EA
:102D4400002001F0070103FA01F122EA01020AF866
:102D5400002007A80794FFF7BFFE079A059B80325F
:102D640050F82220C7F382065B073746C2F30142BC
:102D740023D54846D6B221463A4604F0F1FD07A8C9
:102D84000794FFF7A9FE079B803350F82330C3F361
:102D940001439E4207D10021204604F0B2FD314692
:102DA400204604F0AEFD07A80794FFF795FE012224
:102DB400079B02FA03F30362ABE7022A0DD1032156
:102DC400204604F09EFD06F00503012BEBD13A46A4
:102DD4002146484604F0C4FDE5E702212046059259
:102DE40004F08FFD032EF2D0059A032ADBD1022EC4
:102DF400ECE795FAA5F3B3FA83F304FA03F225EAB0
:102E0400020503F5A2725BF8222008EB430348464F
:102E1400B3F87C10C2F3014204F0A2FD6EE700BFD8
:102E240080870000498F0000498F000038B5EFF318
:102E34001185202383F31288BFF36F8F064B9C68A0
:102E440004F0F3FF85F31188BFF36F8F2046BDE8CC
:102E54003840FEF783B800BFF80B002038B50A4BA2
:102E640053F82040013053F82050A54200D838BD13
:102E7400606830B1037FDB0701D404F0ABFF083492
:102E8400F3E723689847FAE790870000012270B5BA
:102E94002A4B032086B01A70FFF7E0FFFEF7EAFB27
:102EA400FDF760FC0420FFF7D9FF254C254D26468D
:102EB400AE4204F1300410D300F056FC204C224EF4
:102EC400AC4226D300F064FC05F006F91F4A137BDC
:102ED40023F00103137306B070BD54F80C3C059342
:102EE40054F8103C049354F8143C039354F8183CDD
:102EF400029354F81C3C019354F8203C009354E989
:102F04000A2354E90C0100F025FA54F8303C5E65BC
:102F1400CDE7D4E90A23B3F1FF3F08BFB2F1FF3F85
:102F240005D052EA0301206803D100F0EDFC3034EF
:102F3400C6E73146183000F085FEF8E7F5160020A4
:102F440060850000C085000001800000E8030020C7
:102F5400B02370B5144E86B003FB0066134B0122F8
:102F640005930F23CDE903320023CDE90133142364
:102F74004FF4A0720E4D0F4903FB0055044602FBAB
:102F840000110D4B3046009500F0E4F9737B2C746E
:102F940023F004037373094B013403EBC423EE6081
:102FA4006B6006B070BD00BF380300204B8F00007B
:102FB400F80B0020F8260020F57E0000F81E002003
:102FC400BFB50020FFF74AFF294B03F5006282F3E7
:102FD400088883F30A880024E023264D264F85F8C9
:102FE4002230EC772C766C76AC7685F820406B6AD0
:102FF40043F4E0236B6285F82340FDF729FFFEF7D5
:103004009BF84FF0FF33AB62EB62FEF721FAFEF759
:10301400B7F81A4800F004FAFEF70EFB0120FFF798
:103024001DFF0220164DFFF719FF00F0E5FB154BBD
:1030340015495D61154B4FF4006205930123284641
:10304400CDE90343CDE901443B46009400F082F905
:1030540006466A7B284622F004026A7304F0A2FF43
:103064002046FFF775FF3A4631462846FEF742F8F8
:10307400F81E002000ED00E0912E000098040020CE
:10308400E8030020F80B002038280020508F0000AF
:10309400002038B5054C064DAC4200D338BD20465F
:1030A40004F0C6FE0028F9DB1C34F5E758010020C3
:1030B4005801002073B50C46EFF31181202585F3E8
:1030C4001288BFF36F8FC5685DB125602B68C3603C
:1030D400836901338361002081F31188BFF36F8F0B
:1030E40011E052EA030603D16FF00B002560F3E709
:1030F400CDE900230246083000F07CFA18B9034BEE
:103104009B681B69236002B070BD00BFF80B0020F0
:103114002DE9F341044617461E46EFF31188202398
:1031240083F31288BFF36F8FC368334A7BB180681F
:103134009168884219D057EA060318D188F3118898
:10314400BFF36F8F6FF00F0002B0BDE8F08191689C
:1031540091F90E100133E36093682161A36088F351
:103164001188BFF36F8F0020EEE72169F2E791F930
:103174000E1090F90E306FF07E029942A8BF1946E6
:103184009142B8BF11468B422DDD04F0BCFE0546CA
:1031940022464146CDE90076184800F02BFA002873
:1031A400E1D0EFF31186202383F31288BFF36F8FEE
:1031B400A068D0B1236821699C420AD04BB193F92D
:1031C4000E309942A8BF19466FF07E039942B8BFEA
:1031D400194604F098FE40B13146084800F09EFAC2
:1031E4006FF00A00B0E70025D2E7002DF4D186F392
:1031F4001188BFF36F8FF3E7F80B0020F616002059
:10320400F8B583680546002B40D0234A9268934260
:103214003FD1C368012B03D9013BC3600020F8BD33
:10322400EFF31187202383F31288BFF36F8F0169B3
:10323400806804F068FE2C68A54207D10023C5E924
:10324400023387F31188BFF36F8FE7E7002CF5D0C3
:10325400D4E90032002613605A60637BC4E9006637
:1032640023F002036373A66004F1180004F008FF5E
:10327400AC6094F90E3020462B61C4F8AC6004F0C5
:1032840091FE3946054800F049FAC7E76FF015008A
:10329400C5E74FF0FF30C2E7F80B0020F616002018
:1032A40070B5EFF31186202383F31288BFF36F8F79
:1032B4000468A0421BD0D4B1D4E9003200251360C5
:1032C4005A60637BC4E9005523F002036373A5606D
:1032D40004F1180004F0D4FE2046C4F8AC5004F005
:1032E40061FE3146BDE87040064800F017BAD0E9E7
:1032F40002329A4218BF0133836086F31188BFF308
:103304006F8F70BDF616002013B5EFF311812024E2
:1033140084F31288BFF36F8F846844B1013C8460E6
:1033240081F31188BFF36F8F002002B010BD52EA01
:10333400030406D181F31188BFF36F8F6FF00F0080
:10334400F3E7CDE900230246014800F053F9ECE726
:10335400F61600202DE9F04F984685B000F1580389
:10336400C0E91633129B002503730423D61D26F0EF
:1033740007064373119B01EB060A0F46C0E9065585
:10338400514685608373C5730446DDF838B0DDF8B3
:103394004C90FDF74FFB109B073020F00700C4E969
:1033A4002576C4F89C0002930F9BAAEB0006CDE996
:1033B40000B33246434639462046FDF77FFE0F9B55
:1033C400C4E9188BA366109B6565E366EFF311836C
:1033D400202282F31288BFF36F8F104F3A6A3C6247
:1033E400226783F31188BFF36F8FB9F1000F11D0F7
:1033F4001F22494604F1740004F0A0FE84F893509F
:10340400BB680BB1D3F8A0303046C4F8A03005B087
:10341400BDE8F08F84F87490F2E700BFF80B002049
:1034240040F2011383810023C0E92533C0F8A030A2
:10343400014B9860704700BFF80B00206FF00A0141
:10344400094A9368C3F8AC100849C3F8A8004B684C
:1034540043F080534B60002383F31188BFF36F8FD5
:103464009368D3F8AC007047F80B002000ED00E03F
:1034740070B590F90D20437B002A36DBD90634D190
:103484001B4C63F07F032246437352F8183FE169F3
:10349400934207D1C0E900210860E06111E099423C
:1034A400F8D01B68002BF5D090F90E5093F90E60FC
:1034B400B542F4D0AE42F2DD5968C0E9003108608B
:1034C4005860A569954200D005B9E568A3685A7BA0
:1034D400D20604D1DA897F2A01D9AA6932B1AB4272
:1034E40002D0284600F00AFB656170BD6361FCE709
:1034F400F80B002038B590F90D200146002A437BD3
:1035040004DA03F07F03437304F012FD0D4D2A46E1
:1035140052F8184FAB68944200D004B9EC688B425F
:1035240007D05A7BD20604D1DA897F2A01D9A2694D
:103534002AB1A34202D0204600F0E0FA23466B6190
:1035440038BD00BFF80B0020B3F1FF3F08BFB2F154
:10355400FF3F03D00249183000F074BB704700BF2E
:103564000180000070B590F90D200146002A437BCC
:1035740004DA03F07F03437304F0DAFC1C4C4B7B46
:10358400224663F07F034B7352F8183FE06993427D
:1035940007D1C1E900200160E16111E09842F8D04F
:1035A4001B68002BF5D091F90E5093F90E60B542CB
:1035B400F4D0AE42F2DD5868C1E9003001605960D0
:1035C400A569A368954200D005B9E5688B4207D088
:1035D4005A7BD20604D1DA897F2A01D9AA692AB191
:1035E400AB4202D0284600F089FA2B46636170BDD5
:1035F400F80B0020F8B5DDE906670D4B0C4698681A
:1036040011460C4A1060EFF31182202282F31288D3
:10361400BFF36F8F9D68284604F09CFC2846324611
:103624003B46FFF791FF2046BDE8F840FFF706BF91
:10363400F80B00201C0C0020F8B50446EFF31187AA
:10364400202383F31288BFF36F8F437B49B203F0C7
:103654001F02002A0CBF0126002639D103F07F0384
:103664002D4D437304F064FC2A46437B817363F05D
:103674007F03437352F8183F934227D1E869C4E9A2
:1036840000200460EC610FE09842F8D01B68002B26
:10369400F5D093F90EC06145F6D08C45F4DD596838
:1036A400C4E900310C605C60AC69944200D004B998
:1036B400EC68AB689C4202D0204600F01FFA6C61B3
:1036C40087F31188BFF36F8F3046F8BDE869DEE7F2
:1036D4009B071ED5856804F02BFC81732B689D42E3
:1036E40009D16B68C4E900531C606C60E8E76A6840
:1036F4009342F6D01B68002BF3D093F90E2091422D
:10370400F5D08A42F3DD5A68C4E9003214605C6083
:10371400D6E78173D4E700BFF80B002049B9EFF373
:10372400058030B9054B5A699B689A4201D0FFF76E
:1037340085BE81F31188BFF36F8F7047F80B0020AB
:10374400034648B9EFF3058232B9064A51699268D3
:10375400914201D0FFF772BE83F31188BFF36F8FDC
:10376400704700BFF80B0020EFF31181202383F38F
:103774001288BFF36F8F054B9A68D37B013BD373D9
:1037840081F31188BFF36F8F704700BFF80B0020DF
:1037940070B5EFF31186202383F31288BFF36F8F84
:1037A400144DAB68DA7B0132DA732A4652F8184FAB
:1037B400944200D004B9EC685A7BD20604D1DA8969
:1037C4007F2A01D9A2692AB1A34202D0204600F07F
:1037D40095F923466B6186F31188BFF36F8FEFF37E
:1037E4001180202383F31288BFF36F8FBDE87040EC
:1037F400FFF7A6BFF80B0020024B03F11802C3E940
:1038040006227047F80B002070B5EFF311862023D1
:1038140083F31288BFF36F8F1B4CA168E0690B68B8
:10382400814214BF1A46002249680B605960A3689C
:10383400E1692AB9154AC3E900210B60E3610CE090
:1038440093F90E0092F90E50A84218D0854216DD65
:103854005168C3E900210B605360A5690B4B9D427D
:1038640000D005B9E568A3689D4202D0284600F05F
:1038740045F965613046BDE87040FFF7DFBD8A4217
:10388400D8D01268D5E700BFF80B0020100C002038
:10389400F8B550EA010306460C4603D1FFF7B4FF1E
:1038A4000020F8BDEFF31187202383F31288BFF3C0
:1038B4006F8F124D124BA8681860FFF71BFEA868A3
:1038C400234632460F49183000F0BCF9AA68044672
:1038D400537B384643F004035373FFF7AFFDAB68E3
:1038E400D3E90A23B3F1004F08BF002AD8D104F06A
:1038F400EFFB201A20EAE070D3E700BFF80B0020AA
:103904001C0C00200180000038B50446EFF311853B
:10391400202383F31288BFF36F8F437B5B070FD59C
:10392400183004F0ADFB637B204623F0040363737B
:10393400FFF79EFD2946BDE838400448FFF7EEBE78
:1039440085F31188BFF36F8F38BD00BFF6160020D2
:10395400014B9868704700BFF80B00202DE9F8432D
:103964000446077BEFF31185202383F31288BFF30A
:103974006F8F437B190705D585F31188BFF36F8FCC
:10398400BDE8F883D90943F0080260D14273A36803
:1039940013B1204604F0D4FA04F1180004F070FBCB
:1039A400A66D04F15808B04511D04FF0000976B166
:1039B400304604F0C5FA06F1180004F061FB304605
:1039C400C6F8AC90FFF754FDA66DB045EFD1DFF813
:1039D400C480D8F808309C4241D1EFF30589B9F18D
:1039E400000918BF4FF00109D8F818602A4A964216
:1039F40000D00EB9D8F80C60B34202D0304600F0C3
:103A04007DF82046C8F8146003F0CEFB204600F091
:103A1400CDF8B9F1000F02D02048FFF701FDD8F826
:103A240008309C4231D1EFF3058373BB227BD2076C
:103A340018D42846FFF702FDFB07A1D5002383F322
:103A44001188BFF36F8F0423184602DF98E703F051
:103A54007F0343F00803437304F06AFA97E74FF0D7
:103A64000009C1E785F31188BFF36F8F83F31188D1
:103A7400BFF36F8F0423184602DFEFF31180202376
:103A840083F31288BFF36F8FD4E785F31188BFF3F4
:103A94006F8FD1E7F80B0020100C00209804002051
:103AA4000122044BC01A044BC0105843034B1A5450
:103AB400704700BF48050020ABAAAAAAF61600204A
:103AC400C3897F2B12D80A4B1B6863B1094B90F949
:103AD4000E201B689A4209DB437BDB0606D1064BAA
:103AE400C31A18BF012303F0010070470023FAE74B
:103AF400D0000020200C00203803002070B50E4BAD
:103B04000E4C1E7C054606EB460304EBC30420461C
:103B140004F0B6FA00220A4B28469A55FFF7D0FF64
:103B240048B1084B2046BDE870401A680649013A7E
:103B3400D31700F087B870BDF80B002048050020AB
:103B4400F6160020D0000020A53A000038B5EFF3A7
:103B54001185202383F31288BFF36F8F104B114A12
:103B64009C681068A04206D1FFF7C8FF85F311884E
:103B7400BFF36F8F38BD00211B7C11600A4AD35CF0
:103B8400002BF3D02046FFF79BFF0028EED0637B89
:103B9400DB0602D12046FFF7E5FC2046E4E700BF40
:103BA400F80B00201C0C0020F6160020EFF3118106
:103BB400202383F31288BFF36F8F0A4A136A834268
:103BC40007D11B6F136281F31188BFF36F8F7047A6
:103BD4001346002BF7D01A6F8242F9D1026F1A678D
:103BE400F1E700BFF80B0020024B1868984208BFA9
:103BF40000207047D4000020034B1B680BB9FEF76C
:103C040093BC0020704700BF240C002030B570B175
:103C14000B4B5B6898420AD0036843B1D3E9042193
:103C2400D0E90445121941EB0501C3E90421D0E9A7
:103C3400003213605A600023C0E9003330BD00BF76
:103C4400D4000020B3F1FF3F08BFB2F1FF3F2DE9DC
:103C5400F84F0446994615461F467AD08160EFF323
:103C64001188202383F31288BFF36F8FB9F1000FFB
:103C7400DFF8E4A020DBFFF7BFFFDAE90027013516
:103C840049F100092D1849EBE07306464FF001098C
:103C9400C4E90453AD1843EB0707FFF7A5FF034638
:103CA400DFF8B8E0DEF804A0EBB9C4E900EACAF82A
:103CB4000040CEF8044028E06FF00103DAE9001276
:103CC4005B1A4FF0FF3161EB02025B1B62EB0902EE
:103CD400012B72F10001BCBF012300224FF0000947
:103CE400C0E90432D9E7D3E9041CD4E904208A42A8
:103CF40070EB0C0B24DA891A5A686CEB0000C3E9E8
:103D04000410C4E9003214605C60FFF76DFF844264
:103D14000ED1134B1B685BB9B9F1000F02D1FFF749
:103D24006BFF0646304604F094F90021FEF7CEFB03
:103D340088F31188BFF36F8F28463946BDE8F88FA2
:103D4400521A60EB0C009A45C4E90420ADD01B68FC
:103D5400AAE700252F46EFE760050020D4000020E5
:103D6400240C00202DE9F047EFF31185202383F381
:103D74001288BFF36F8FDFF8A0900026C9F8000007
:103D84000027FFF731FFDFF89480D9F80030D8E935
:103D940000ECD91750B1D0E90442A34271EB020AF6
:103DA4001BDAE41A62EB0102C0E90442002413EBBB
:103DB4000E034CEB01012046C8E90031C9F800406C
:103DC40004F047F92146FEF781FB85F31188BFF320
:103DD4006F8FBDE8F047FFF7B9BE14EB0E024CEB52
:103DE400E473C0E90467C8E90023FFF70FFF85F314
:103DF4001188BFF36F8F83689847EFF311852023F1
:103E040083F31288BFF36F8FD9F800301B1BC9F8F6
:103E14000030FFF7E9FEB8E7240C0020600500201D
:103E240010B5EFF31184202383F31288BFF36F8F4F
:103E3400FFF7E2FE0346054AD2E90001181841EBF8
:103E4400E37184F31188BFF36F8F10BD6005002008
:103E540010B50C4C236813B10B4B1B682BB900F045
:103E64005FFE30B90122084B1A6001232360002051
:103E740010BD0138072801D9044810BD044B53F87C
:103E8400200010BD2C0C0020280C0020FE8FFFFF0A
:103E9400A8870000BFF34F8F0549064BCA6802F498
:103EA400E0621343CB60BFF34F8F00BFFDE700BF59
:103EB40000ED00E00400FA0530B44FF0FE320025B6
:103EC4000B4B0C4C0C494968C3F80024C3F8042478
:103ED400C3F80824C3F80C24C3F81024C3F814242A
:103EE400C3F81824C3F81C24C4F8005530BC084790
:103EF4000050845000408450DC000020024BD0E984
:103F04000012C3E900127047DC000020144B2DE9B5
:103F1400F043002814BF04461C46124F236883B0A4
:103F2400BB4219D016460D4620464FF4E07104F109
:103F3400040900F0EDF804F58E78484600F0D0FC52
:103F4400404600F0F3FA2B464A464046064900969E
:103F540000F002FB08B92760002003B0BDE8F0833D
:103F6400300C0020A5BCC95A6949000070B50D4C3D
:103F74001D46002814BF064626460B4B306882B007
:103F840098420DD106F58E700026334600961446ED
:103F940000F032FB002818BF34462C6002B070BD1C
:103FA4000248FBE7300C0020A5BCC95AE88FFFFF8C
:103FB40010B5044650B1636813F0685F05D0064A33
:103FC400934202D000236260236010BD034B044877
:103FD4005B689847EFE700BF2C5F5CA9DC0000201A
:103FE400C8870000C8B143680D4A934213D013F048
:103FF400685F0ED0012350E8002F194640E8001CEA
:104004009CF0000FF7D1012AF5D0BFF35F8F002099
:10401400704704487047044870476FF4E0407047A5
:104024002C5F5CA9E98FFFFFEA8FFFFF034680B195
:10403400426809498A420AD012F0685F05D0BFF38A
:104044005F8F002210461A60704704487047044886
:1040540070476FF4E04070472C5F5CA9E98FFFFF65
:10406400EA8FFFFF10B5044620B10023034A236002
:10407400626010BD0248FFF71FFFF6E73A00003AFE
:10408400F087000070B5194CD0F804C00668C4F875
:1040940004C0D0F808C0C068C4F808C0E060266056
:1040A4000868134B134D18604868D5F818215860F8
:1040B400886812F0685F9860C8680969D8601961F7
:1040C40012D000230C4A05F58A70C5F81431C5F8DE
:1040D400B831C5F81821C5F8BC21B047236805F5E7
:1040E400DC70BDE87040184770BD00BFF8000020C8
:1040F400E4000020300C00202C5F5CA938B131B101
:10410400002201440346013081421A70FAD17047FB
:1041140038B131B1002201440346013088421A709B
:10412400FAD170472DE9F04FB2F5C07FBDB000F26F
:10413400DA800C46DFF8B491154600214FF4D072B2
:1041440082460DF17C08484603F0F0FF404601F03A
:1041540059F930232146002409F118062A4689F822
:10416400173030466BBAA9F81230A9F8104003F0A2
:10417400B6FF8022234672550DF12B0101F8013F51
:104184000133202BFAD14FF4807240460BA901F081
:104194004FF98346002840F0A38005F1190313ADBD
:1041A4002F4607AE0293CDF80CA001960495102279
:1041B4000021019803F0BAFFDFF834A1DDF808B05C
:1041C40005970A9B5AF8044C089F099A07995AF8CC
:1041D400100C5AF80C6C5AF8085C5C40019B7E4049
:1041E400554081EA00071A4601214046CDE9077689
:1041F400CDE9095401F03EF9BBF1100F94BFABEBCC
:104204000B0BABF1100B0AF1100A002847D1BBF1DC
:10421400000FD6D1059F10223846019903F05FFFA5
:1042240099F8033010370133474589F80330BED17C
:10423400049D4FF4807229464046DDF80CA0019E8F
:1042440001F0F6F8834678BB54460AF130071BABFD
:104254001A460121404601F00DF9834620BB102285
:1042640020461BA9144403F03AFFA742EFD140466D
:1042740001F0D8F84FF4D0711C48FFF749FF2846E5
:104284003021FFF745FF0BA82021FFF741FF3046FF
:104294001021FFF73DFF58463DB0BDE8F08F83463F
:1042A400DDF80CA0019E049D404601F0BBF84FF4DC
:1042B400D0710E48FFF72CFF28463021FFF728FF66
:1042C40020210BA8FFF724FF10213046FFF720FF21
:1042D40030215046FFF71CFF58463DB0BDE8F08F33
:1042E40013AD07AEE0E76FF0370BF5E7000E0020E3
:1042F400100E00202DE9F0418CB004460D4630220A
:10430400002168466F4603F011FF04F12006E27BAA
:104314000132D2B2E273002A4DD1A27B0132D2B271
:10432400A273002A47D1637B0133DBB26373002B92
:1043340041D1237B0133DBB22373002B3BD1E37ADE
:104344000133DBB2E372002B35D1A37A0133DBB244
:10435400A372002B2FD1637A0133DBB2637253BB98
:10436400237A0133DBB223722BBBE3790133DBB253
:10437400E37103BBA3790133DBB2A371DBB96379C6
:104384000133DBB26371B3B923790133DBB2237137
:104394008BB9E3780133DBB2E37063B9A3780133FB
:1043A400DBB2A3703BB963780133DBB2637013B93A
:1043B4002378013323703B4622460121304601F025
:1043C40059F88046002841D110370CAB9F429ED14A
:1043D400029AAB680399534002933046EE68D5F8CD
:1043E40020804E40039604992E69D5F828C04E408B
:1043F40004966E6905990B9F4E4005960699AE6921
:10440400009B4E400696EE6907994FF480724E4029
:104414000796089ED5F824E088EA0608099E8EEAE5
:10442400060E0A9E8CEA0601EE6A7E402F687B40E7
:1044340000936B68019D6B400193CDE9088ECDE933
:104444000A16694600F0F4FF804638B16846302108
:10445400FFF75EFE40460CB0BDE8F0811022204616
:1044640008A903F03CFEF1E72DE9F8431D468369F2
:10447400B3F5C07F52D81646C3F5C072AA424DD3D5
:10448400C5F5C072D31AB34248D30446DFF89890F6
:104494004FF4C0720F464846002103F047FE4946D8
:1044A400D4F89430A269D4F898009847002838D1F9
:1044B400D4F818803DB1D4E925302A4609EB080127
:1044C400984770BBA84407B1C6B917494246084685
:1044D400FFF728FE054638B14FF4C0711248FFF7C4
:1044E40017FE2846BDE8F88320460F49FFF702FF70
:1044F40005460028F0D101232361EDE73946324611
:1045040009EB080003F0EBFD0749B04442460846B6
:10451400FFF708FE05460028DED1E5E76FF0370512
:10452400DFE76FF03305DCE7A00F002010B5A4220D
:104534000021044603F0FAFD4FF0FF314FF6F0720C
:10454400044B2161E26104F19C001B68BDE810404A
:10455400184700BF480100202DE9F047054688B000
:104564000F461646002120226846984603F0DEFDD9
:104574001F4B05F19C0948461B689847044618B12F
:10458400204608B0BDE8F08705F1200A504600F047
:1045940039FFAA69C5E92576F2B920232E69AB61F2
:1045A400002E22DB694650464FF4807200F040FF33
:1045B400044630B9334641462846109AFFF754FF63
:1045C40004460C4B48461B689847002818BF04460D
:1045D400204608B0BDE8F0872E69002EE2DA2F2AC3
:1045E40096BF013226465608DCE71026DAE700BFFC
:1045F40044010020400100202DE9F04FB2F5806F06
:1046040091B01A9F00F2E380B7F5807F00F2DC805E
:10461400044615460E463022002104A8984603F0AD
:1046240085FD6C4B04F19C0948461B6898478346FA
:10463400002840F092802269E3699A4200F3918055
:104644006369002B40F08D80002F40F0A980DFF8D3
:1046540088A16F46002D00F098806F4604F1200871
:104664000EE0102DAB4628BF4FF0100B30463946F4
:104674005A4603F034FDB5EB0B055E4400F085802B
:10468400E37B0133DBB2E373002B4DD1A37B013316
:10469400DBB2A373002B47D1637B0133DBB26373BB
:1046A400002B41D1237B0133DBB22373002B3BD19D
:1046B400E37A0133DBB2E372002B35D1A37A013301
:1046C400DBB2A372002B2FD1637A0133DBB26372A6
:1046D40053BB237A0133DBB223722BBBE37901335F
:1046E400DBB2E37103BBA3790133DBB2A371DBB9A2
:1046F40063790133DBB26371B3B923790133DBB27C
:1047040023718BB9E3780133DBB2E37063B9A37827
:104714000133DBB2A3703BB963780133DBB263705E
:1047240013B92378013323703B46224601214046C6
:1047340000F0A0FE8346002893D0DAF80030484603
:1047440098470346302104A8002B18BF9B46FFF767
:10475400DFFC10213846FFF7DBFC584611B0BDE8FA
:10476400F08F3A46414600232046FFF77DFEDFF8EE
:1047740068A000283FF46DAF4846DAF80030984747
:10478400834600283FF465AFE7E7204604A9FFF716
:10479400B1FD83460028D0D1236901332361CCE7DE
:1047A4003A46414604A8FFF7BDFC834618B16F465C
:1047B400DFF824A0C1E7204604A9FFF79BFD834648
:1047C40000283FF444AFF2E76FF0370BC5E76FF012
:1047D400350BC2E744010020400100202DE9F043DD
:1047E400202B1D460646884691468BB026D8DBB260
:1047F40002AF8DF80480B04658F8041B8DF80530DC
:1048040021B9404600F078FE044640B90123022253
:104814004046336001A900F083FE044638B13846AF
:104824002021FFF775FC20460BB0BDE8F0832A4633
:104834004946404600F074FE0446F0E702AF1946CC
:10484400104600233A4600F0F1FF04460028E6D162
:104854002023B9461D46CCE72DE9F041D0F8F830C5
:10486400A6B0002BD8BF02AE31DD05460027D0F834
:104874000C4102AEA4F101089022D5F8FC40314667
:10488400D0F8000101AB0197B8FA88F8A0474FEAC5
:104894005818044620B9019B53B9B8F1000F16D03B
:1048A40030469021FFF734FC204626B0BDE8F08165
:1048B400014632462846FFF791FF58B9D5F804312E
:1048C400019A1344C5F80431B8F1000FE8D16FF030
:1048D4003C04E5E70446204626B0BDE8F08100BF6D
:1048E40070B500250446142204F588762946C0F8DC
:1048F400F850FC3003F01AFC08222946304603F035
:1049040015FC144B30461B689847204640F8045B5E
:1049140000F0D8FD104B30461B689847C8B9D4F84E
:10492400F830AB420FDC03EB830204EB820220215C
:10493400C2F800010120C2E9421008490133C2F85B
:10494400FC10C4F8F830064B3046BDE870401B68D4
:10495400184770BD480100204401002005530000A1
:10496400400100202DE9F047202A88B07AD83F4B37
:1049740000F5887904461B684846174688469847D8
:104984000546F8B940F20116D4F8F830002B65D08A
:104994002046FFF761FF054638B9D4F8F830002BFC
:1049A40014DC013EF2D16FF03B056E462021304607
:1049B400FFF7AEFB2E4B48461B689847002818BFEC
:1049C4006FF01D05284608B0BDE8F087D4E94132F0
:1049D400934203D3D4F80C21012A02D0013ED7D14B
:1049E400E1E71F2BFAD96E4601462022304604F136
:1049F400040A03F09BFB3146504600F0BBFD05461C
:104A04000028D3D1504600F071FD504600F05AFD05
:104A14002946504600F070FD05460028C6D1504690
:104A24002022314600F07CFD05460028BED1034615
:104A340032462021304600F0F9FE05460028B5D163
:104A4400D4F8F8303A46002BC8BF0023404631461C
:104A5400C8BFC4F8043103F042FBA7E76FF03F0579
:104A64006E46A3E76FF03B05ACE700BF44010020AE
:104A740040010020002130B58DB0282202A8019108
:104A840003F054FB02A800F0F9FE044610B12046DE
:104A94000DB030BD1B4D4FF0FF31286800F034F9E4
:104AA40060BB194BD3F8340E10F0010017D100F09D
:104AB4005BF9F8B9154A02A901A800F013FC0446F1
:104AC400012000F051F988B9286800F025F9002880
:104AD400DDD00F48FFF7F0F920460DB030BD28684F
:104AE400052400F019F90028D1D0F2E70948FFF7AE
:104AF400E3F9E9E70848FFF7DFF9DBE70748FFF7E1
:104B0400DBF9CEE72C010020006084502011002046
:104B14006C8800004C8800002C8800001488000079
:104B240030B583B000F036F878B900F055F890B994
:104B3400144BC3F80C0AFFF79DFF0446F8B9124D55
:104B44002B6863B1204603B030BD032400F072F833
:104B5400204603B030BD0424204603B030BD0246D5
:104B64000146FFF7D3F950B96822084901ABFFF7B2
:104B7400FDF920B92046064B2B6003B030BD052457
:104B8400E0E700BF0050845040130020441300208D
:104B94005AEA5A5A00207047430504D54FF0FF32B1
:104BA400034BC3F80821024BC3F8080A704700BF3F
:104BB40000508450014BC3F8040A704700508450DD
:104BC40008B100F071B84FF47500704708B100F0F7
:104BD4004FB84FF47500704710B5114800F080F8D5
:104BE40000B110BD0F4800F07BF80028F9D10E4C3D
:104BF400204600F075F80028F3D10C4B0C481C60DB
:104C040000F06EF801460028EBD100F02DF80446C0
:104C140008B1204610BD00F089F82046FAE700BF2D
:104C24003C01002038010020340100202C01002028
:104C34003001002008B5084800F05CF8074800F08F
:104C440059F8074800F056F8064800F053F8BDE854
:104C5400084000F00BB800BF3C01002038010020E0
:104C6400340100203001002000207047704700BF4D
:104C740010B402460B4C01E0134207D1D4F8003AB9
:104C840013F48070F8D0012042F4807229B1054BEE
:104C9400D3F804410C60C3F80841024BC3F8082A56
:104CA40010BC7047005084500246084901E01A4283
:104CB40007D1D1F8003A13F48070F8D0012042F4FF
:104CC4008072024BC3F8082A704700BF005084501A
:104CD40003F012BA03F02ABA0A46002103F026BAF6
:104CE40008B5034B02681B6810689847002008BD8C
:104CF400F800002008B5034B02685B681068984709
:104D0400002008BDF8000020024B02689B68106870
:104D1400184700BFF800002008B5034B0268DB68A1
:104D240010689847002008BDF800002070B5094CB1
:104D3400094D2069AB68984718B1084B08485B686F
:104D440098470021074AEB6811602069BDE870406C
:104D5400184700BFE4000020F8000020DC00002019
:104D640084880000AC130020F8B51A4D1A4E04468E
:104D7400B26828699047E8B9184F3B684CB1A3B1B1
:104D8400012B19D0013B3B602869F3689847002048
:104D9400F8BD43B90121124AC2F800151149D1F8EE
:104DA4001029002AFBD101333B60F3682869984736
:104DB4000020F8BD0C48F8BD0A4AD2F81039002B7F
:104DC400FBD1074A6FF07E40C2F80035FFF7F2FED0
:104DD4003B68D7E7E4000020F8000020AC13002073
:104DE4000040845000508450E98FFFFF014B1B6842
:104DF400184700BFF8000020014B9B68184700BF0C
:104E0400F8000020014BDB68184700BFF8000020C1
:104E14002DE9F041002873D00C46002970D01D46BE
:104E2400002B6DD007461AB1012200232A600360CB
:104E34002B68002B5FD02946204600F0D9FD804620
:104E440000285AD12146286800F0B8FD8046002881
:104E540053D12868082867D0042867D0A0F102003D
:104E6400B0FA80F040090121314EC6F8C411C6F8E9
:104E74004011C6F8C411636AC6F83031D6F830213F
:104E84009342F6D10023C6F82C314FF0FF33C6F815
:104E940008316FF01B03C6F80031C6F80C01D6F8D0
:104EA400040A40F48060FFF785FE0A23C6F838310F
:104EB400069B012B29D023691E4AA2FB03231B094D
:104EC400626A404602FB03F303EB4303184ADB0325
:104ED4009B09C2F8D8310123C2F82C313B682A68F7
:104EE40023F07F4343EA02633B602A6843EA0223D8
:104EF4003B60BDE8F081DFF840804046BDE8F081CA
:104F0400DFF838804046BDE8F0814FF47F03D3F8E2
:104F14000C2C013206D0D3F80C3C064AA2FB032326
:104F24001B09CDE71623CBE703209CE702209AE771
:104F340000508450ABAAAAAA310CF100350CF10040
:104F440058B34B1EB3F5047F27D230B54FF0000E93
:104F5400CD00744671464B0901F01F0C50F8233004
:104F6400BCF11F0F23FA0CF306D003F0010319B9A7
:104F740001211C468E46EEE79C4201F1010106D058
:104F84001C464FF0010EA942E5D1002030BD0EF1C0
:104F9400010E9645F7D1024830BD0148704700BF65
:104FA400360CF100C0B32DE9F0434C1EB4F5047F78
:104FB4001DD2E3B1DAB100252E46A8462C46CF0017
:104FC40003F1FF394FEA541C04F01F0E50F82C1063
:104FD400BEF11F0F21FA0EFC0CD00CF0010C4CB9E1
:104FE4000126E04634463546ECE7964216D90C488D
:104FF400BDE8F083AB420BD0C44508BF0136A945D8
:10500400F3D001350134BC42DCD10020BDE8F0838B
:105014000125E0462E46F5E7014870471D46F1E7B5
:10502400370CF1002DE9F04F8FB08246DDE91946C7
:105034000D46002E6ED1096904911C600023189955
:105044000B60002A00F02881994B6A6AD3F8381162
:10505400D3F830319A4269D10A2967D19AF80330DA
:10506400069304F1080305930423049A0393914BD4
:105074008F4CA3FB023B4FEA9B0B0BEB4B0BA2EBBE
:105084004B0B189B049E1E60002E00F0E580002749
:1050940000F0BEFC0797BAF1000F00F0D0804FF08B
:1050A4000109DDF81480002D00F0C980069B002B57
:1050B4003ED0284606A900F09BFC00283AD07E4B3F
:1050C400984220D0069B082B00F0E08000225B0071
:1050D4000693294606AB50460092FFF799FE774B9C
:1050E400984200F0CF8070B9DAF80020130A03F474
:1050F4007F03134323F07F43CAF80030039B013B33
:105104000393BED10020039000F082FC03980FB0FB
:10511400BDE8F08F4FF47F01D1F80C0C01300CBFC7
:105124004FF40471D1F80C1C049186E76448EAE753
:105134006248C4E72946069800F040FC0028BED126
:10514400069B082B00F0A480042B00F0A380A3F19D
:105154000203B3FA83F35B09C4F8C491C4F8409121
:10516400C4F8C4916A6AC4F83021D4F830118A4270
:10517400F6D10022C4F82C214FF0FF32C4F80821E4
:105184006FF01B02C4F80021C4F80C31D4F8040AEF
:1051940040F48060FFF70EFD0A23C4F838312B6910
:1051A400444AA2FB0313696A1B0901FB03F303EBE3
:1051B4004303DB039B09C4F8D831C4F82C91069847
:1051C400DAF8003023F07F41030243EA00630B4323
:1051D400CAF8003007A800F0E1FB079B354A03F04A
:1051E4001A0303437FF46EAFA2FB0632D4F81431E2
:1051F400B7EB920F0893D4F818310993D4F81C3103
:105204000A93D4F820310B93D4F824310C93D4F8B6
:1052140028310D9302D1BBF1000F12D14046182260
:1052240008A9183EFFF754FD08F1180801379EB18C
:1052340000F0EEFB00230793002D7FF437AF2148E5
:105244003DE740465A4608A9A6EB0B06FFF740FD8A
:10525400D8440137002EEBD1049F059E6A69394674
:105264003046FFF76DFEAA6940B94FF480633946B2
:105274003046FFF797FE00283FF444AF0023189A06
:1052840013601CE72B6A002B3FF43DAF0E483AE74E
:10529400032361E702235FE7012229465046009673
:1052A40006ABFFF7B5FD00283FF4DBAE2BE700BFEC
:1052B40000508450ABAAAAAA020CF100310CF100F0
:1052C400300CF100350CF100320CF10010B4DDE9C2
:1052D400013401940024DDF80CC0CDE902C410BCF3
:1052E400FFF7A0BE30B51546012487B005AB009387
:1052F4000022CDE9015404ABFFF794FE07B030BDA2
:10530400F0B587B0002967D01E46002B64D0144640
:10531400002A61D0324F0D4638684FF0FF31FFF755
:10532400F3FC00283DD12F4BD3F8340E10F00100CC
:1053340015D04FF0FF354FF408712B48FEF7DEFE11
:1053440004212A48FEF7DAFE29482821FEF7D6FE72
:105354003868FFF7E1FC40BB284607B0F0BDFFF713
:1053640003FD002834D1224800F088FA70B91E4A9F
:105374000346029205AA019204AA039000921C49D2
:1053840002461A48FFF7A2FF0346A0B14FF0FF35CB
:105394000120FFF7E9FC0028CDD01648FEF78CFD6C
:1053A400C9E71548FEF788FDBDE71448FEF784FDFC
:1053B400284607B0F0BD28461D46059B22469C4260
:1053C40028BF1A46049932600831FFF781FCDFE7F1
:1053D4000B48FEF771FDC6E74FF0FF35BCE700BF91
:1053E4002C01002000608450DC130020B013002046
:1053F400B41300204C88000014880000A488000026
:105404002C88000010B5044630B1002201236265E7
:10541400A265E365236610BD0148FEF74DFDF4E780
:10542400BC88000018B174220021FFF753BC7047F8
:10543400C8B1D9B108B50023C02A836380F83C30D1
:105444000FD0B2F5807F04D0802A03D06FF01F0004
:1054540008BD02230363D2081030FFF739FC002093
:1054640008BD0123F6E76FF0210070476FF01F00BD
:10547400704700BF70B5044686B0F8B11046EAB173
:10548400E3B101291AD8A26B16D0012A16D110252E
:1054940000210DEB0506019602AA616329460095D9
:1054A40000F0C8FA50B92B463246204602A900F053
:1054B40073FD18B906B070BD002AE8D06FF0210062
:1054C400F8E700BF10B5044628B12046BDE81040F7
:1054D400F421FFF701BC0448FEF7EEFC2046BDE8CA
:1054E4001040F421FFF7F8BBD088000010B1F4217C
:1054F400FEF704BE704700BF08B521B1012908D0EA
:105504006FF0360008BD012100F058F80028F7D1EB
:1055140008BD022100F052F80028F9D0F0E700BFDE
:1055240030B505468818B0F5801F0B461446A1B067
:1055340001D8802A0CD9B3F5801F17D92246194601
:10554400284600F07DF8044684B9204621B030BDD9
:105554006846FFF7BDFB22466946284600F070F80E
:10556400802104466846FFF7B7FBEDE76FF0360489
:10557400EBE700BF70B5E8B10E46D9B1044600F0C0
:1055840031F80546B0B92368012B0BD0022B01D0AA
:10559400284670BD1C22304604F10801FFF798FB31
:1055A400284670BD2022304604F10801FFF790FB25
:1055B400284670BD6FF03605EAE700BF78B138B50C
:1055C4000D46F0210446FFF787FB40232046256063
:1055D400E36500F061FA003818BF012038BD0120EE
:1055E400704700BFF0B5056EA5B0044604AEE5B93A
:1055F40000230127019330466760294602AA0093DD
:1056040000F018FA10B1012025B0F0BD2A4620465A
:1056140002A900F069FA0028F5D1204600F06CFBDD
:105624000028F0D1206625B0F0BD802D2A463046F2
:1056340028BF802204F16401FFF74AFB256ED7E7F7
:10564400002800F0AE802DE9F04F1446A5B0002AE2
:105654003DD00F46002949D0B2F5803F0546006E83
:1056640020D34FF6FF7805F1640AEB6D1A1AB2FBEA
:10567400F3F103FB1122002A65D18342B9464FF6A8
:10568400FF7672D0B6FBF3FB03FB0BFBBBF1000F01
:1056940030D1002E45D1A4F57F44FF3CB4F5803FC2
:1056A4004744E2D2EA6D161AB6FBF2F302FB136624
:1056B400A64228BF2646002E75D1824200F08D8076
:1056C400B4FBF2F602FB06F62EB9002C79D10020C9
:1056D40025B0BDE8F08F002331463846CDE90033CC
:1056E40002AA00F0A7F9002800F09580012025B057
:1056F400BDE8F08F002359464846CDE9003302AA9D
:1057040000F098F90028F1D15A46284602A900F081
:10571400EBF90028EAD1A6EB0B06286ED944002E3B
:10572400B9D019304946324605EB8000FFF7D0FA6C
:10573400A4F57F44286EFF3C3044B4F5803F4744D1
:10574400286692D2AEE7424528BF424616463946FD
:105754005044FFF7BDFA286EEB6D3044834207EBEB
:1057640006092866A8EB06068CD1802B28BF802367
:1057740051461A4604A8FFF7ABFA0023E96D02AAC2
:10578400CDE9003304A800F055F90028AED128462D
:10579400EA6D02A900F0A8F90028A7D1EB6D2866EC
:1057A40070E70120704705F1640339463246184416
:1057B400FFF78EFA286EEA6D3044A41B374428663E
:1057C4007BE72B6E2246193305EB83003946FFF73E
:1057D4007FFA2B6E23442B6679E7802A28BF802228
:1057E40005F1640104A8FFF773FA0023E96D04A826
:1057F400CDE9003302AA00F01DF900287FF476AF4A
:105804002846EA6D02A900F06FF900287FF46EAF14
:10581400EA6D286654E73246284602A900F064F986
:1058240000287FF463AF3744A41B4EE7F8B51C4649
:105834000546114816460F46FFF744FE21460E481A
:10584400FFF75AFE044620B10B48FFF74FFE2046EF
:10585400F8BD3A4629460848FFF762FE0446002888
:10586400F2D131460448FFF785FE04460248FFF7AB
:105874003DFE2046F8BD00BFFC1500201C2370B57A
:1058840082B001A90546019300F032F8044638B904
:10589400019B1C2B07D0144C1C212846FFF71CFA33
:1058A400204602B070BDD5E90112131E18BF0123B2
:1058B400003918BF0121012628689B00EA6843EAE1
:1058C4004103002818BF43F00103EE612AB9C5E97A
:1058D4000834002BE4D1054CDEE7204643F00803EE
:1058E400C5E9083402B070BD370CF0000E0CF000AE
:1058F400034618B111B10A681C2A01D0012070476F
:105904004FF47F02D2F8101C01310CBF40F2DC517D
:10591400D2F8101C4FF47F020160D2F8141C01313C
:105924000CBF40F2DC51D2F8141C4FF47F024160EA
:10593400D2F8181C01310CBF40F63401D2F8181CFF
:105944004FF47F028160D2F81C1C01310CBF40F679
:105954003401D2F81C1C4FF47F02C160D2F8001C41
:1059640001310CBF9021D2F8001C4FF47F02016179
:10597400D2F8041C01310CBF5121D2F8041C4FF49D
:105984007F024161D2F8081C002001310CBF40F2B3
:105994003732D2F8082C9A61704700BF014608B527
:1059A4004FF48060FFF712F90022034BC3F8C821BB
:1059B400C3F82C2108BD00BF0050845001380728CB
:1059C40005D8DFE800F0100E040A040404060748B2
:1059D4007047CB6800204B6270478B6800204B6295
:1059E40070474B68F6E70B68F4E700BF310CF10031
:1059F4000B6802E0082B0B6006D8026A13424FEAD8
:105A04004303F7D00020704700487047310CF10081
:105A1400002310B5064C4FF48060C4F82C31C4F850
:105A2400C431FFF7B9F84FF0FF33C4F8083110BDA3
:105A3400005084502DE9F041002482B015461E46E2
:105A440001220DF107030746DDF824808DF8074095
:105A540000F05AFFD0B99DF8073004462F602B712F
:105A6400B8F1000F0ED04EB10246089930460DF140
:105A7400070300F049FF48B99DF80730C8F80060F3
:105A840088F80430204602B0BDE8F0814FF4750474
:105A9400204602B0BDE8F081D8B108B50368012BF7
:105AA40004D0022B0FD043B10B4808BD20220B4970
:105AB4000830FFF70DF9002008BD1422084908300A
:105AC400FFF706F9F7E7202206490830FFF700F947
:105AD400F1E74FF4730070470100F300E088000021
:105AE40020890000008900002DE9F047002900F01A
:105AF400EB800446002800F0EB800368884691465A
:105B0400002B00F0B580013B012B00F2C9804FF05F
:105B1400FF3171484FF0020AFFF7F6F8002840F011
:105B2400B1800020FFF720F90746002840F0B48038
:105B34006A4DD5F81069002EFBD14FF0FF30FFF706
:105B44002BF8D5F8040A20F40060FFF733F801239A
:105B54000722C5F81838C5F82038C5F80029C5F853
:105B6400C437C5F8A466A36CC5F8CC37E36CC5F894
:105B7400D037C5F8C0A723685BB1013B012B18D807
:105B8400636AC5F85C36236AC5F85836E369C5F814
:105B94005436A269514BC3F850266269C3F84C26A7
:105BA4002269C3F84826E268C3F84426A268C3F809
:105BB4004026B9F1000F56D063684FF40060012B02
:105BC40004BF464AC2F8843698F80430D8F8001066
:105BD400424A5B0003F00203C2F80C3BC2F8281CE3
:105BE400C2F82C9CFEF7ECFF0746236863B1013B27
:105BF400012B19D8394BD3F85C266262D3F85826A6
:105C04002262D3F85436E361344BD3F85026A261B0
:105C1400D3F84C266261D3F848262261D3F844268F
:105C2400E260D3F84036A360002201212B4BD3F865
:105C3400CC07A064D3F8D007E064C3F8C417C3F852
:105C44008426C3F8C827C3F81828C3F82028AFBB94
:105C54000120FFF789F868BB1F48FFF75DF818BB00
:105C64003846BDE8F08704221C4BC3F8C827BCE7BC
:105C74004FF0FF3118484FF0010AFFF745F80028AC
:105C84003FF44FAF1648FEF717F90020FFF76CF802
:105C9400074600283FF44CAF1248FEF70DF947E7DA
:105CA400114F3846BDE8F0871048FEF705F938462D
:105CB400BDE8F0870E48FEF7FFF8CDE7102104F1A8
:105CC4000800FFF709F8C3E70A4F3846BDE8F08734
:105CD4004FF47307C4E700BF3C0100200050845018
:105CE400148800002C8800000100F3006C88000078
:105CF4004C8800000300F300A0B3034670B4D0E95D
:105D04000240D3E9041226BA05BA0CBA10BAC3E9A0
:105D14000440D3E90612986A09BAC3E9026512BAC3
:105D2400996100BAD3E9084125BA0CBAC3E9072539
:105D3400D3E90B12C3E9094009BAD86B12BAD96284
:105D4400D3E90D4125BAC3E90C250CBA00BAD3E94D
:105D5400101209BA12BAC3E90E40196400205A6439
:105D640070BC70474FF47300704700BF70B50028D3
:105D74004DD0436B0446032B3CDD063B012B3BD843
:105D8400A36B012B3BD8E36D012B3DD8236E012B74
:105D940041D8224ED6F81059002DFBD14FF0FF30D8
:105DA400FEF7FAFED6F8040A20F40060FEF702FFBC
:105DB4000123C6F80039C6F8BC54636B23F004020F
:105DC400032A18BFA16B226B0CBF294601F0010105
:105DD400022A17D89B0003F01C0343EA02330F4A3C
:105DE4000B43C2F8C034636B072B06D10123C2F8FE
:105DF4007C3402E0002BC3DA094D284670BD094DFE
:105E0400284670BD084DF8E7084D284670BD4FF48C
:105E14007105284670BD064DEFE700BF0050845061
:105E24000100F1000200F1000600F1000300F1009E
:105E34000400F10000287DD038B590F83C300446C9
:105E4400002B55D0022B23D03C483D4D2A683D4BB6
:105E54001268C3F800242A685268C3F804242A6824
:105E64009268C3F808242A68D268C3F80C242A6804
:105E74001269C3F810242A685269C3F814242A68E2
:105E84009269C3F818242A68D269C3F81C2438BD5F
:105E9400016B006C00F032FB294D0028D6D12A6832
:105EA400284B1268C3F800242A685268C3F80424F3
:105EB4002A689268C3F808242A68D268C3F80C24B4
:105EC4002A681269C3F810242A685269C3F8142492
:105ED4002A689269C3F818242A68D269C3F81C2472
:105EE400216B206C00F020FB0028AFD1002038BDCE
:105EF4000269144BC3F800244269C3F8042482697C
:105F0400C3F80824C269C3F80C24026B013A012ABD
:105F1400ECD8026AC3F81024426AC3F81424026B52
:105F2400022AE3D1826AC3F81824C26A0020C3F8A3
:105F34001C24DCE74FF47100704700BF0900F10036
:105F44002801002000508450114A124B116809683E
:105F5400C3F8001411684968C3F804141168896807
:105F6400C3F808141168C968C3F80C1411680969E6
:105F7400C3F8101411684969C3F8141411688969C5
:105F8400C3F818141268D269C3F81C24704700BF00
:105F940028010020005084502DE9F04F85B00029DD
:105FA40058D01746002A55D00446002800F0DC805B
:105FB4009846C36D0E46002B42D1B8F5805F44D29B
:105FC40094F83C30042B00F0C7804FF0000A4FF0E7
:105FD400FF31B548FEF798FE002840F0B980002054
:105FE400FEF7C2FE002840F0AF804FF00109DFF851
:105FF400BCB22046CBF81098CBF82098FFF7B6FE39
:10600400054620B92046FFF715FF054638B3BAF117
:10601400000F40F085800022A44B0120C3F8102813
:10602400C3F82028FEF7A0FE002840F089809E488F
:10603400FEF772FE00287CD1284605B0BDE8F08F3B
:10604400012BBDD1B8F5803FBAD3994D284605B090
:10605400BDE8F08F974D284605B0BDE8F08F636B1F
:10606400072B00F2CA8009FA03F919F08A0F40F0ED
:10607400D38019F0440F40F0C28019F0010F00F0F2
:10608400BC8033793A795B0002F0010203F0020329
:106094001343864A31683868C2F80C3B636B23F0BB
:1060A4000403032B0AD0236E012B0BBFC2F8280D67
:1060B400C2F8300DC2F82C8DC2F8348DE36D4FF464
:1060C4000060012B794B0BBFC3F8281CC3F8301CAC
:1060D400C3F82C8CC3F8348CFEF772FD05460028F7
:1060E40095D1626B072A15D80123934013F08A0FC8
:1060F40040F09F8013F0440F0CD06C4BD3F8602415
:106104002260D3F864246260D3F86824A260D3F8D0
:106114006C34E3600123A365BAF1000F3FF47BAF55
:106124000423202104F1100084F83C30FEF7D4FD50
:1061340071E76148FDF7C0FE284605B0BDE8F08F61
:106144005E48FDF7B9FE72E75D48FDF7B5FE4CE722
:106154005C48FDF7B1FE42E7216B206C00F0B8F912
:1061640028B14FF0010A32E74FF4710564E7DFF814
:1061740058914E4DD9F800301B68C5F80034D9F851
:1061840000305B68C5F80434D9F800309B68C5F862
:106194000834D9F80030DB68C5F80C34D9F800307D
:1061A4001B69C5F81034D9F800305B69C5F814349C
:1061B400D9F800309B69C5F81834D9F80030DB6988
:1061C400C5F81C34216B0229CBD8236D4FEAC10AD0
:1061D4000193E36C0AF1100A04F1100B0093CDF85B
:1061E4000CA0CDF808B0206CD4E9112300F09CFA7F
:1061F40068BB002384F83C30B3E7344D07E72368D9
:10620400CBF860346368CBF86434A368CBF86834A3
:10621400E368CBF86C3434E72368CBF84034636824
:10622400CBF84434A368CBF84834E368CBF84C3457
:1062340027E71E4BD3F840242260D3F8442462603D
:10624400D3F84824A260D3F84C34E36062E7D9F869
:10625400003051461B685846C5F80034D9F8003060
:106264005B68C5F80434D9F800309B68C5F8083475
:10627400D9F80030DB68C5F80C34D9F800301B6954
:10628400C5F81034D9F800305B69C5F81434D9F86E
:1062940000309B69C5F81834D9F80030DB69C5F8BB
:1062A4001C34FEF719FDA4E73C0100200050845083
:1062B4000500F1000B00F1006C8800004C88000020
:1062C4002C88000014880000280100200100F1003F
:1062D4002DE9F04701B3FAB10446002854D01D4615
:1062E400436B0E46072B1BD05DB9032B10D1836D76
:1062F40073B945668566C5660567102500F16403B4
:106304000B602B4631462046BDE8F047FFF744BEFC
:106314002F463846BDE8F087644F3846BDE8F0871D
:10632400C36DA3BBB5F5805F36D20DB9A36D9BBB1E
:106334004FF0FF315E48FEF7E7FC00284CD1002007
:10634400FEF712FD002843D14FF00108DFF86491F5
:106354002046C9F81088C9F82088FFF707FD0746CA
:10636400E0B10022534B0120C3F81028C3F82028C1
:10637400FEF7FAFC40BB4E48FEF7CEFC0028C8D01E
:106384004D48FDF799FDC4E74FF47107C1E7012BB0
:10639400CBD1B5F5803FC8D3484FBAE72046FFF7C5
:1063A40049FD07460028DCD1636B072B0AD808FA9D
:1063B40003F818F08A0F13D118F0440F5AD118F0CB
:1063C400010F19D13E4FCCE73E48FDF775FDD2E7EA
:1063D4003D48FDF771FDB7E73C48FDF76DFDAEE7BD
:1063E4002368C9F840346368C9F84434A368C9F819
:1063F4004834E368C9F84C3401212E4AC2F87C14AD
:10640400C2F8BC54337930688B4003F00203C2F8FD
:106414000C3BE5B9A36D0BB9C2F82415626B072ACE
:106424009FD80123934013F08A0F30D113F0440F07
:1064340097D0204BD3F860242260D3F864246260A0
:10644400D3F86824A260D3F86C34E36089E7E36D81
:10645400012B0BBFC2F8280CC2F8300CC2F82C5C1C
:10646400C2F8345C4FF40060FEF7AAFB0028D5D0D4
:10647400074676E72368C9F860346368C9F864346A
:10648400A368C9F86834E368C9F86C34B4E7094B05
:10649400D3F840242260D3F844246260D3F848241B
:1064A400A260D3F84C34E3605BE700BF0B00F1005B
:1064B4003C010020005084506C8800000500F1006D
:1064C4000100F1004C8800002C88000014880000B2
:1064D4007F2809D851B10139022909D805497F28F3
:1064E4000CBF0846002070470248704708467047B2
:1064F400014870470100F7000300F7007F2809D81E
:1065040051B10139022909D805497F280CBF084631
:10651400002070470248704708467047014870479A
:106524000100F7000300F7000129F0B407D00229A5
:1065340000F0898000295AD07248F0BC70470022CC
:10654400714C724B4FEAC00CC4F80015451C0CF595
:106554007F04C3F8082104F50444C3F80021C3F8F8
:106564000421C3F800556A4E2468B44240F0B38055
:10657400196002E0002940F0B580D3F80021D3F877
:106584000841D3F804112243F4D0002C40F0B18028
:10659400002940F0A78001245B4AC3F800150230AB
:1065A400C2F800455B4AC3F80811C3F80011C3F8E8
:1065B4000411C3F8000552F80C00574A904240F009
:1065C4008E80524A1C6002E0002840F08B80D2F892
:1065D4000031D2F80811D2F804010B43F4D0002999
:1065E40040F08C8000287DD1C2F8000528E0012409
:1065F400464BC200444E204402F57F02C6F80045D3
:1066040002F50442C3F80811C3F80011C3F80411D9
:10661400C3F800053E4D1268AA4260D11C6001E037
:1066240000285FD1D3F80021D3F80811D3F804016E
:106634000A43F5D000295CD1002853D1C3F80005E2
:106644000020F0BC704701250022304B2E4F4FEA4A
:10665400C00C44190CF57F01C7F8005501F504413D
:10666400C3F80821C3F80021C3F80421C3F8004586
:10667400274E0968B1422ED11D6000E091BBD3F8CA
:106684000021D3F80841D3F804112243F6D084BB87
:1066940041BB01241C4AC3F800150230C2F800456E
:1066A4001C4AC3F80811C3F80011C3F80411C3F855
:1066B400000552F80C00184A904210D1134A1C608D
:1066C40000E078B9D2F80031D2F80811D2F8040108
:1066D4000B43F6D083E7C3F8002510482DE7C3F831
:1066E4000015FAE70022094B0D48C3F80025F0BC59
:1066F40070470022C3F800250A481EE70023C2F8A9
:106704000035F9E70C00F10000408450009003507C
:10671400005484500884FF00105484500600F7008D
:106724000200F7000100F7002DE9F0470024CCB087
:10673400824689461646214674220EA81F46579D56
:10674400DDF8588101F0F2FC802221462CA82B941C
:1067540001F0ECFC8423B5F57F6FCDE90A440D9478
:106764000C94059364D8FFF7EFFB05AB30462BAED2
:1067740001933946DDE954230295009600F064F84C
:10678400002850D1022307228DF813309DF81330CE
:106794001B928DF8743000220123012410211C90D7
:1067A4000EA8CDE92423CDF86890CDF878A02694DE
:1067B400FEF792FA10220DF1200900923046059955
:1067C4000AABCDF8049006AAFFF734F9074688B15E
:1067D4001EE0102D2E4628BF10260EA93246FEF7C5
:1067E40077FA10210EA8FEF777FA0134AD1B37446F
:1067F400E4B222D0059B4A4606A90EA88DF8AC4007
:10680400FFF766FD034608EB0700002BE1D01F46A7
:106814000EA874220021FEF75DFAFFF795FB3846B7
:106824004CB0BDE8F087064F38464CB0BDE8F08761
:10683400044F38464CB0BDE8F0872F46E8E700BF68
:106844000E00F1000F00F1002DE9F041002482B0A8
:106854000A9D0194B5F57F6F40D8ED00B5F5807FB2
:106864001E4634BF0323042301F1FF3CBCF13F0F58
:106874000C46009332D888B3174666BB089A6AB3AD
:10688400099A116851B3A2191344994226D3089B5B
:1068940001462246581CFEF71BFA089B04F1020825
:1068A4001C440023637026BB089BFF2D009503EB5B
:1068B400080017D92B029BB243EA1523022201A92F
:1068C4000193FEF705FA08F102030020099A136008
:1068D40002B0BDE8F0810AB1402ECFD9094802B018
:1068E400BDE8F08101226946FEF7F2F908F10103DF
:1068F400EBE7089B324603EB08003946FEF7E8F95C
:10690400B044D1E70600008000201870704700BF33
:106914002DE9F04F43688DB0154680460293837885
:106924009A0740F10D8100240E78002E00F00A81B0
:10693400252E0BD04B1C0393013441463046029B59
:1069440098470028C0F2F6800399EDE74E788B1C37
:10695400252E0393F0D00027B946BB46BBF11F0F89
:1069640038D8A6F12003102B0AD8DFE803F02A094F
:1069740009300909092109090928092D09091F00F4
:10698400A6F13003092B33D92A2E37D11BF0400F3F
:1069940055F8043B40F08280002BA7BF4BF0200B3E
:1069A4009946C3F100094BF0280B01E04BF0010BB1
:1069B400039B13F8016B0393002ECFD130E04BF00F
:1069C400020B4BF0040BF3E74BF0080BF0E74BF032
:1069D400100BEDE7BBF17F0F19D8A6F13003092B9B
:1069E400D2D81BF0400F03D00A2101FB0737DFE7A1
:1069F4000A214BF0200B01FB0939D9E72E2E06D1D1
:106A04001BF0400F40F09E804BF0400BD0E76C2E03
:106A140031D02BD8682E36D06A2E3CD04C2E3AD0AA
:106A2400002F46F02003B8BF2BF04002A3F165010C
:106A3400BCBF00271FFA82FB022901D9612B2FD189
:106A440007350727DFF8ACA225F0070508351BF04A
:106A5400080F66D00AEB070B56465E4563D1A4EBDC
:106A64000A0AA9EB070906EB0A026FE1742E9FD00C
:106A74007A2E9DD0D4E71BF0800F18BF4BF4007B17
:106A84004BF0800B94E71BF4807F18BF4BF4007B22
:106A94004BF4807B8CE74BF4207B89E71F4687E728
:106AA400A6F16301122900F2F080DFE811F013006F
:106AB4004F00EE00EE00EE00EE004F00EE00EE00A0
:106AC400EE00EE00EE00FE00E900EE00EE001B001A
:106AD400EE00AF0055F8043B01270DF1180A8DF8BC
:106AE4001830B4E755F804AB834BBAF1000F08BF74
:106AF4009A461BF0400F504614BF39464FF0FF3101
:106B040001F02CFB0746A2E741462020029B984750
:106B140000280FDB013EB742F6D34C44B146A41B18
:106B240098E74E46F7E7414616F8010B029B984753
:106B3400002892DA98F8023043F0040388F802300F
:106B44004FF0FF3420460DB0BDE8F08F1BF0800FEE
:106B540034D01BF4007F2CD0073525F00705AA4656
:106B640069685AF8080B2BF010050029ADB237DA22
:106B7400404245F4806561EB41010DF1180B0A2395
:106B84005A4601F0F7FAA0EB0B0301936B0662D5AA
:106B9400019B25F001019F4289B240F3A180002EA0
:106BA40000F0998015F0100240F09C80BB460D4621
:106BB40023E0AA465AF8040BC117D4E7AA461BF4EB
:106BC400807F5AF8041B01D10846F5E71BF4007FC7
:106BD40019BF48B241F3C01108B241F3C031C2E752
:106BE40050EA0103C9D11BF0400FC6D0002FC4D115
:106BF4002BF01102BB46019795B240F2064115EA0B
:106C040001021CBF0BF1010B00222CE02BF010023F
:106C14000A231FFA82FB1BF0800C49D01BF400717D
:106C240015BF0735AA4625F007055AF8040B1EBF01
:106C3400AA4669685AF8080B50EA010545D12BF0B9
:106C440016051BF0400FADB242D0002F40D12BF0FF
:106C54001702019795B215F0100248D0019B002E3F
:106C640042D103F1010B29075AD4EB0706D5D945C4
:106C74006FDDA9EB0B030199CB465F185B4649E036
:106C84004BF0100B10237826C5E7782B04D1C6F1FE
:106C9400780343F01003BEE741462520029B984742
:106CA4000028FFF647AF023447E608230026B2E780
:106CB400AA461BF480715AF8040BBDD01BF4007172
:106CC4001ABFC0B2614680B2B6E72BF0060295B295
:106CD4000DF1180B54E725F01105BB46ADB28CE756
:106CE4000D46B8E73B460D4603F1020BBBE7DDF862
:106CF40004B082E75C8F0000558F0000CDE90432B8
:106D040041462020029B98470028FFF613AF049BBE
:106D1400059A01339945F1DCA4EB0B019B46CC1891
:106D24000AB341463020029B98470028FFF602AF81
:106D34008EB901342744391B019B994224DC1D463A
:106D440055BB019AA9EB0B095546224414469144BC
:106D540033E0019F92E7023441463046029B984754
:106D64000028E7DAE6E640F206410D42E2D015F0EB
:106D7400020F04F10104414614BF2B20202015F416
:106D8400806F18BF2D20E9E741463020029B013473
:106D940098470028CFDACDE606AB013D4146585D61
:106DA400029B98470028CBDAC4E641462020029B88
:106DB400013498470028FFF6BDAEA9EB0403002B6D
:106DC400F3DCC1E57047014640F2E73008B54FF403
:106DD4007A72002300EBC1304914F9F7B9F9BDE820
:106DE400084001F00FB9836800EBC101B3F5004F0F
:106DF4002CBF51F8220031F81200704700EBC1019A
:106E04008068B0F5004F2CBF41F8223021F81230D1
:106E14007047012208B5FFF7E6FFD04008BD83683C
:106E240000EBC101B3F5004F08D34B681AB143F02E
:106E340001034B60704723F00103FAE74B881AB152
:106E440043F001034B80704723F00103FAE753003A
:106E54000122FFF7D3BF8368481CB3F5004F34BF4A
:106E6400042308230833A0EBD300B0FA80F0C0F168
:106E74001F0070472DE9F0410D4686680446FFF770
:106E8400C8FFB6F5004F014601D3012832D0204691
:106E9400FFF7E1FF04EB80010E6996B90122E36874
:106EA40082401343E36002220D612B4629462046AB
:106EB400FFF7A4FF032229462046BDE8F041FFF76F
:106EC4009DBF022231462046FFF78DFF0746034649
:106ED40029462046FFF792FF0322334629462046DF
:106EE400FFF78CFF39462B462046FFF787FF022227
:106EF4003146E1E7BDE8F081B2F5802F2CBF0823CD
:106F040004232DE9F0410026D21A8C18CD1D25F05A
:106F1400070524F00704641BE4080560214628469D
:106F2400AC60EE60FFF797FF421D9200013002F162
:106F340007074FEAD7073146A2F1100205F1100006
:106F4400B8BF324601F0F2F83A4631462846FFF718
:106F54007EFF3346324631462846FFF74FFFA4EB07
:106F64000708284631460122FFF759FF42463946B1
:106F7400FFF76DFF3B46324639462846FFF73EFF92
:106F840021462846FFF763FF4346324621462846FA
:106F9400FFF734FF214628460122FFF740FF394618
:106FA400BDE8F041FFF766BF002070470FB407B596
:106FB40004A951F8040B0191F9F78EFA03B05DF8B6
:106FC40004EB04B07047038B13F0070305D1036887
:106FD400002B0CBF002003207047022B05D1408BEF
:106FE400B0FA80F0400980007047012B05D1036896
:106FF400002B0CBF0020052070470020704710B5FF
:107004000C4600B111B96FF0150010BD081D00F059
:1070140093F80028F9D1A368032BF6D9F3E72DE9F7
:10702400F0410D4607461946281D90461E4600F0BD
:1070340094F8044638B13346424629463846A446B5
:10704400BDE8F0416047BDE8F08110B4EFF3118270
:10705400202484F31288BFF36F8F416110BC012197
:10706400F9F76CBA38B50C46054658B151B10B68FE
:1070740043B14B6833B11C22002101F057F80020C2
:107084002C6138BD6FF01500FBE770B505460E4660
:10709400FFF7B5FF041E14DBEFF31182202383F303
:1070A4001288BFF36F8F4FF6FF716B8B2C8B8B4263
:1070B40004F0070407D182F31188BFF36F8F6FF0D8
:1070C4000A04204670BD022C0CD101336B8382F379
:1070D4001188BFF36F8F0023224631462846FFF7FD
:1070E4009EFFEEE7062C14D8DFE804F00413131314
:1070F400041A0400002333606B683BB9C5E90066D9
:10710400ACB902212846F9F719FADAE71E606E6075
:10711400F6E782F31188BFF36F8F6FF00404D0E7B2
:1071240082F31188BFF36F8F6FF08504C9E782F390
:107134001188BFF36F8FC4E7034658B1426802F069
:107144000302012A03D0032A04D1026812B10020E9
:10715400986070476FF0150070474268034602F06C
:107164000302032A4FF00002816014BF1046006836
:107174005A6070477047FEE700F0D8BF00F0AFBF19
:1071840001460068F9F722BC08B5F9F74FFCBDE8E1
:107194000840F9F76FBC00210120F9F717BCD0F8BB
:1071A400943083F30B8870476FF08500704761B6A5
:1071B40062B680F31188BFF36F8F704708B572B65B
:1071C400002383F31188BFF36F8FFAF703FA50B1EA
:1071D400BFF34F8F30BF00BF00BF00BF00BF00BF71
:1071E40000BF00BF00BF62B6BFF36F8F08BD10B50C
:1071F400044672B6002383F31188BFF36F8FFAF746
:10720400E9F950B1BFF34F8F20BF00BF00BF00BFEB
:1072140000BF00BF00BF00BF00BF84F31188BFF3ED
:107224006F8F62B610BD40E800F313F4803FD8B20C
:1072340008BF6FF01500704730B50C684B6885B017
:107244000A894D890094013B24F01F04234402F071
:107254001F0242EA451223F01F0369468DF80820F5
:107264000393F9F7C3FF05B030BD08B5FAF77EF90B
:10727400002008BD4FF05023012270B50C4605468E
:10728400C3F814260020FAF727FA28462346BDE857
:107294007040002118470C220369C9B201FB023374
:1072A400986F00F00700704770B5C9B20369EFF337
:1072B4001185202484F31288BFF36F8F0C2606FBFC
:1072C4000134A46F14F0C00408D0A24206D085F3A0
:1072D4001188BFF36F8F4FF0FF3070BD012206FBA2
:1072E40001339A6785F31188BFF36F8F436803EB0B
:1072F400C1035B6898470020EFE78022FFF7D4BF03
:10730400F8B5069F0469C9B2EFF31186202585F309
:107314001288BFF36F8F0C2505FB0144A56F05F0A0
:10732400070CBCF1010F0CD1A76786F31188BFF3DA
:107334006F8FC4E91C23436853F831309847002009
:10734400F8BD05F0C005AF4286F31188BFF36F8F17
:107354000CBF6FF077004FF0FF30F1E713B58024D6
:107364000094FFF7CDFF02B010BD10B41C240069D7
:10737400CBB203FB0400002110BC1047032000F033
:10738400DDB9022000F0DAB9032000F0E6B90220EA
:1073940000F0E3B91046FBF783BF00F067BAFBF7D0
:1073A4001DBB002208B511461046FCF7AFFD0028AE
:1073B40018BF6FF0150008BDF7B50F4616464FF419
:1073C40080650024A64203D816D0162003B0F0BD71
:1073D400331BB3F5806F38BF1D4600202A4601AB2E
:1073E4003919FCF7C3FD20B9019BAB4201D12C44F0
:1073F400E8E76FF01500E9E70020E7E743680020BD
:107404005B681B690B607047436802EA01005B68B4
:1074140021EA020198600020D96070474368002087
:107424005B6899607047436800205B68D960704767
:1074340043685A68536821EA03000B4090600020B7
:10744400D360704710B503695868F8B1884219D100
:107454009C680868A142586000D1986000200860C8
:107464002AB15A680A609A68596002B99960002082
:1074740010E0814206D10868206098688142EDD10D
:107484009C60EBE7044600680028F2D1002AE8D1AA
:107494006FF0150010BDFBF7E3BB30B54368136014
:1074A400057A446804EBC504A34202D36FF00100DB
:1074B40030BD5C798C4201D00833F0E70020F7E757
:1074C40043681B68D3F88004C3F88004704742689B
:1074D4001368D3F8100150B10020126A12780A70B0
:1074E400C3F81001D3F8102101221A6070474FF03D
:1074F400FF30704702680346D2F8580140B95B6810
:10750400DB0706D4D2F82001003818BF01207047E9
:107514000120704743681B68D3F80423D20517D5AC
:10752400D3F82021A2B1EFF31182202181F3128834
:10753400BFF36F8FD3F8201131B10021C3F82011AC
:10754400D3F820110121D96082F31188BFF36F8F22
:10755400D3F85831704713B501AA0446FFF79DFFCD
:10756400002805DB019B226819791868FAF7A2FC48
:1075740002B010BD6FF085007047F8B505460022D3
:1075840001210820F9F762FD0820F9F743FD6C6832
:107594000121E068FFF7DFFF6B6819682369C1F810
:1075A4002435A27D637D207D1343228B0243134344
:1075B400C1F86C356E68D6E9004313F001033CD082
:1075C4002F6904F10C0107F1080204F5907000F032
:1075D400A1F8002830DB387AFBF7B8F80823C4F8A0
:1075E4000035F369C4F844350023C4F84835012351
:1075F400A360D4F85831002BFBD00026C4F80065F2
:107604006B683146D868FFF7A6FF6D683146E868B5
:107614002C68FFF7A0FF0823C4F800352A7A52B972
:107624002B6AC4F834350123C4F83835C4F8102162
:10763400D4F8102123600020F8BD0822C4F80025E6
:10764400F269C4F84425C4F848350123A360D4F88A
:107654002031002BFBD00023C4F82031D4F8203192
:107664000123E3604FF48073C4F80433C1E70022BC
:1076740000F150039B009BB203F1502303F58033C8
:107684001A601B68704708B5FAF7BCFD08BDFCF723
:10769400DFBB08B5F9F774F8F9F75AF9BDE8084003
:1076A400FCF7D6BB03460020184700F08FBB024608
:1076B40010B5116891B1B1FA81F3C3F11F00012330
:1076C400834021EA0303D2E8EF4F8C4204D1C2E89D
:1076D400EC3FBCF1000FF6D1EBD110BD6FF00B0005
:1076E400FBE710B50368CB40DB0710D401238B40C4
:1076F400026843EA0201D0E8EF4F944204D1C0E8A3
:10770400EC1FBCF1000FF6D1F2D1002010BD6FF0D8
:107714001500FBE770B50D460021064608461446E1
:10772400FBF706F848B9237843F00043C6F88030E5
:10773400237843F00043C5F8803070BD03280BD88C
:10774400DFE800F002040608FBF748B9FBF774B859
:10775400FBF7FCB8FBF7B2B8704703280BD8DFE897
:1077640000F00402060800F02EB800F07FB800F024
:1077740062B800F044B8704708B5FBF779F8FBF736
:1077840071F9FBF701F9BDE80840FBF7B5B838B566
:107794004FF050240123C4F808336360002342F2FD
:1077A4001075C4F80031D4F80031D4F80C24D4F89E
:1077B4000C34D20306D5DB0704D50120FFF775FF8F
:1077C400013DF2D138BDFFF7E2BF38B54FF0502488
:1077D4004FF48073C4F808330123E361002342F2B9
:1077E4001075C4F82031D4F82031D4F85434DB03B4
:1077F40004D50120FFF759FF013DF6D138BDFFF74D
:10780400E4BF38B54FF050244FF40073C4F8083384
:1078140001236362002342F21075C4F82431D4F8C2
:107824002431D4F85C34DB0304D50120FFF73DFF99
:10783400013DF6D138BDFFF7E4BF38B54FF0502411
:107844000223C4F808330123E360002342F21075D5
:10785400C4F80431D4F80431D4F81834DB0304D563
:107864000120FFF722FF013DF6D138BDFFF7E5BF48
:10787400F7B51646DDE90847019001A81D46FBF758
:107884002BF9019BB6F1000C18BF4FF0010C00EB73
:1078940083000B1E18BF0123002D43EA4C0314BFC1
:1078A4004FF00C0C4FF0000C002C43EA0C0314BFF7
:1078B4004FF4706C4FF0000C002F43EA0C0314BF1C
:1078C4004FF4403C4FF0000CD0F8002243EA0C0384
:1078D40022EA030301B109780EB136787600194320
:1078E4000DB12D78AD0031430CB124782402294325
:1078F4000FB13F783F040C433C43C0F8004203B04F
:10790400F0BD1FB50DF10F03019300238DF80F1087
:107914001A4619460093FFF7ABFF05B05DF804FB68
:1079240010B504460846FBF7E9F804EB4004A08AC6
:10793400C0F3401010BD10B504460846FBF7DEF84E
:1079440004EB4004A08AC0F3400010BD10B5044607
:107954000846FBF7D3F804EB4004A08A400B10BDA3
:1079640070B5044608461646FBF7C8F8083034F8E4
:1079740010300D46DA0509D5C3F3432304EBC302E3
:107984003146284654F8333052689847A3682BB1DF
:1079940031462846E268BDE87040184770BD10B50E
:1079A40004460846FBF7AAF800B204EB4000838AB9
:1079B400DA051DD5C3F3432123F4F853838204F17C
:1079C400120204F1720032F8023F13F4807F03D0F4
:1079D400C3F3432399420BD08242F4D1002204EB37
:1079E400C1035A6004F17800BDE81040FFF779BE86
:1079F40010BDF0B504460020012705468446954293
:107A04000AD1D4F87C3133B10023C4F87C31D4F8E2
:107A14007C3140F00040F0BDEBB29B0003F5807672
:107A24009B0807FA03F3194208D054F806E0BEF1A4
:107A3400000F03D044F806C0A65918430135DEE709
:107A440038B504460D46FFF76BFFB0B12046FFF78B
:107A540072FF90B92046FFF779FF01232268834023
:107A6400C2F80833236800B203EB8003D3F810256F
:107A740022F00302C3F8102538BD2846BDE838407B
:107A84000021FFF73EBF2DE9F0431746044685B0B9
:107A94000846FBF733F8D7F800800E460546B8F1E0
:107AA400000F1FD02046FFF746FF18B12046FFF70E
:107AB40037FF30BB00230DF10F02CDE900338DF801
:107AC4000E308DF80F30304643460DF10E01FFF7AE
:107AD400CFFE2AB204EB4202938A23F0020343F05E
:107AE400010393827B68002B34D03146204693F8FF
:107AF4000080D3F80490FFF71EFF28B1B9F1000FFE
:107B04001FD06FF0150028E028B204EB4000838AF0
:107B140023F4604323F020038382B9F1000F10D0D3
:107B2400B8F1030FEDD87B6821685B6893F800C057
:107B340001EB8C01B8F1000F12D1C1F81085C1F826
:107B440010852AB204EB4202938A23F01C0343EA11
:107B540088039382BB684BBB002005B0BDE8F0836B
:107B6400D1F8102522F00302C1F81025226802EB97
:107B74008C03D3F8102522F44F3222F44072C3F858
:107B840010253202D3F8101502F47C5242EA08425E
:107B94000A43C3F8102504EB4C03A3F87C60838AE2
:107BA40043EA4C3343F020038382CAE73146D3E9E6
:107BB40000782046FFF7F3FE002FCDD063689F4284
:107BC40006D004F17800FFF772FD002804DAC4E758
:107BD400A3689845F5D1002004EBC003C3E90178FC
:107BE4002DB204EB4505AB8AC0B243EA402343F40B
:107BF4008073AB82B0E72DE9F043054685B00846B3
:107C040017461E46FAF77AFF0C46804637B32846D5
:107C1400FFF791FE18B92846FFF782FE28BB0FFA3A
:107C240088F905EB4909B9F8143013F01C0F02D098
:107C34007B78012B19D001238DF80F3000232046C7
:107C4400CDE900737A1CBB1C0DF10F01FFF710FE88
:107C5400B9F8143043F00303A9F81430002E41D0CE
:107C640021462846FFF767FE20B96FF0150005B0DE
:107C7400BDE8F083002237782B684FEA870C03EBCA
:107C84008703C3F81025C3F810250FFA88F205EB13
:107C94004202938A23F4604323F020039382707892
:107CA40000B32968B6786144D1F81035000423F490
:107CB400991323F4F853C1F81035230200F440302B
:107CC40003F47C5303433005D1F8105500F48010BD
:107CD40003432B43C1F81035938A43EA473343F0F7
:107CE400200393820020C2E7C0E90312704770B5F5
:107CF40004461546FFF714FE48B10846FAF7FEFE9F
:107D040004EB40040020A38A5B0B2B7070BD6FF062
:107D14001500FBE790F88C00003818BF012070476D
:107D2400FAF714BF2DE9F34104461746FFF7F8FDAF
:107D34000D46266800B32046FFF7FDFD8046D8B9FE
:107D44002046FFF703FE05B2AD0005F5807246F844
:107D540002802168B2582944D1F8102542F001026A
:107D6400C1F810252FB10122216802FA00F3C1F8ED
:107D7400043302B0BDE8F081D6F804332846002B62
:107D8400A4BF4FF00043C6F80433FAF7B7FE04EB80
:107D94004004A38AC3F38203042B11D0052B11D012
:107DA40001A80195FAF798FE019B0169D94001F0F9
:107DB40001010231284602B0BDE8F041FFF7A1BD40
:107DC4000321F7E70221F5E7FFF73ABE08B1F9F717
:107DD40071BC704710B5436904463BB90020E268A2
:107DE4004042537843F00103537010BD9847002874
:107DF400F4D00028B8BF4042FF28A8BFFF20E368A2
:107E04001870ECE740B1C368587810F001001EBF49
:107E14001878B0FA80F040097047EFF311832023FB
:107E240083F31288BFF36F8FFEE708B5FFF7F5FF02
:107E34004169826842EA010313F003030FD1C3606E
:107E44000369013B03FB0122002B01DA0020704788
:107E5400C168013B11604169C260521AF4E76FF0D6
:107E64001500704710B5C0E90432002381608361B6
:107E74000446FFF7DDFF0028A8BFC4E9004410BD95
:107E84002DE9F04105460F46EFF31188202383F3D3
:107E94001288BFF36F8FC668FEB90468A0421CD075
:107EA400DCB1D4E9003213605A60637BC4E9006634
:107EB40023F002036373A66004F1180000F0E0F8F5
:107EC4002046C4F8AC60276100F06CF8414605F127
:107ED4000800BDE8F041FBF721BC3E60AB69EF60F0
:107EE400013BAB6188F31188BFF36F8FBDE8F0816C
:107EF400202408B5EFF3118384F31288BFF36F8F46
:107F0400FFF75CF9F6E790F90E308B4201D0FBF7EE
:107F140093BB0020704703460020C3E90033C3E944
:107F240002007047EFF30580003818BF0120704746
:107F3400D0E9003213605A600023C0E9003370476F
:107F440008B5FFF7F5FF437B23F0020343730023D7
:107F5400836008BD38B504460D46FBF7CBFA637B56
:107F640043F002036373E5B1A5602B689D4209D118
:107F74006B68C4E900531C606C6012E06A689A4242
:107F8400F6D01B68002BF3D094F90E2093F90E1051
:107F94008A42F3D09142F1DD5A68C4E90032146098
:107FA4005C6038BD10B5EFF31184202383F312888D
:107FB400BFF36F8FFBF75CFA84F31188BFF36F8F05
:107FC40010BD014610B5EFF31184202383F312880A
:107FD400BFF36F8F437B13F0280F0AD183680BB173
:107FE400FFF7AEFF4B7B084623F004034B73FBF70C
:107FF4003FFA84F31188BFF36F8F10BD0121183845
:10800400FFF7DFBF38B504460D46FBF741FCB5F179
:10801400FF3F08BFB4F1FF3F0246204618D00020BE
:108024004FF47A7447F6FF730146C2FB0431B3F58B
:10803400004F71F100020BD36FF400429A4243F6F1
:10804400FF728A4132BF6FF00040D80B40EA4140D2
:1080540038BD08B50246FBF7C7FD70B1D0E904315D
:108064009B1A61EBE272B3F1004F72F1000104DA82
:10807400002AACBF1846002008BD6FF00040FBE7A3
:10808400024638B5EFF31185202383F31288BFF33A
:108094006F8F0368CBB1FBF7A7FD04461046FBF7CF
:1080A400B5FD00224FF000438442C0E9042306D109
:1080B400FBF7A2FDFFF7CDFF0021FAF707FA002036
:1080C40085F31188BFF36F8F38BD6FF01500F7E7A4
:1080D40008B5FBF7A5FE08BD00BF002070470A44A1
:1080E400431E914200D1704710B511F8014B9142E3
:1080F40003F8014FF9D110BD884210B501EB020419
:1081040002D98442234607D8431EA14208D011F85D
:10811400012B03F8012FF8E7024401468A4200D1FB
:1081240010BD13F8014D02F8014DF7E70244034670
:10813400934200D1704703F8011BF9E710B50139E8
:10814400044632B111F8013F013A00F8013B002B1B
:10815400F7D10021FFF7EAFF204610BD0246014493
:1081640010B58A42134603D01C780132002CF8D192
:10817400181A10BDF0B5C3F13707044603F01F0306
:108184001046FFB2082BE6B232D0102B3DD0650862
:10819400A40845EAC17544EA81748A082D1942EBA2
:1081A4005102290941EA02716D1842EB1212290A9F
:1081B40041EA02616D1842EB1222290C41EA0241A4
:1081C4006D1842EB1242AD1842F10002EC0844EA89
:1081D4004274D10804EB8402A6EB4205EDB2092DEA
:1081E4000CD90134A5F10A0541F10001EDB212E008
:1081F400E40806F0070544EA4174C908303554EA36
:10820400010200F8015BBDD1F0BD240906F00F05A1
:1082140044EA01740909092D84BFED19EDB2EDE7B3
:0C8224000148006870470000840A002038
:08823000587FFF7F01000000F0
:10823800B117000000000000000000009882000054
:10824800953000000000000000000000D882000007
:1082580000000000B88200009376000000000000D3
:1082680000000000F88200000000000018830000F1
:108278003D1B00000000000071230000000000000A
:10828800991500000000000097760000000000002B
:10829800E78E0000D0860000E48500004C01002035
:1082A800F80A00208118000000000000000000000B
:1082B800028F0000F8860000C085000050010020F1
:1082C8009C0B0020D91C00000000000000000000EA
:1082D8000E8F00000C870000C085000052010020AE
:1082E800A80B0020D91C00000000000000000000BE
:1082F800F28E000000000000F08600004E01002011
:1083080000000000A773000000000000000000004B
:10831800238F000020870000008600005401002001
:10832800B40B00207F750000797500000000000084
:10833800000000009B710000000000009B7100001D
:10834800000000009B710000000000009B7100000D
:10835800000000009B7100007D770000A9760000F6
:10836800000000009B710000000000009B710000ED
:108378001883000019750000000000009B710000C0
:10838800000000009B710000000000009B710000CD
:10839800000000009B710000340000209B74000066
:1083A800000000009B710000000000009B710000AD
:1083B800000000009B710000000000009B7100009D
:1083C800000000009B710000000000009B7100008D
:1083D800000000009B710000000000000124000064
:1083E800000000009B710000000000009B7100006D
:1083F800000000009B710000000000009B7100005D
:10840800000000009B710000000000009B7100004C
:10841800000000009B710000000000009B7100003C
:10842800000000009B710000000000009B7100002C
:10843800000000009B710000000000009B7100001C
:10844800000000009B710000000000009B7100000C
:10845800000000009B710000000000009B710000FC
:10846800000000009B710000000000009B710000EC
:10847800000000009B710000000000009B710000DC
:10848800000000009B710000000000009B710000CC
:10849800000000009B710000000000009B710000BC
:1084A800000000009B710000000000009B710000AC
:1084B800000000009B710000000000009B7100009C
:1084C800000000009B710000000000009B7100008C
:1084D800000000009B710000000000009B7100007C
:1084E800000000009B710000000000009B7100006C
:1084F800000000009B710000000000009B7100005C
:10850800000000009B710000000000009B7100004B
:10851800000000009B710000000000009B7100003B
:10852800000000009B710000000000009B7100002B
:10853800000000009B710000000000009B7100001B
:10854800000000009B710000000000009B7100000B
:08855800000000009B7100000F
:10856000B8010020F8160020000400004D040000AF
:1085700000000000000000000000000005000000F6
:1085800000000000CA890000000000000000000098
:1085900068020020F81A002000040000990400007E
:1085A00000000000000000000000000005000000C6
:1085B00000000000D689000000000000000000005C
:1085C000151D0000017400000D74000021740000EE
:1085D0002B740000357400008D1B000049740000EE
:0485E0000000000097
:1085E400E5180000FF720000617300000000000045
:0C85F4009B72000000000000000000006E
:0C860000D374000081200000C57400004D
:10860C00040000000F000000010000000800000042
:10861C002000000060000000700000000D00000051
:10862C000C0000000E000000500000007400000060
:10863C00A8000000FFFFFFFFFFFFFFFFFFFFFFFF92
:04864C00FFFFFFFF2E
:108650000338FDD870470000000000007B71000067
:108660001C000020140000200C000020000000006E
:1086700004000020C108000091070000E507000089
:108680005908000000000020000000000600010062
:10869000020000009886000000000000D08E00005C
:1086A00006000000E0FF0F0000000020D88E000050
:1086B00021000000E0FF0620311700007972000061
:1086C000000000003D1800000D1800000000000030
:1086D0009919000019190000A37300009F7300008E
:1086E0008773000093730000817300008D73000096
:1086F000BD73000000000000FFFF00000028845050
:10870000340000200000000001000000FFFFFFFF18
:10871000002584503400002000000000000000000C
:1087200000800050010000000000000044870000AD
:108730000000D6010000000000000000F416002038
:10874000F316002000800050508700000200000057
:108750007087000004000000608700000401000032
:1087600014800000168000011380000215800003B1
:108770001400000013000002160600011506000395
:1087800008000000030000000800000003000000D3
:108790003882000038820000808200008882000059
:1087A0009882000098820000FF8FFFFFFF8FFFFF7D
:1087B000FE8FFFFFFE8FFFFFFD8FFFFFFC8FFFFF90
:1087C000FC8FFFFFFB8FFFFF6D757465785F66722E
:1087D00065652063616C6C65642077697468204E00
:1087E000554C4C20706172616D65746572000000BB
:1087F00043616E277420696E697469616C697A657A
:10880000206D757465782C20776173204E554C4C23
:108810000D0A00004661696C20746F2061637175F8
:10882000697265206D757465780A00004661696C2F
:1088300020746F20696E63726561736520504D20EE
:10884000636F756E7465720A000000004661696CA2
:1088500020746F20646563726561736520504D20DC
:10886000636F756E7465720A000000004661696C82
:1088700020746F2072656C65617365206D75746519
:10888000780A0000436F756C64206E6F74206C6F03
:10889000636B20706F7765722073617665206D75EC
:1088A000746578004661696C20746F20756E6C6F1A
:1088B000636B206D757465780A000000637478201E
:1088C00063616E6E6F74206265204E554C4C0000E3
:1088D0000A637478206973204E554C4C0A000000DE
:1088E00067E6096A85AE67BB72F36E3C3AF54FA541
:1088F0007F520E518C68059BABD9831F19CDE05B6D
:10890000D89E05C107D57C3617DD703039590EF772
:10891000310BC0FF11155868A78FF964A44FFABE38
:108920000123456789ABCDEFFEDCBA98765432104F
:10893000F0E1D2C35265736F757263652074616B29
:10894000656E20616E6420617661696C61626C6540
:108950005F696E7374616E63655F636F756E7420BB
:108960003D2025640A00436F6E73756D6572207437
:10897000687265616420737461727465640A005280
:1089800065736F7572636520676976656E20616EC9
:108990006420617661696C61626C655F696E737495
:1089A000616E63655F636F756E74203D2025640A98
:1089B0000050726F647563657220746872656164DB
:1089C00020737461727465640A00636F6E73756DF1
:1089D00065725F69640070726F64756365725F6968
:1089E00064002A2A2A20426F6F74696E67206E52D3
:1089F0004620436F6E6E6563742053444B2076337C
:108A00002E322E332D3666383438356432383930CC
:108A100064202A2A2A0A002A2A2A205573696E67A6
:108A2000205A6570687972204F532076342E322E8A
:108A300039392D633463373566373165373039203E
:108A40002A2A2A0A006D757465785F696E69742038
:108A500063616C6C65642077697468204E554C4C7A
:108A600020706172616D6574657200436F756C642E
:108A7000206E6F7420616C6C6F63617465206D751E
:108A8000746578206265666F726520696E697469C5
:108A9000616C697A696E670072302F61313A20200B
:108AA000307825303878202072312F61323A2020FA
:108AB000307825303878202072322F61333A2020E8
:108AC0003078253038780A0072332F61343A20200C
:108AD000307825303878207231322F69703A202072
:108AE000307825303878207231342F6C723A20205B
:108AF0003078253038780A0020787073723A202058
:108B00003078253038780A004661756C74696E6774
:108B100020696E737472756374696F6E206164642A
:108B20007265737320287231352F7063293A2030B3
:108B300078253038780A00556E68616E646C65641B
:108B4000204952516E3A2025640A002A2A2A2A2AEC
:108B5000205553414745204641554C54202A2A2A46
:108B60002A2A0A0020204469766973696F6E2062A0
:108B700079207A65726F0A002020556E616C6967F2
:108B80006E6564206D656D6F7279206163636573D6
:108B9000730A002020537461636B206F76657266E0
:108BA0006C6F772028636F6E7465787420617265CE
:108BB00061206E6F742076616C6964290A00202040
:108BC0004E6F20636F70726F636573736F7220698D
:108BD0006E737472756374696F6E730A0020204936
:108BE0006C6C6567616C206C6F6164206F662045FA
:108BF00058435F52455455524E20696E746F205051
:108C0000430A002020496C6C6567616C20757365B0
:108C1000206F662074686520455053520A0020205A
:108C2000417474656D707420746F20657865637528
:108C3000746520756E646566696E656420696E731F
:108C40007472756374696F6E0A002A2A2A2A2A20B0
:108C5000425553204641554C54202A2A2A2A2A0A92
:108C6000002020537461636B696E67206572726FB8
:108C7000720A002020556E737461636B696E672001
:108C80006572726F720A00202050726563697365A5
:108C9000206461746120627573206572726F720A5C
:108CA0000020204246415220416464726573733A49
:108CB00020307825780A002020496D70726563693C
:108CC0007365206461746120627573206572726FD0
:108CD000720A002020496E737472756374696F6E36
:108CE00020627573206572726F720A002020466CD4
:108CF0006F6174696E672D706F696E74206C617A34
:108D00007920737461746520707265736572766121
:108D100074696F6E206572726F720A002A2A2A2A9D
:108D20002A204D5055204641554C54202A2A2A2AA3
:108D30002A0A002020537461636B696E6720657294
:108D4000726F722028636F6E74657874206172652B
:108D500061206D69676874206265206E6F7420768B
:108D6000616C6964290A00202044617461204163B8
:108D7000636573732056696F6C6174696F6E0A0066
:108D800020204D4D46415220416464726573733A10
:108D900020307825780A002020496E73747275633C
:108DA00074696F6E204163636573732056696F6CDD
:108DB0006174696F6E0A005265736572766564202E
:108DC000457863657074696F6E2028005370757202
:108DD000696F757320696E7465727275707420287E
:108DE0004952512000535053454C20696E207468FD
:108DF00072656164206D6F646520646F6573206EB9
:108E00006F7420696E646963617465205053500A01
:108E1000002A2A2A2A2A2048415244204641554CF9
:108E200054202A2A2A2A2A0A002020427573206602
:108E300061756C74206F6E20766563746F72207438
:108E400061626C6520726561640A0020204465627D
:108E50007567206576656E740A0020204661756C22
:108E60007420657363616C6174696F6E202873652B
:108E7000652062656C6F77290A00415243485F455F
:108E80005843455054207769746820726561736F48
:108E90006E2025780A0A002A2A2A2A2A2044656296
:108EA0007567206D6F6E69746F7220657863657089
:108EB00074696F6E202A2A2A2A2A0A002A2A2A2A54
:108EC0002A20257320256429202A2A2A2A2A0A00F2
:108ED000464C4153485F30005352414D5F300000D3
:108EE00000000121200B0A636C6F636B403530304A
:108EF000300063727970746F4035303834343030FC
:108F000030006770696F4038343238303000677035
:108F1000696F4038343235303000000102030405F7
:108F200006070B7561727440383030300000000065
:108F3000010101000001000000002030303030301D
:108F4000303030303030303030000169646C6500D2
:108F50006D61696E00286E756C6C29002A666C6FF5
:048F600061742A000E
:108F6400AD6F00006C0100203A0000008001002079
:108F74003A000000580100203A000000940100204B
:108F84003A000000000000006F72000000000000C2
:108F94000000000000D000500000000000000000AD
:108FA40000000000000000000000000000000000BD
:108FB40000000000000000000000000000000000AD
:108FC400000000000000000000000000000000009D
:108FD400000000000000000000000000000000008D
:108FE400000000000000000000000000000000007D
:108FF400000000000000000000000000000000006D
:10900400000000000000000000000000000000005C
:10901400000000000000000000000000000000004C
:10902400000000000090D003FF000000FF000000DB
:1090340090020000D4000020D400002000000000B2
:10904400993E00002001002018010020100100209A
:10905400000000000801002069400000B53F000046
:10906400E93F000031400000F00D00203A00003AD2
:10907400F40D00203A00003AF80D00203A00003ABE
:10908400FC0D00203A00003A441300203401002073
:10909400F4000020EC000020E8000020E4000020A0
:0C90A400094E0000FD4D0000F14D0000E1
:0C90B000000000000000000000000000B4
:1090BC0058010020580100200000000000000000B2
:1090CC000E0000006C0100206C010020000000006C
:1090DC00000000000E000000800100208001002034
:1090EC0000000000000000000E00000094010020B1
:1090FC009401002000000000000000000E000000A1
:10910C00A8010020A80100200A0000000A000000AD
:04911C0015E015E065
:0400000300000E8962
:00000001FF
