:1000000048300020E90E0000ED710000D50E000020
:10001000D50E0000D50E0000D50E0000D50E000054
:10002000000000000000000000000000551000006B
:10003000D50E000000000000ED0F0000D50E0000FE
:10004000C1110000C1110000C1110000C111000068
:10005000C1110000C1110000C1110000C111000058
:10006000C1110000C1110000C1110000C111000048
:10007000C1110000C1110000C1110000C111000038
:10008000C1110000C1110000C1110000C111000028
:10009000C1110000C1110000C1110000C111000018
:1000A000C1110000C1110000C1110000C111000008
:1000B000C1110000C1110000C1110000C1110000F8
:1000C000C1110000C1110000C1110000C1110000E8
:1000D000C1110000C1110000C1110000C1110000D8
:1000E000C1110000C1110000C1110000C1110000C8
:1000F000C1110000C1110000C1110000C1110000B8
:10010000C1110000C1110000C1110000C1110000A7
:10011000C1110000C1110000C1110000C111000097
:10012000C1110000C1110000C1110000C111000087
:10013000C1110000C1110000C1110000C111000077
:10014000C1110000C1110000C1110000C111000067
:10015000C111000053B94AB9002908BF00281CBFCB
:100160004FF0FF314FF0FF3000F00CB8ADF1080C4C
:100170006DE904CE00F008F8DDF804E0DDE90223C3
:1001800004B07047704700BF2DE9F04786468C46A3
:100190000846089E154674461946002B40F0C1805B
:1001A0008542B2FA82F245D94AB1C2F1200300FA7F
:1001B00002FC954094402EFA03F343EA0C0C4FEAFC
:1001C000154EA8B2230CBCFBFEF80EFB18CC08FBA6
:1001D00000F943EA0C43994528D9EB1808F1FF3799
:1001E00004D2994502D9A8F102072B44A3EB0903D5
:1001F000A4B2B3FBFEFC0EFB1C330CFB00F044EA84
:100200000344A04214D92C190CF1FF3304D2A042AC
:1002100002D9ACF102032C44241A43EA07401EB170
:10022000D440002334607360BDE8F0874746DDE7C3
:100230006346F1E792BB431B01214FEA154EAFB273
:10024000200CB3FBFEFC0EFB1C330CFB07F840EA52
:100250000343984561D9EB180CF1FF3004D298455F
:1002600002D9ACF102002B44A3EB0803A4B2B3FB08
:10027000FEFC0EFB1C330CFB07F744EA0344A742C9
:100280004DD92C190CF1FF3304D2A74202D9ACF19D
:1002900002032C44E41B43EA0040C0E7C2F1200300
:1002A0009540944020FA03F12EFA03F34FEA154EDD
:1002B0009040AFB20343B1FBFEFC0EFB1C10190CC7
:1002C0000CFB07F841EA0041884522D969180CF176
:1002D000FF3004D2884502D9ACF102002944A1EBD9
:1002E00008019BB2B1FBFEFC0EFB1C110CFB07F7D7
:1002F00043EA01439F420ED9EB180CF1FF3104D2BF
:100300009F4202D9ACF102012B44DB1B41EA0041C0
:1003100093E76046E3E76146F7E76046A4E7634694
:10032000B8E7834206D916B9002108467CE7C6E93A
:1003300000E0F9E7B3FA83F78FB9834201D372453E
:1003400008D8BEEB020460EB030301209C461EB9F3
:10035000002169E73846FAE7C6E9004CF8E7C7F13B
:10036000200CBB400EFA07F522FA0CF42EFA0CF121
:10037000BA401C4320FA0CF3B8404FEA1449014339
:100380001FFA84FEB3FBF9F809FB18300B0C08FBCD
:100390000EFA43EA00439A4540D9E31808F1FF30CA
:1003A00004D29A4502D9A8F102002344A3EB0A0320
:1003B00089B2B3FBF9F809FB183308FB0EFE41EADA
:1003C00003418E452CD9611808F1FF3304D28E45C4
:1003D00002D9A8F10203214443EA0040A1EB0E0137
:1003E000A0FB02984145CE46434602D306D14D4577
:1003F00004D20138B9EB020E68EB0403002EA7D03B
:10040000B5EB0E0261EB030101FA0CFC22FA07F3D3
:10041000F9404CEA0303C6E9003199E74046C5E7D5
:100420004346D9E773B54FF0FF324FF0FF332E4804
:1004300002F0A0FE28222D4D2D4C2B68013393FB9A
:10044000F2F102FB113322682B60013A08BF282227
:100450001344282B22603BD0264806F0D9FD29689A
:10046000226825488B1806F0D3FD04210DEB01000E
:1004700001F0DCF90A2301980126B0FBF3F203FB3B
:10048000120000F5C87006F0D0FC2D6824682B1906
:10049000282B1FD0144802F0E5FE164806F0B8FDE0
:1004A000224629461448631906F0B2FD04210DEBDB
:1004B000010001F0BBF90A230198B0FBF3F203FB42
:1004C000120000F5C87002B0BDE8704006F0ADBC87
:1004D0000026DAE7044802F0C5FE16B100242546DE
:1004E000DBE702B070BD00BFB0010020780500203E
:1004F0000000002094890000AD89000008B5034881
:1005000006F086FDFFF78EFFFCE700BFE0890000E4
:1005100008B5034806F07CFDFFF784FFFCE700BF49
:10052000F2890000014B1B68184700BF040000203F
:10053000014B1860704700BF0400002030B585B043
:1005400004460D4610220021684607F021FE0223D2
:100550008DF80230044B2A4621466846019306F086
:1005600009FA05B030BD00BF2505000080B505467D
:100570000E461746984603F01DFA034607F082FE22
:100580000446DFF81890424649F8003039463046B4
:10059000A84754F8090000F013FD00BF0800000050
:1005A0002DE9F047058B04462807904611D402290F
:1005B00005F0070540F0CC80204606F036FD78B106
:1005C0000138218B042811D8DFE800F0C2106D85B6
:1005D000950001290CBF45F0100545F02005258345
:1005E00088F31188BFF36F8FBDE8F08701F0070A29
:1005F000AA4500F0A5800027B9463E46A368002B17
:1006000000F0BC8041F00801218388F31188BFF31A
:100610006F8FA168002900F0BA800D68002900F0F2
:10062000B680334652462046D1F80480C047002D9C
:1006300076D02B6829461D46F0E701F007035A1FC4
:10064000012A1BD8002221F00701062B276889B256
:10065000C4E9002209D13B4603E0628B0132628388
:100660001B68002BF9D141F002012046218306F0DE
:10067000DCFC00287AD041F0200176E0042B0AD17E
:1006800021F0070189B22046218306F0CEFC10B18B
:1006900041F020012183218B01F0070AAA454FD0A8
:1006A0000027B946AAE7236921F0070141F00601B6
:1006B000062DD3F8009021832DD1B9F1000F3FD042
:1006C00041F00801218388F31188BFF36F8F204622
:1006D0003949C84729E021F00701236941F00401A5
:1006E00089B2042DD3F804902183E6D000274FF07F
:1006F000040A3E4682E721F00701236941F0050123
:1007000089B2052DD3F808902183D6D000274FF069
:10071000050A3E4672E700274FF0060A3E466DE79F
:100720002B4687E7B9F1000FD1D1EFF311882023D1
:1007300083F31288BFF36F8F238B23F00803238387
:10074000258BEA062ED525F01003238305F0070537
:100750006669218B002EBFF670AF00232768C4E9BD
:10076000003321F0070141F001012183218B4FF07B
:10077000000901F0070AAA457FF440AF002F9CD082
:1007800041F00801218388F31188BFF36F8F002F98
:10079000C8D03D68394633465246204606F071FCC3
:1007A0002F46F4E7AB067FF51BAF25F0200323832C
:1007B00005F0070500E700BFAF700000014B0360C4
:1007C00000207047B886000008B5044806F020FCF9
:1007D000BDE80840024806F01BBC00BF1A8A0000B2
:1007E0004F8A0000014803F0BBBB00BFB886000081
:1007F00038B5044618B90F4B0F485B6898476168D5
:10080000B1F5683F10D0B1F5680F0DD00B4DA9427E
:100810000AD011F46861206807D00146084807F043
:1008200061FB00232360656038BD142207F0B0FC33
:10083000F9E700BFE40000207D8A00002C5F5CA97E
:100840007C0A002008B560B34368B3F5683F0ED05A
:10085000B3F5680F18D0144A934220D000684FF0C7
:10086000FF324FF0FF3302F085FC58B115E0012252
:100870000368D3E8EF1F002903D1C3E8E02F002865
:10088000F7D10AD1002008BD0368084A1B7803F598
:10089000807352F82330002BF4D00548F3E7054865
:1008A000F1E76FF4E040EEE72C5F5CA90000035035
:1008B000E98FFFFFEA8FFFFF08B520B34368B3F568
:1008C000683F09D0B3F5680F13D0114A93421DD089
:1008D000006802F0C7FC14E000220368D3E8EF1FB1
:1008E000012903D1C3E8E02F0028F7D109D0094836
:1008F00008BD00210368084A1B7803F5807342F89D
:1009000023100020F4E76FF4E040F1E70348EFE73D
:100910002C5F5CA9E98FFFFF00000350EA8FFFFF07
:1009200010B5044618B91D4B1D485B6898476368AD
:10093000B3F5683F2FD0B3F5680F2CD0194A934216
:1009400019D1236803BB4FF0FF324FF0FF3321462C
:10095000154802F0E1FB08B923681BB90F4B134897
:100960005B68984714220021206807F011FC4FF4BF
:100970006863636008E0B3F5683F0DD83A2B03D095
:1009800040F6BA629342DED1206807F0F6FA636857
:1009900043F03A03636010BD054AF3E7E40000202A
:1009A0007D8A00002C5F5CA97C0A0020A38A0000DD
:1009B0003A00003A08B5064940231422054807F0DA
:1009C00083FABDE808400449044803F08DBB00BF2A
:1009D0007C0500207C0A0020C0860000D486000030
:1009E00008B50348034A0021121A06F0F7FB08BDB8
:1009F000C801002008170020074808B5074A084921
:100A0000121A06F0EDFBBDE808400648064A074901
:100A1000121A06F0E5BB00BF00000020C401002050
:100A20009C8F000000000020000000209C8F000030
:100A300038B505460C4699B1D1E901230F4809683C
:100A400006F0E6FAD4E90423E1680D4806F0E0FA7E
:100A5000E1690C4806F0DCFAA1690B4806F0D8FA07
:100A6000012D05D1EFF305810848103906F0D0FAC1
:100A700021462846BDE8384002F00ABAD08A000074
:100A8000008B0000308B0000408B00006F8B00005B
:100A900030BFFFF7FDBF00BF2DE9F04105460B4E0B
:100AA000DFF82C80324606EB0807CC1B20460949AC
:100AB00007F047FBA01942460021083C07F068FBFD
:100AC000C5F8A44007F10800BDE8F081000000006F
:100AD00004000000B0860000054B5A699B689A42EA
:100AE0001FBF044A536843F080535360704700BFF0
:100AF0000C0C002000ED00E010B5204C204806F062
:100B000087FAA36A990137D51E4806F081FA1E209C
:100B1000A36ADA0103D51C4806F07AFA1F20174CA5
:100B2000A36ADB0203D5194806F072FA0220A36A11
:100B30001C0303D5164806F06BFA21200F4CA36A5C
:100B4000590303D5134806F063FA2220A36A9A03D7
:100B500003D5114806F05CFA2320084CA36ADB0396
:100B600003D50E4806F054FA2420A36A6FEA034323
:100B70006FEA1343A36210BD1D20C9E700ED00E03A
:100B8000838B00009C8B0000B08B0000CB8B00009F
:100B9000F68B0000158C00003B8C0000568C00008A
:100BA00070B5244C064624480D4606F031FAA36A77
:100BB000D90435D5214806F02BFA1720A36A1A0567
:100BC00003D51F4806F024FA18201A4CA36A9B0587
:100BD0000FD51C4806F01CFAA16BA36A180407D5B0
:100BE000194806F015FA1EB1A36A23F40043A36264
:100BF0001920104CA36A590503D5144806F008FAC9
:100C00001A20A36ADA050DD5114806F001FA1B2057
:100C1000084A936A43F47F43936200232B7070BDAC
:100C20001620CBE7A36A9B04F2D50A4806F0F0F938
:100C30001C20EDE700ED00E0828C0000998C0000A4
:100C4000AB8C0000BF8C0000D98C0000EF8C000042
:100C50000B8D0000248D000070B5264C06462648FA
:100C60000D4606F0D5F9A36AD80640D5234806F00C
:100C7000CFF91120A36A190703D5214806F0C8F956
:100C800012201C4CA36A9A070FD51E4806F0C0F923
:100C9000616BA36A1B0607D51B4806F0B9F91EB1A4
:100CA000A36A23F08003A3621320124CA36ADE0719
:100CB00003D5164806F0ACF91420A36A9C0603D5A8
:100CC000134806F0A5F915200A4B9A6AD10658BFB9
:100CD0009A6A9A6A920642BF5A6A22F400525A628B
:100CE0009A6A42F0FF029A6200232B7070BD1020B6
:100CF000C0E700BF00ED00E0548D00006B8D0000E8
:100D0000AB8C00009F8D0000B88D0000CF8D0000DF
:100D1000248D00002DE9F0415B4B04465F680025FF
:100D20008AB0C7F3080685F31188BFF36F8F02F00E
:100D30007F43B3F17F4F06D102F00C03082B13D190
:100D4000524806F065F900252C464FF00008F31EC6
:100D50008DF80780092B00F28580DFE803F00A791F
:100D60007D7583838383838110074CBF0C460125E7
:100D7000EBE74748444E06F04BF98DF80780F36ADD
:100D80009A0704D5434806F043F900232FE0F36A9D
:100D9000002B01DA4048F6E7F36A5B00F5D53F48DF
:100DA00006F036F97369A26943F480737361BFF387
:100DB0004F8FBFF36F8F736932F8022C23F4807367
:100DC0007361BFF34F8FBFF36F8F4DF602739A427B
:100DD00008D0B36ADBB24BB301200DF10701FFF776
:100DE0003BFF33E021682E4806F012F923689DF896
:100DF0000720C2B902AE04F12007324620686168BC
:100E0000083403C2BC421646F7D1099AB5B3C2F3FF
:100E1000080121B96FEA52226FEA4222099218466C
:100E200002A9FFF705FE0AB0BDE8F081B36A13F42A
:100E30007F4F05D001200DF10701FFF7B1FE05E05E
:100E4000B36AB3F5803FA0D3FFF756FE0346CEE763
:100E500000200DF10701C2E700200DF10701ECE7CA
:100E6000104890E7104B17F4F87F1049104818BF4E
:100E70001946A6F1100206F0CBF886E722F4FF72BD
:100E800022F00102CAE700BF00ED00E01D8E000065
:100E9000498E0000618E0000838E0000928E00005B
:100EA000B28E0000CF8E0000048E0000EF8D000097
:100EB000F48E0000064B5A6942F010025A615A69DA
:100EC00042F480625A615A6922F008025A617047FE
:100ED00000ED00E0EFF30880EFF3098101B5724601
:100EE000FFF718FF01BD00BF002080F31488BFF397
:100EF0006F8F002080F30A8880F30B88104880F3FE
:100F0000088800200F49087001F05CFB00200E49A2
:100F10000860BFF34F8F00F02DF8202080F3118878
:100F20000A484FF40061401880F30988EFF31480F9
:100F30000221084380F31488BFF36F8F00F0DCF8C0
:100F4000483000200517002094ED00E0081F002025
:100F5000002318460649D1F89020C2F30722934295
:100F600000DB7047C1F89830C1F8A0000133F6E704
:100F700000ED00E010B572B6002484F31388FFF78B
:100F8000E7FF23464FF0FF300C4A03F12001013305
:100F9000102B42F82100F8D100234FF0FF30074A10
:100FA00003F160010133102B42F82100F8D162B641
:100FB000BFF34F8FBFF36F8F10BD00BF00E100E0A4
:100FC000084B9B6883420BD1EFF3058343B1064B7B
:100FD0005A6842F080525A605A6A22F400425A62B9
:100FE00002F0EEBC0C0C002000ED00E016498A680F
:100FF0004FF030001044EFF3098C80E8F01F202000
:1010000080F31288BFF36F8F104F4FF000664A696C
:101010008A603E60D2F8A4000D4C2060D2F8A8008F
:101020000023C2F8A83080F3118802F1300090E864
:10103000F01F8CF3098802F1000004B506F0E1F816
:10104000BDE80440704700000C0C002004ED00E0F7
:10105000980A00201EF0040F0CBFEFF30880EFF396
:101060000980816911F8021C0229FFD001B572467E
:1010700006F0B8F801BD00BF40B2002807DB01232D
:101080004109034A00F01F00834042F821307047B5
:1010900000E100E0054B420953F82220012300F053
:1010A0001F0003FA00F01040704700BF00E100E0AD
:1010B00040B2002801F10101ACBF00F16040064BD5
:1010C0004FEA4111C9B2ABBF00F5614000F00F001B
:1010D00080F800131954704714ED00E0044B054AE2
:1010E00023F07F039360BFF34F8FBFF36F8F704781
:1010F0000000000000ED00E008B5FFF7EFFF074A31
:10110000D2F8883023F47003C2F88830FFF768FC07
:10111000FFF772FC00F048F801F084FF00ED00E0FA
:1011200042F8203C009B0B4942F81C3C019B21F0FB
:10113000010142F8183C029B42F8081C42F8143C9A
:101140004FF0807342F8043C0023203A0265C0F857
:10115000A83070476D05000000B50E4B154698602D
:10116000D0F8A4200C4B0E461A60D0F8943083F3CC
:101170000B882C4686F309880020044B98472046AC
:10118000002100220023024C2047000013720000BF
:101190006D0500000C0C0020980A00201022014B65
:1011A0001A61704700ED00E0002320210348C218B7
:1011B0000133452B82F80013F9D1704700E100E0BC
:1011C00008B5EFF30583064A103B02EBC30152F862
:1011D000330049688847BDE80840FFF77DBC00BF81
:1011E000988300001FB5094C094A2346012109488C
:1011F00000F0FAF800230393074B0121E41A01A839
:101200000193029400F0FAF804B010BD000007202A
:1012100000000020E4860000C801002010B50C7A10
:101220000B6804F01F0223F01F031A43CB68640904
:1012300023F01F03054943EA440343F00103C1F8C7
:101240009800C1F89C20C1F8A03010BD00ED00E06E
:1012500010B5074BD3F89030C3F30723013B9842F6
:1012600002D8FFF7DBFF10BD6FF01500FBE700BFF2
:1012700000ED00E02DE9F04F0F46144606464FF012
:1012800000084D4D85B0B84580F29280D6F80490A4
:10129000B9F1000F36D0B9F11F0F40F2878019F075
:1012A0001F0F40F08380D6F800A01AF01F0F7DD1E9
:1012B000504605F0EAFF834609EB0A00013805F0C5
:1012C000E4FF834572D11BF1160F6FD05C456DDDD5
:1012D000C5F898B0D5F89C10C5F898B0D5F8A030EE
:1012E00021F01F0143F01F0AD6E900321A44994247
:1012F00002F1FF391ED1CA4508D131465FFA8BF0A1
:1013000005F0CCFF08F101080C36BCE73146C5F802
:1013100098B0D5F89C3022F01F0203F01F0313434E
:10132000C5F89C30E0B205F0B9FF10F1160F3DD0C2
:10133000441CE7E7C5F898B0D5F8A020013B23F09E
:101340001F0302F01F021343CA453146E0B2C5F83D
:10135000A030E8D005F0A2FF10F1160F26D0C5F896
:1013600098B0D5F89C209DF808300AF1FF3A62F356
:1013700004038DF80830D5F8A0309DF808205B08EC
:1013800063F347128DF80820D6E900321344009326
:1013900023F01F035344A3EB0903013023F01F0381
:1013A0006946C0B20393FFF753FFBEE76FF0150421
:1013B000204605B0BDE8F08F00ED00E00522044BAB
:1013C000C3F89420BFF34F8FBFF36F8F704700BFF8
:1013D00000ED00E0BFF35F8F0022024BC3F89420C2
:1013E000704700BF00ED00E010B5034C2278FFF716
:1013F00041FF207010BD00BF001700202DE9F74FFE
:10140000294D8A4606464FF00008AB46274FD04587
:101410001BDAD6F80490B9F1000F3FD031680846C6
:10142000019105F032FF0199044609EB01000138F2
:1014300005F02BFF84424FF014021D4B08D002FB35
:1014400008F36FF015024BF8032003B0BDE8F08FEE
:1014500014F1160F2C60F8D01978A142F5DD02FBCB
:1014600008B0C7F89840C7F89840D7F89C4000F1FA
:101470000801007B64F304000871D7F8A0000C7920
:10148000400860F347140C71D7F89C1021F01F013D
:101490006960D7F8A01021F01F01296108F1010847
:1014A00014350C36B3E700BF9C0A002000ED00E0C5
:1014B00000170020F0B54149414CD1F89030256823
:1014C000C3F307239D4287B075D80020FFF782FF42
:1014D0003C4BC1F8C030854216D13B4C01A8257069
:1014E000FFF76CF900250646384FAE4213D10020B5
:1014F00023783249D1F89020C2F30722934254DB7B
:10150000FFF75CFF00202FE0616801EB0011FFF79F
:1015100085FE0130DFE70199280101EB0513DA6848
:101520003A40B2F5001F21D0B2F5800F2BD0B2F5B2
:10153000801F38D15A689B680958013B22F01F0070
:1015400003440120844623F01F0340EA4C10CDE9F8
:1015500002218DF8100002A920780593FFF778FE8C
:1015600000281DDA6FF0150007B0F0BD5A689B68BF
:101570000958013B22F01F0003444FF0020C0120E8
:1015800023F01F03E1E75A689B680958013B22F0EA
:101590001F0003444FF0000C062023F01F03D4E784
:1015A00023780133237001359FE7C1F89830C1F8E3
:1015B000A00001339EE74FF0FF30D5E700ED00E0DB
:1015C000F0860000AAFF4400001700200000F0FF92
:1015D00008B5024B1B689847002008BDB00A0020E0
:1015E000034B044A1860937843F0020393707047EA
:1015F000B00A00202800002008B50649064821F05E
:101600000701C1F1005202F5E02205F0A7FC00201D
:1016100008BD00BF4F300020B40A0020054B03EB8B
:101620008000D0F8003223F0E04343F04053C0F88C
:101630000032704700258450052370B5144D154EB7
:101640002C780134B4FBF3F303EB8303E41A06F0C4
:101650004CF8114A137823B156F82430C01A0728E1
:1016600014D94FF05023D3F8141141B10021C3F81D
:101670001411D3F814312C700CB9012313702C7889
:1016800006F033F846F82400012070BD0020FCE786
:1016900002170020C00A002001170020012208B50F
:1016A0000B4B0C49C3F8002502230020C1F8D036AB
:1016B000FFF7B4FF1046FFF7B1FFC1F80427C1F8E8
:1016C0000429C1F8002BBDE8084000F099B800BF1C
:1016D000001000500040005007B54FF480620B4BE3
:1016E0000B49C3F8B8254FF400620A48C3F83C25FB
:1016F0000DF1070206F040F8002803DB9DF8070013
:1017000001F056F803B05DF804FB00BF00A00250E2
:101710002CA0025028A1025048B1054B054A1B6875
:10172000B3FBF2F35843044B43F0010318477047EF
:10173000C800002040420F00B0860000002170B5B4
:10174000104C114D114E000714F8013B03F01F021D
:101750005B090FD0012B0FD1334603EB8203D3F883
:101760000022013122F0E04202430429C3F80022A2
:10177000EAD170BD2B46F0E70023803253F82230C7
:10178000FFDE00BF1B8F000000258450002884501E
:101790002DE9F041064601200D46FFF7CFFF4FF43B
:1017A0007F03D3F83021D3F83431072A20D1023B0C
:1017B000032B02D8114AD35CD3B14FF050244FF021
:1017C000010800270520C4F81886C4F8147605F02F
:1017D0009EFF4046C4F8148605F099FFC4F81476BD
:1017E000C4F8187630462B46BDE8F0410021184772
:1017F0004FF050230022C3F81426F3E7178F0000A0
:101800000149024805F060BC18870000D40A002096
:1018100008B54FF0FF323F230348C0E9002300F032
:10182000B3FF002008BD00BFF00A0020F7B5064650
:101830000D460D488AB2836831461B6898470028D8
:1018400010DA00240CE02F1B042F28BF042705F01A
:101850004CFF3A46019001A9301906F072FC3C4455
:10186000A542F0D803B0F0BD58830000084B70B516
:10187000C31A0D4607499B100446594340220648A7
:1018800005F044FD2B4601462046BDE87040184750
:101890000C0B0020B76DDBB6F8820000402373B557
:1018A0000B4C0093041B0B460D460A49A4106143E0
:1018B0000646094A094805F055FD011E05DA30467D
:1018C0002B4602B0BDE87040184702B070BD00BFA3
:1018D0000C0B0020B76DDBB6CF730000F882000060
:1018E0002DE9F0470022012107460520FFF7E0FB24
:1018F000124800F07DFF0446D0B900F0ADFF254648
:101900004FF01C0A4FF00C08DFF834903E6949464E
:101910000AFB056005F0D8FB031E0CDB012308FB66
:1019200005661D44042DB367F0D12046BDE8F0875D
:101930006FF00404F9E71C46F7E700BF711A0000D6
:10194000248700001FB500220123CDE902236B4646
:10195000084ACDF800D0CDF804D005F031FD0028BC
:1019600005DB4FF480420023684601F0FFFC05B020
:101970005DF804FBF973000010B5EFF31184202328
:1019800083F31288BFF36F8F074A136823F00201B5
:10199000DB07116002D4012005F011FF84F31188E8
:1019A000BFF36F8F10BD00BFAC0B00200C22104B9B
:1019B000014602FB0033002030B4D3E91C52186703
:1019C000EFF31180202484F31288BFF36F8F9C6F94
:1019D00004F0C00444F002049C6780F31188BFF354
:1019E0006F8F1DB12B4630BC0248184730BC704782
:1019F0000C0B0020F882000010B4EFF311822023BA
:101A000083F31288BFF36F8F1748016841F0020417
:101A10000460C80707D482F31188BFF36F8F0120D9
:101A200010BC05F0BDBE4FF05021D1F80C04D1F828
:101A30000C14C907EFD5EFF3118083F31288BFF3BD
:101A40006F8F0A498B6F03F0C00343F002038B676B
:101A500080F31188BFF36F8F82F31188BFF36F8F0C
:101A6000002010BCFFF7A2BFAC0B00200C0B002025
:101A7000092813D8DFE800F0051012121212121212
:101A80000E0C074B986F10F0070007D1FFF78EBFC1
:101A90000220FBE70320F9E70120F7E7704700BFCA
:101AA0000C0B00202DE9F041012207463649D1E810
:101AB000EF3FC1E8E02F0028F9D133B9334934486A
:101AC0004B60CB608A6005F012FB7B1E012B2BD88C
:101AD000012F07D14FF05023D3F81C3403F0030338
:101AE000022B21D006F050FA0546F8B9294B1B7895
:101AF000E3B14FF0502302220646C3F808234FF00B
:101B00005024DFF89480D4F81824D4F81834D20381
:101B100015D503F00303022B01D0012F0FD16DB3B4
:101B200086F31188BFF36F8FBDE8F081EFF3118664
:101B3000202383F31288BFF36F8F0125DFE7C5B140
:101B4000304605F086FBD4F81835DBB2012BDAD12C
:101B5000D4F80421002AD6D00022C4F80421D4F8F5
:101B600004210222C4F818252022C8F88021A3608D
:101B7000C9E70021212006F077FAE4E74FF050236F
:101B80000222C3F80423CFE7080B0020F80A002044
:101B9000280B00200517002000E100E008B50748E9
:101BA00006F062F938B10648FFF71AFD0448FEF75F
:101BB000BFFC002008BD6FF01200FBE77883000037
:101BC000C51B00000A2838B50446074D04D1AB6890
:101BD0000D2128465B689847AB6803485B68E1B213
:101BE0009847204638BD00BF78830000F0B54568AF
:101BF0001646A8682A7C01F01F0487B044EA421404
:101C0000002868D0B6F5001F04D1214606F00EF971
:101C1000002051E00020B6F5800F01AA019050602D
:101C200037D1B3F1007F14BF052304238DF80430AE
:101C30000023CDE904230393EB680DF1030723FA96
:101C400001F111F0010139D1B6F1A07F36D104F0D4
:101C50001F03620903F1800326D0012A3ED1214AE5
:101C600052F82330DB0729D43A462146A86806F00B
:101C700070F816301AD002972146A86803AA05F01A
:101C800034FF002818DB01222146A86806F07CF802
:101C9000BEE7B3F1C06F05D0B3F1007F14BF0123DD
:101CA0000223C3E70323C1E70F4AD9E73946A868EF
:101CB00000F0F8FF0028DEDA07B0F0BD3A46214612
:101CC000A86806F046F80028D6D19DF80310A86849
:101CD00000F0DEFFD0E76FF08500EDE751F823302C
:101CE000FFDE00BF002884500025845042090346CF
:101CF00070B502D0012A17D070BD0D4E32695168FF
:101D00000029F9D0012503F01F030C689D4000292C
:101D1000F2D08A682A4002D030464B6898472CB1EE
:101D2000236821461C46F2E7024EE7E72346F8E720
:101D3000388300001883000038B54568A86890B162
:101D400006F01AF8014670B9A86800F06FFF044663
:101D500058B902460649A86805F0F8FF2246052151
:101D60000D20FFF7A5F9002038BD6FF00400FBE758
:101D7000ED1C00002DE9F04340F206364768D0061E
:101D800048BF4FF0030C3B7C02EA060658BFC2F383
:101D9000401C87B001F01F05B6F5837F144645EA65
:101DA00043158DF803C044D00DD8062E16D005D8A3
:101DB000A6B1022E3FD06FF0150037E0B6F5807F58
:101DC000F9D101260AE040F20222964235D0B6F55A
:101DD000407F34D0B6F5007FEDD1022601232203E7
:101DE00003FA01F12DD57B689960B86880BB05F0D6
:101DF0001F036D092AD0012D73D13C4A02EB8302E7
:101E000084F48033D2F80012C3F30043C4F3404497
:101E100044EA430421F4706144EA8C0421F00F0188
:101E200044EA06230B43C2F80032002007B0BDE8A5
:101E3000F0830726D2E70426D0E70526CEE703265F
:101E4000CCE7630344BF7B68D960CEE7284AD5E777
:101E500029460DF1020205F07CFF14F4403F804654
:101E60000CD12946B86805F08DFFB8F1000FDCD120
:101E70009DF80210B86800F00BFFD6E74FF000099C
:101E800001ABCDE90199CDE90439CDF80C90294693
:101E9000B86803AA05F029FE4845C6DB14F40033F0
:101EA00014D09DF8033084F48034C4F300448DF8DA
:101EB0000E308DF80C608DF80D404B462946B86801
:101EC00003AA05F0CAFE0028CFDAAEE7CDE9043355
:101ED0000DF1030303932946B86803AA05F005FE34
:101EE000F1E7803350F82330FFDE00BF0028845034
:101EF00000258450036803F01F025B09026004D0D0
:101F0000012B034818BF002070470248704700BFEC
:101F100000288450002584502DE9F04F1546824654
:101F200040F2FF19DFF8B0B185B000EB8108D04571
:101F300003D1002005B0BDE8F08FDAF80030C3F31C
:101F4000C3210829C3F3080400F2C080634A4C454A
:101F5000515C4FEA136311D0222B1DD94E2B40F058
:101F6000B880C5F81445012603A80394FFF7C2FF03
:101F7000039B06FA03F38360374654E0222B09D90A
:101F80004E2B40F0A6804FF0FF33C5F814350AF110
:101F9000040ACCE74FF0FF34222B00F29A80DFE8EE
:101FA00003F012171E3621273698989898396398AF
:101FB00098989898989898986B76797C9898987F44
:101FC00086898C8F9200C5F80C45631CCBD1DEE767
:101FD000C5F81445631CDAD00026002723E0C5F8B5
:101FE0000845F2E7601CC5F80845D0D0002604E09B
:101FF000621CC5F80C45CAD00126012703A803942A
:10200000FFF778FF039B07FA03F3C3600BE0C5F803
:102010001045DFE7C5F808450029DBD1671CB6D0BD
:10202000002606213746DAF80030039403F4004016
:10203000002803A81CBF012600270193FFF75AFFC1
:10204000039C019B00EB8400D0F80042C3F3412CB9
:102050000B0243EA8C033B4304EA0B04234343EAA9
:102060004603C0F8003292E7C5F80C450029D5D0E8
:10207000661C8CD000267FE7C5F86045601CDAF846
:10208000003084D0C3F30043002BB5D06BE7C5F814
:102090006445F3E7C5F86845F0E7C5F86C45EDE73A
:1020A000C5F82445621C3FF472AF012695E7C5F8D8
:1020B00028458AE7C5F83045F4E7C5F83445F1E727
:1020C000C5F83845EEE7C5F83C457EE76FF01500EA
:1020D00030E76FF085002DE7F0F0FCFF528F000035
:1020E0002DE9F04104460D46476805F04DFF4FF0DD
:1020F000200888B9264B1B7873B16426606805F008
:102100002BFAF0B9012005F002FB013EF6D10021C7
:10211000212005F0A9FFF0E7EFF31186314688F39F
:102120001288BFF36F8F606805F016FAA8B986F3BE
:102130001188BFF36F8FEFE786F31188BFF36F8FBE
:10214000E5E7EFF31186314688F31288BFF36F8F0E
:10215000606805F001FA0028EED0FB6900201D70D0
:102160006368FA691B68C3F844250122C3F848254F
:10217000C3F82001D3F82041C3F85801D3F858011F
:102180009A6081F31188BFF36F8FBDE8F08100BFC3
:10219000051700200123834070B5DC430B4AD2E8C9
:1021A000EF1F01EA0405C2E8E65F002EF7D14FF405
:1021B000803282400648C0F80823BFF35F8FBFF328
:1021C0006F8F0B4214BF0120002070BDD80B002080
:1021D0000050015070B40E4922F07F46D1E900341E
:1021E000D01AC31844F10004C1E90034A6F5001365
:1021F000B3F5400F09D2074B1B681A0A1B069C193E
:10220000054B42F10005C3E9004570BC01F0DCBD9F
:1022100038030020DC0B002040030020D9B101234B
:102220000D4A8340D2E8EFCF4CEA030CC2E8E1CF7D
:102230000029F7D14FF48033084A8340C2F80433B1
:10224000074BD3E8AF3FC340DB0742BF4FF4001258
:10225000044BC3F800217047D80B002000500150F8
:10226000D40B002000E100E00D4B1868010A0006C5
:10227000BFF35F8F0B4BD3F80435181841F1000101
:10228000B3F5801F0AD2084BD3E90023904271EBCB
:10229000030303D210F1807041F10001704700BFC9
:1022A000DC0B002000500150400300202DE9F04FCE
:1022B00085B016461F4604469DF840A0FFF76AFF0A
:1022C0000190FFF7D1FFB04271EB070352D23B4BB5
:1022D000301A67EB0101984271F100014DD2384B81
:1022E00003EB0413D3E902239F4208BF964258D060
:1022F0004FF48038334908FA04F8204626F07F4B23
:10230000C1F8488305F0E5F94FF00309584604F198
:102310005005AD00ADB205F1502504F5A87305F5E3
:1023200080350293029A20F07F4341F82230C1F8B1
:102330004483D1F80435244AC01A033820F07F4082
:1023400090422ED9286868B1D1F80435A3EB0B0070
:1023500020F07F40B0F5000F039322D9204605F00E
:10236000B8F9039BBAF1000F07D109EB030009F19B
:102370000109D7E7BAF1000F09D06FF01505204623
:102380000199FFF74BFF284605B0BDE8F08F012308
:102390000E4AA340D2E8EF0F1843C2E8E10F00292C
:1023A000F8D107490E982301C8500F9B01EB041286
:1023B0000025C2E902675360E1E700BF0100800029
:1023C0002803002000500150FDFF7F00D40B0020A7
:1023D0007FB500254FF0FF304FF0FF31194C1A4BFD
:1023E0000226C4F80833C4F84833184BC4F808551B
:1023F000C3E902014FF480334FF40012C4F80433F0
:10240000134B0121C4F804631520C3F880212A4628
:10241000FEF74EFE1520FEF72FFE01230D4AA360A6
:10242000236013600C4B0D4A009328460023CDE92E
:102430000155FFF73BFF3046FFF734FB284604B059
:1024400070BD00BF0050015003000F0028030020A2
:1024500000E100E0D80B0020D5210000FFFF7F0045
:102460002DE9F7432E4BD3F8042390070BD5D3F86F
:10247000042142B10022C3F804212A4AD3F80431CE
:10248000136801331360264AD2F80433D90326D5E2
:10249000254BD3E8EF1F21F00100C3E8E40F002C27
:1024A000F7D1CB0702D4D2F84031C3B100251C4C80
:1024B000C4F84051D4F84031FFF7D6FEEFF3118253
:1024C000202383F31288BFF36F8F184BD3E9026781
:1024D000B042B94106D282F31188BFF36F8F03B0C7
:1024E000BDE8F0834FF0FF38D3E900104FF0FF391B
:1024F0001D60C3E902894FF48033C4F84833C4F83F
:102500004051D4F8403182F31188BFF36F8F002916
:10251000E5D0009032463B4628468847DFE700BFBB
:1025200000500150DC0B0020D40B002028030020B9
:1025300030B5431C124C85B005D08442A8BF044678
:10254000012CB8BF0124FFF78FFE0E4B0C4DD3E9D1
:102550000013401AB0F5000F0FD22218AA4228BF6C
:102560002A46002052180849CDE90100009143F1A4
:102570000003FFF79BFE05B030BD2A46F1E700BF20
:10258000FFFF7F0038030020D521000008B5FFF7CA
:102590006BFE024B1B68C01A08BD00BF3803002049
:1025A0004FF47F03D3F83021D3F83431072A05D113
:1025B000023B032B02D8024AD05C704700207047D0
:1025C0006D8F000008B5FFF7EBFF58B1644BD3F8EF
:1025D000202A3AB90D21C3F8201A0121C3F81C1989
:1025E000C3F81C290022D30003F57F03D3F800139E
:1025F000013107D0D3F800130132D3F80433202A75
:102600000B60F0D1FFF7CCFF002840F0A080FFF76F
:10261000C7FF40B1534B544AC3F830254FF0502305
:102620000122C3F858254FF47F03D3F83021D3F8A3
:102630003431072A09D1023B032B06D84B4AD35C1D
:102640001BB100224A4BC3F84C25FFF7A9FF50B13C
:102650004FF05023D3F80024D10742BF0022C3F823
:102660001421C3F818214FF47F03D3F83021D3F895
:102670003431072A09D14FF05023D3F80024D20770
:1026800044BF6FF00102C3F80024FFF789FF18B1BF
:102690006522334BC3F80C274FF47F03D3F8302166
:1026A000D3F83431072A16D1314BD3F82034002B1C
:1026B00011DA4FF050230322C3F8182501229A6043
:1026C000D3F80421002AFBD00022C3F80421012200
:1026D000DA60C3F818254FF47F03D3F83021D3F81C
:1026E0003431072A23D1023B032B02D8214AD35C81
:1026F000EBB17E221A4B1B49C3F80C27C3F83C29C7
:102700007F231D4AC2F818310023C1F8043EC1F8E6
:10271000083E01F54821C1F81031C2F82431C2F851
:102720002C3102F5FF1202F58052C2F8A032134A92
:10273000D2F88C3043F44063C2F88C30104A114B0D
:102740001168C3F84415D269C3F84C2508BD292285
:10275000034BC3F80C270322C3F83C2757E700BFFD
:1027600000400050009003504400EFBE698F00000D
:1027700000200350658F00000020005000ED00E0B5
:102780000080FF0000600050014B1860704700BFE0
:10279000E00B002010B5054B1446186804F0B9FF93
:1027A0000028A4BF2070002010BD00BFE00B002057
:1027B0000123024A8340C2F804357047007001507B
:1027C000014B00201B681847E40B0020014B1B68DD
:1027D000184700BFE40B0020014B09201B68184775
:1027E000E40B0020014B08201B681847E40B002075
:1027F00010B5144C237913BB01232371124B00280D
:10280000206018BF184600F037F8D0B923680F4889
:10281000002B08BF184600F0B9F890B923680C489F
:10282000002B08BF184600F0F9F850B92368094892
:10283000002B08BF1846BDE8104000F063B86FF0E9
:10284000770010BDE40B0020C1270000D92700004D
:10285000CD270000E527000008B5064B1B6843B1F3
:102860000520FEF717FC20B9BDE808400520FEF75B
:1028700003BC08BDE40B0020074B0246187938B9A9
:102880001A6001221A714FF05023C3F814257047C3
:102890006FF07700704700BFEC0B00204FF0502323
:1028A0000022C3F80021D3F80021012208491A6050
:1028B000096811B1C3F804237047D3F80021002A36
:1028C000FBD00022C3F80021D3F80031704700BFCD
:1028D000EC0B00204FF05023D3F80423D2070DD582
:1028E000D3F8002152B10022C3F80021D3F800210F
:1028F0000122C3F80823024B1B681847704700BF2A
:10290000EC0B0020054B0246187918B91A60012219
:102910001A7170476FF07700704700BFF40B00200A
:102920004FF050230022C3F82021D3F820210122A8
:102930009A61094A126822B14FF48072C3F80423E5
:102940007047D3F82021002AFBD00022C3F82021B1
:10295000D3F82031704700BFF40B00204FF0502314
:10296000D3F80423D2050ED5D3F820215AB1002282
:10297000C3F82021D3F820214FF48072C3F8082334
:10298000014B1B6818477047F40B0020074B0246A9
:10299000187938B91A6001221A714FF05023C3F820
:1029A000802570476FF07700704700BFFC0B002058
:1029B0004FF050230022C3F82421D3F82421012210
:1029C0001A62094A126822B14FF40072C3F8042354
:1029D0007047D3F82421002AFBD00022C3F8242119
:1029E000D3F82431704700BFFC0B00204FF0502378
:1029F000D3F8042392050ED5D3F824215AB100222E
:102A0000C3F82421D3F824214FF40072C3F808231B
:102A1000014B1B6818477047FC0B0020074B024610
:102A2000187938B91A6001221A714FF05023C3F88F
:102A3000182570476FF07700704700BF040C002026
:102A40004FF0502310B5D3F818141E4C11F4803FEA
:102A5000D3F818241AD002F00302022A04D0012A63
:102A600001D004F01CFF01224FF05023C3F81825B9
:102A70000022C3F80421D3F8042101229A602268BD
:102A80008AB9D3F80421002AFBD014E0D3F8142427
:102A9000D207E8D5D3F81C2402F00302013A012A38
:102AA000DFD822681AB10222C3F8042310BDD3F87C
:102AB0000421002AFBD00022C3F80421D3F80431FA
:102AC000F4E700BF040C0020F8B54FF050230125B7
:102AD0000026D3F80443184F04F0820404B9F8BD6B
:102AE000B4FA84F0C0F11F00830003F580739BB239
:102AF00003F15023196805FA00F224EA02040029C0
:102B0000ECD01E601B684FF050230128C3F8082347
:102B10000ED1D3F81824D3F8182402F00302012AA6
:102B200006D10221C3F81815C3F804139A60D5E73B
:102B30003B68C0B29847D1E7040C0020036803F05B
:102B40001F025B09026004D0012B034818BF00205C
:102B500070470248704700BF002884500025845009
:102B6000034A4309D35C00F01F001844C0B2704709
:102B7000718F0000034611F0010010B5CCB20BD1EB
:102B8000A207C4F340000DD5074A106A58601062CE
:102B9000003818BF012005E004490A6A1A600A6279
:102BA000002AEDD010BD00BF0028845000258450BD
:102BB000F7B504460846FFF7D3FF06B204EB460616
:102BC000B38A0D46DB072BD5204604F06BFF294660
:102BD000204604F0D7FE58B1204604F0E9FE00225A
:102BE000276800B207EB8003C3F81025C3F810254F
:102BF0002946204604F005FF002101A8B182019575
:102C0000FFF79CFF019B00EB8300D0F80022064BEE
:102C1000134043F00203C0F80032084603B0F0BD91
:102C20006FF01500FAE700BFF0F0FCFF70B590F808
:102C30008C40054690F88D6024BB214660221430FC
:102C400005F0A6FA2146114B286853F836608E42EB
:102C50000ED10024C0F87C41D0F87C3140F307301D
:102C6000FEF70AFA0123204685F88C30AB6770BD69
:102C7000CBB29B0003F580727C2B04BF8450835839
:102C80000131E4E76FF07700F1E700BFE087000073
:102C900090F88D00024B03EB800004F054BD00BFA0
:102CA000CC00002010B5064B90F88D000C4603EBCD
:102CB000800004F02EFD0028A4BF2070002010BD6D
:102CC000CC0000202DE9F04F814659F804BB90F864
:102CD0008D40DBF804136B4BC9B2804653F83420A7
:102CE00058468BB041F0004104F0B5FE051E36DABF
:102CF0000023CDE90833634B08A803EBC4035B68EA
:102D000019460193FFF736FF042303EBC403039333
:102D10005D4B0DF1200A02930023029A009312F8F2
:102D2000013B58490292039A02EBD3028A5C03F0FA
:102D3000070322FA03F3DA0719D4009B0AF1040A05
:102D40009BB14FF000410022584604F084FE0199E7
:102D500008A8FFF70FFF0028DAD125F0004501246D
:102D6000002D78D10BB0BDE8F08F0123D5E7009B93
:102D7000464A13440493DAF800100029DDD091FA92
:102D8000A1F1B1FA81F1049B1C7841EA4414204678
:102D9000FFF7E6FE08EB4000878AC808BB080593EA
:102DA00001231AF8002001F0070103FA01F122EAD9
:102DB00001020AF8002007A80794FFF7BFFE079A50
:102DC000059B803250F82220C7F382065B07374606
:102DD000C2F3014223D54846D6B221463A4604F012
:102DE000F1FD07A80794FFF7A9FE079B803350F871
:102DF0002330C3F301439E4207D10021204604F053
:102E0000B2FD3146204604F0AEFD07A80794FFF757
:102E100095FE0122079B02FA03F30362ABE7022A45
:102E20000DD10321204604F09EFD06F00503012B81
:102E3000EBD13A462146484604F0C4FDE5E70221BD
:102E40002046059204F08FFD032EF2D0059A032A46
:102E5000DBD1022EECE795FAA5F3B3FA83F304FA7B
:102E600003F225EA020503F5A2725BF8222008EBC3
:102E700043034846B3F87C10C2F3014204F0A2FDBC
:102E80006EE700BFE0870000818F0000818F0000A7
:102E900038B5EFF31185202383F31288BFF36F8FCA
:102EA000064B9C6804F0F3FF85F31188BFF36F8F26
:102EB0002046BDE83840FEF783B800BF0C0C002068
:102EC00038B50A4B53F82040013053F82050A54242
:102ED00000D838BD606830B1037FDB0701D404F04F
:102EE000ABFF0834F3E723689847FAE7F087000060
:102EF000012270B52A4B032086B01A70FFF7E0FF5D
:102F0000FEF7EAFBFDF760FC0420FFF7D9FF254C34
:102F1000254D2646AE4204F1300410D300F056FC95
:102F2000204C224EAC4226D300F064FC05F006F99A
:102F30001F4A137B23F00103137306B070BD54F8CE
:102F40000C3C059354F8103C049354F8143C039340
:102F500054F8183C029354F81C3C019354F8203C5C
:102F6000009354E90A2354E90C0100F025FA54F8BF
:102F7000303C5E65CDE7D4E90A23B3F1FF3F08BFDB
:102F8000B2F1FF3F05D052EA0301206803D100F0FF
:102F9000EDFC3034C6E73146183000F085FEF8E726
:102FA00005170020C0850000208600006180000019
:102FB000F8030020B02370B5144E86B003FB006602
:102FC000134B012205930F23CDE903320023CDE9F2
:102FD000013314234FF4A0720E4D0F4903FB00552B
:102FE000044602FB00110D4B3046009500F0E4F959
:102FF000737B2C7423F004037373094B013403EBCC
:10300000C423EE606B6006B070BD00BF48030020B3
:10301000838F00000C0C002008270020557F000043
:10302000081F0020BFB50020FFF74AFF294B03F51A
:10303000006282F3088883F30A880024E023264D87
:10304000264F85F82230EC772C766C76AC7685F8B6
:1030500020406B6A43F4E0236B6285F82340FDF760
:1030600029FFFEF79BF84FF0FF33AB62EB62FEF7F0
:1030700021FAFEF7B7F81A4800F004FAFEF70EFB43
:103080000120FFF71DFF0220164DFFF719FF00F08A
:10309000E5FB154B15495D61154B4FF40062059337
:1030A00001232846CDE90343CDE901443B46009482
:1030B00000F082F906466A7B284622F004026A7311
:1030C00004F0A2FF2046FFF775FF3A463146284636
:1030D000FEF742F8081F002000ED00E0F12E00008E
:1030E000A8040020F80300200C0C00204828002031
:1030F000888F0000002038B5054C064DAC4200D347
:1031000038BD204604F0C6FE0028F9DB1C34F5E784
:10311000600100206001002073B50C46EFF31181BF
:10312000202585F31288BFF36F8FC5685DB12560D8
:103130002B68C360836901338361002081F31188A8
:10314000BFF36F8F11E052EA030603D16FF00B005B
:103150002560F3E7CDE900230246083000F07CFA51
:1031600018B9034B9B681B69236002B070BD00BF98
:103170000C0C00202DE9F341044617461E46EFF3E0
:103180001188202383F31288BFF36F8FC368334AFB
:103190007BB180689168884219D057EA060318D13C
:1031A00088F31188BFF36F8F6FF00F0002B0BDE896
:1031B000F081916891F90E100133E3609368216109
:1031C000A36088F31188BFF36F8F0020EEE72169B9
:1031D000F2E791F90E1090F90E306FF07E029942ED
:1031E000A8BF19469142B8BF11468B422DDD04F0AD
:1031F000BCFE054622464146CDE90076184800F05F
:103200002BFA0028E1D0EFF31186202383F31288F4
:10321000BFF36F8FA068D0B1236821699C420AD0A8
:103220004BB193F90E309942A8BF19466FF07E0357
:103230009942B8BF194604F098FE40B1314608489B
:1032400000F09EFA6FF00A00B0E70025D2E7002DEB
:10325000F4D186F31188BFF36F8FF3E70C0C0020D5
:1032600006170020F8B583680546002B40D0234A96
:10327000926893423FD1C368012B03D9013BC360DD
:103280000020F8BDEFF31187202383F31288BFF3EA
:103290006F8F0169806804F068FE2C68A54207D131
:1032A0000023C5E9023387F31188BFF36F8FE7E787
:1032B000002CF5D0D4E90032002613605A60637BFD
:1032C000C4E9006623F002036373A66004F11800EA
:1032D00004F008FFAC6094F90E3020462B61C4F86E
:1032E000AC6004F091FE3946054800F049FAC7E7A2
:1032F0006FF01500C5E74FF0FF30C2E70C0C00205F
:103300000617002070B5EFF31186202383F312888F
:10331000BFF36F8F0468A0421BD0D4B1D4E9003250
:10332000002513605A60637BC4E9005523F0020353
:103330006373A56004F1180004F0D4FE2046C4F8BD
:10334000AC5004F061FE3146BDE87040064800F024
:1033500017BAD0E902329A4218BF0133836086F36C
:103360001188BFF36F8F70BD0617002013B5EFF300
:103370001181202484F31288BFF36F8F846844B1D5
:10338000013C846081F31188BFF36F8F002002B08D
:1033900010BD52EA030406D181F31188BFF36F8F89
:1033A0006FF00F00F3E7CDE900230246014800F07B
:1033B00053F9ECE7061700202DE9F04F984685B049
:1033C00000F15803C0E91633129B00250373042350
:1033D000D61D26F007064373119B01EB060A0F4624
:1033E000C0E90655514685608373C5730446DDF810
:1033F00038B0DDF84C90FDF74FFB109B073020F004
:103400000700C4E92576C4F89C0002930F9BAAEB41
:103410000006CDE900B33246434639462046FDF763
:103420007FFE0F9BC4E9188BA366109B6565E3665E
:10343000EFF31183202282F31288BFF36F8F104FB6
:103440003A6A3C62226783F31188BFF36F8FB9F148
:10345000000F11D01F22494604F1740004F0A0FEB1
:1034600084F89350BB680BB1D3F8A0303046C4F851
:10347000A03005B0BDE8F08F84F87490F2E700BF8B
:103480000C0C002040F2011383810023C0E9253396
:10349000C0F8A030014B9860704700BF0C0C0020B2
:1034A0006FF00A01094A9368C3F8AC100849C3F8E1
:1034B000A8004B6843F080534B60002383F31188CE
:1034C000BFF36F8F9368D3F8AC0070470C0C0020EB
:1034D00000ED00E070B590F90D20437B002A36DB4B
:1034E000D90634D11B4C63F07F032246437352F854
:1034F000183FE169934207D1C0E900210860E0610B
:1035000011E09942F8D01B68002BF5D090F90E50CD
:1035100093F90E60B542F4D0AE42F2DD5968C0E9CD
:10352000003108605860A569954200D005B9E5688A
:10353000A3685A7BD20604D1DA897F2A01D9AA6905
:1035400032B1AB4202D0284600F00AFB656170BD83
:103550006361FCE70C0C002038B590F90D200146A2
:10356000002A437B04DA03F07F03437304F012FD67
:103570000D4D2A4652F8184FAB68944200D004B95A
:10358000EC688B4207D05A7BD20604D1DA897F2AB5
:1035900001D9A2692AB1A34202D0204600F0E0FA84
:1035A00023466B6138BD00BF0C0C0020B3F1FF3F18
:1035B00008BFB2F1FF3F03D00249183000F074BBDE
:1035C000704700BF6180000070B590F90D20014682
:1035D000002A437B04DA03F07F03437304F0DAFC30
:1035E0001C4C4B7B224663F07F034B7352F8183F11
:1035F000E069934207D1C1E900200160E16111E077
:103600009842F8D01B68002BF5D091F90E5093F931
:103610000E60B542F4D0AE42F2DD5868C1E9003028
:1036200001605960A569A368954200D005B9E568B5
:103630008B4207D05A7BD20604D1DA897F2A01D97E
:10364000AA692AB1AB4202D0284600F089FA2B467B
:10365000636170BD0C0C0020F8B5DDE906670D4B09
:103660000C46986811460C4A1060EFF31182202234
:1036700082F31288BFF36F8F9D68284604F09CFC8C
:10368000284632463B46FFF791FF2046BDE8F8400A
:10369000FFF706BF0C0C0020300C0020F8B50446E4
:1036A000EFF31187202383F31288BFF36F8F437BDF
:1036B00049B203F01F02002A0CBF0126002639D1AF
:1036C00003F07F032D4D437304F064FC2A46437BD3
:1036D000817363F07F03437352F8183F934227D1FD
:1036E000E869C4E900200460EC610FE09842F8D07A
:1036F0001B68002BF5D093F90EC06145F6D08C45C0
:10370000F4DD5968C4E900310C605C60AC69944236
:1037100000D004B9EC68AB689C4202D0204600F0AF
:103720001FFA6C6187F31188BFF36F8F3046F8BDC5
:10373000E869DEE79B071ED5856804F02BFC8173E2
:103740002B689D4209D16B68C4E900531C606C6012
:10375000E8E76A689342F6D01B68002BF3D093F930
:103760000E209142F5D08A42F3DD5A68C4E9003256
:1037700014605C60D6E78173D4E700BF0C0C0020B6
:1037800049B9EFF3058030B9054B5A699B689A42F5
:1037900001D0FFF785BE81F31188BFF36F8F7047AB
:1037A0000C0C0020034648B9EFF3058232B9064AF3
:1037B00051699268914201D0FFF772BE83F311887C
:1037C000BFF36F8F704700BF0C0C0020EFF3118127
:1037D000202383F31288BFF36F8F054B9A68D37B46
:1037E000013BD37381F31188BFF36F8F704700BF24
:1037F0000C0C002070B5EFF31186202383F31288A0
:10380000BFF36F8F144DAB68DA7B0132DA732A464F
:1038100052F8184F944200D004B9EC685A7BD20693
:1038200004D1DA897F2A01D9A2692AB1A34202D040
:10383000204600F095F923466B6186F31188BFF3AB
:103840006F8FEFF31180202383F31288BFF36F8F04
:10385000BDE87040FFF7A6BF0C0C0020024B03F13F
:103860001802C3E9062270470C0C002070B5EFF374
:103870001186202383F31288BFF36F8F1B4CA1683E
:10388000E0690B68814214BF1A46002249680B6048
:103890005960A368E1692AB9154AC3E900210B60A0
:1038A000E3610CE093F90E0092F90E50A84218D093
:1038B000854216DD5168C3E900210B605360A5699C
:1038C0000B4B9D4200D005B9E568A3689D4202D02C
:1038D000284600F045F965613046BDE87040FFF7C5
:1038E000DFBD8A42D8D01268D5E700BF0C0C00209B
:1038F000240C0020F8B550EA010306460C4603D11B
:10390000FFF7B4FF0020F8BDEFF31187202383F306
:103910001288BFF36F8F124D124BA8681860FFF723
:103920001BFEA868234632460F49183000F0BCF948
:10393000AA680446537B384643F004035373FFF7E9
:10394000AFFDAB68D3E90A23B3F1004F08BF002AEB
:10395000D8D104F0EFFB201A20EAE070D3E700BFD3
:103960000C0C0020300C00206180000038B50446AB
:10397000EFF31185202383F31288BFF36F8F437B0E
:103980005B070FD5183004F0ADFB637B204623F0B6
:1039900004036373FFF79EFD2946BDE838400448E1
:1039A000FFF7EEBE85F31188BFF36F8F38BD00BF00
:1039B00006170020014B9868704700BF0C0C0020D0
:1039C0002DE9F8430446077BEFF31185202383F3A9
:1039D0001288BFF36F8F437B190705D585F31188D4
:1039E000BFF36F8FBDE8F883D90943F0080260D1B7
:1039F0004273A36813B1204604F0D4FA04F118000E
:103A000004F070FBA66D04F15808B04511D04FF0DA
:103A1000000976B1304604F0C5FA06F1180004F04A
:103A200061FB3046C6F8AC90FFF754FDA66DB0457B
:103A3000EFD1DFF8C480D8F808309C4241D1EFF3D1
:103A40000589B9F1000918BF4FF00109D8F81860CD
:103A50002A4A964200D00EB9D8F80C60B34202D080
:103A6000304600F07DF82046C8F8146003F0CEFB25
:103A7000204600F0CDF8B9F1000F02D02048FFF742
:103A800001FDD8F808309C4231D1EFF3058373BBB8
:103A9000227BD20718D42846FFF702FDFB07A1D5E9
:103AA000002383F31188BFF36F8F0423184602DFCE
:103AB00098E703F07F0343F00803437304F06AFAC6
:103AC00097E74FF00009C1E785F31188BFF36F8FC7
:103AD00083F31188BFF36F8F0423184602DFEFF3DF
:103AE0001180202383F31288BFF36F8FD4E785F30F
:103AF0001188BFF36F8FD1E70C0C0020240C00203D
:103B0000A80400200122044BC01A044BC0105843E3
:103B1000034B1A54704700BF58050020ABAAAAAA4D
:103B200006170020C3897F2B12D80A4B1B6863B18C
:103B3000094B90F90E201B689A4209DB437BDB0698
:103B400006D1064BC31A18BF012303F001007047CA
:103B50000023FAE7D8000020D4000020480300200A
:103B600070B50E4B0E4C1E7C054606EB460304EB6F
:103B7000C304204604F0B6FA00220A4B28469A55A0
:103B8000FFF7D0FF48B1084B2046BDE870401A68E7
:103B90000649013AD31700F087B870BD0C0C00201D
:103BA0005805002006170020D8000020053B000023
:103BB00038B5EFF31185202383F31288BFF36F8F9D
:103BC000104B114A9C681068A04206D1FFF7C8FF4D
:103BD00085F31188BFF36F8F38BD00211B7C116006
:103BE0000A4AD35C002BF3D02046FFF79BFF002846
:103BF000EED0637BDB0602D12046FFF7E5FC2046D2
:103C0000E4E700BF0C0C0020300C00200617002059
:103C1000EFF31181202383F31288BFF36F8F0A4AD9
:103C2000136A834207D11B6F136281F31188BFF3BC
:103C30006F8F70471346002BF7D01A6F8242F9D16D
:103C4000026F1A67F1E700BF0C0C0020024B1868E6
:103C5000984208BF00207047DC000020034B1B681F
:103C60000BB9FEF793BC0020704700BF340C002056
:103C700030B570B10B4B5B6898420AD0036843B112
:103C8000D3E90421D0E90445121941EB0501C3E948
:103C90000421D0E9003213605A600023C0E90033E8
:103CA00030BD00BFDC000020B3F1FF3F08BFB2F120
:103CB000FF3F2DE9F84F0446994615461F467AD036
:103CC0008160EFF31188202383F31288BFF36F8F95
:103CD000B9F1000FDFF8E4A020DBFFF7BFFFDAE95E
:103CE0000027013549F100092D1849EBE07306461C
:103CF0004FF00109C4E90453AD1843EB0707FFF780
:103D0000A5FF0346DFF8B8E0DEF804A0EBB9C4E98C
:103D100000EACAF80040CEF8044028E06FF0010342
:103D2000DAE900125B1A4FF0FF3161EB02025B1B14
:103D300062EB0902012B72F10001BCBF01230022DA
:103D40004FF00009C0E90432D9E7D3E9041CD4E9F3
:103D500004208A4270EB0C0B24DA891A5A686CEB47
:103D60000000C3E90410C4E9003214605C60FFF78E
:103D70006DFF84420ED1134B1B685BB9B9F1000F84
:103D800002D1FFF76BFF0646304604F094F900219C
:103D9000FEF7CEFB88F31188BFF36F8F28463946B4
:103DA000BDE8F88F521A60EB0C009A45C4E9042074
:103DB000ADD01B68AAE700252F46EFE7700500206D
:103DC000DC000020340C00202DE9F047EFF31185D2
:103DD000202383F31288BFF36F8FDFF8A0900026B3
:103DE000C9F800000027FFF731FFDFF89480D9F809
:103DF0000030D8E900ECD91750B1D0E90442A34211
:103E000071EB020A1BDAE41A62EB0102C0E9044218
:103E1000002413EB0E034CEB01012046C8E90031EE
:103E2000C9F8004004F047F92146FEF781FB85F30D
:103E30001188BFF36F8FBDE8F047FFF7B9BE14EBF1
:103E40000E024CEBE473C0E90467C8E90023FFF7F6
:103E50000FFF85F31188BFF36F8F83689847EFF3E7
:103E60001185202383F31288BFF36F8FD9F80030B8
:103E70001B1BC9F80030FFF7E9FEB8E7340C00203F
:103E80007005002010B5EFF31184202383F312880E
:103E9000BFF36F8FFFF7E2FE0346054AD2E9000148
:103EA000181841EBE37184F31188BFF36F8F10BDD5
:103EB0007005002010B50C4C236813B10B4B1B6828
:103EC0002BB900F05FFE30B90122084B1A600123C4
:103ED0002360002010BD0138072801D9044810BD17
:103EE000044B53F8200010BD3C0C0020380C00207F
:103EF000FE8FFFFF08880000BFF34F8F0549064B78
:103F0000CA6802F4E0621343CB60BFF34F8F00BF77
:103F1000FDE700BF00ED00E00400FA0530B44FF00B
:103F2000FE3200250B4B0C4C0C494968C3F80024A9
:103F3000C3F80424C3F80824C3F80C24C3F81024DD
:103F4000C3F81424C3F81824C3F81C24C4F800557B
:103F500030BC08470050845000408450E4000020EA
:103F6000024BD0E90012C3E900127047E4000020C0
:103F7000144B2DE9F043002814BF04461C46124F91
:103F8000236883B0BB4219D016460D4620464FF435
:103F9000E07104F1040900F0EDF804F58E7848466C
:103FA00000F0D0FC404600F0F3FA2B464A4640466B
:103FB0000649009600F002FB08B92760002003B014
:103FC000BDE8F083400C0020A5BCC95AC9490000D7
:103FD00070B50D4C1D46002814BF064626460B4BF7
:103FE000306882B098420DD106F58E7000263346B7
:103FF0000096144600F032FB002818BF34462C60AF
:1040000002B070BD0248FBE7400C0020A5BCC95AB5
:10401000E88FFFFF10B5044650B1636813F0685F86
:1040200005D0064A934202D000236260236010BD8F
:10403000034B04485B689847EFE700BF2C5F5CA91F
:10404000E400002028880000C8B143680D4A93426C
:1040500013D013F0685F0ED0012350E8002F1946EB
:1040600040E8001C9CF0000FF7D1012AF5D0BFF307
:104070005F8F0020704704487047044870476FF412
:10408000E04070472C5F5CA9E98FFFFFEA8FFFFFDC
:10409000034680B1426809498A420AD012F0685F3B
:1040A00005D0BFF35F8F002210461A6070470448A6
:1040B0007047044870476FF4E04070472C5F5CA97C
:1040C000E98FFFFFEA8FFFFF10B5044620B1002300
:1040D000034A2360626010BD0248FFF71FFFF6E746
:1040E0003A00003A5088000070B5194CD0F804C06E
:1040F0000668C4F804C0D0F808C0C068C4F808C096
:10410000E06026600868134B134D18604868D5F8C6
:1041100018215860886812F0685F9860C86809695B
:10412000D860196112D000230C4A05F58A70C5F8D1
:104130001431C5F8B831C5F81821C5F8BC21B0470D
:10414000236805F5DC70BDE87040184770BD00BFFE
:1041500000010020EC000020400C00202C5F5CA936
:1041600038B131B1002201440346013081421A7056
:10417000FAD1704738B131B1002201440346013011
:1041800088421A70FAD170472DE9F04FB2F5C07F1E
:10419000BDB000F2DA800C46DFF8B491154600217C
:1041A0004FF4D07282460DF17C08484603F0F0FFD0
:1041B000404601F059F930232146002409F1180640
:1041C0002A4689F8173030466BBAA9F81230A9F898
:1041D000104003F0B6FF8022234672550DF12B01EB
:1041E00001F8013F0133202BFAD14FF48072404691
:1041F0000BA901F04FF98346002840F0A38005F198
:10420000190313AD2F4607AE0293CDF80CA001960B
:10421000049510220021019803F0BAFFDFF834A1C1
:10422000DDF808B005970A9B5AF8044C089F099AD4
:1042300007995AF8100C5AF80C6C5AF8085C5C4054
:10424000019B7E40554081EA00071A460121404605
:10425000CDE90776CDE9095401F03EF9BBF1100F25
:1042600094BFABEB0B0BABF1100B0AF1100A00285B
:1042700047D1BBF1000FD6D1059F102238460199D6
:1042800003F05FFF99F8033010370133474589F891
:104290000330BED1049D4FF4807229464046DDF8BC
:1042A0000CA0019E01F0F6F8834678BB54460AF153
:1042B00030071BAB1A460121404601F00DF9834639
:1042C00020BB102220461BA9144403F03AFFA7424A
:1042D000EFD1404601F0D8F84FF4D0711C48FFF7F9
:1042E00049FF28463021FFF745FF0BA82021FFF7A3
:1042F00041FF30461021FFF73DFF58463DB0BDE875
:10430000F08F8346DDF80CA0019E049D404601F02D
:10431000BBF84FF4D0710E48FFF72CFF2846302130
:10432000FFF728FF20210BA8FFF724FF10213046BC
:10433000FFF720FF30215046FFF71CFF58463DB0E5
:10434000BDE8F08F13AD07AEE0E76FF0370BF5E790
:10435000100E0020200E00202DE9F0418CB0044604
:104360000D463022002168466F4603F011FF04F12C
:104370002006E27B0132D2B2E273002A4DD1A27B49
:104380000132D2B2A273002A47D1637B0133DBB280
:104390006373002B41D1237B0133DBB22373002BEA
:1043A0003BD1E37A0133DBB2E372002B35D1A37A40
:1043B0000133DBB2A372002B2FD1637A0133DBB25E
:1043C000637253BB237A0133DBB223722BBBE379D5
:1043D0000133DBB2E37103BBA3790133DBB2A37119
:1043E000DBB963790133DBB26371B3B9237901338C
:1043F000DBB223718BB9E3780133DBB2E37063B9CD
:10440000A3780133DBB2A3703BB963780133DBB22D
:10441000637013B92378013323703B462246012190
:10442000304601F059F88046002841D110370CABD6
:104430009F429ED1029AAB68039953400293304643
:10444000EE68D5F820804E40039604992E69D5F881
:1044500028C04E4004966E6905990B9F4E40059604
:104460000699AE69009B4E400696EE6907994FF497
:1044700080724E400796089ED5F824E088EA060828
:10448000099E8EEA060E0A9E8CEA0601EE6A7E40BE
:104490002F687B4000936B68019D6B400193CDE9D1
:1044A000088ECDE90A16694600F0F4FF804638B15F
:1044B00068463021FFF75EFE40460CB0BDE8F08153
:1044C0001022204608A903F03CFEF1E72DE9F8434D
:1044D0001D468369B3F5C07F52D81646C3F5C07236
:1044E000AA424DD3C5F5C072D31AB34248D304468D
:1044F000DFF898904FF4C0720F464846002103F051
:1045000047FE4946D4F89430A269D4F898009847F9
:10451000002838D1D4F818803DB1D4E925302A4696
:1045200009EB0801984770BBA84407B1C6B9174901
:1045300042460846FFF728FE054638B14FF4C071E1
:104540001248FFF717FE2846BDE8F88320460F49BA
:10455000FFF702FF05460028F0D101232361EDE7B4
:104560003946324609EB080003F0EBFD0749B04439
:1045700042460846FFF708FE05460028DED1E5E77B
:104580006FF03705DFE76FF03305DCE7B00F002091
:1045900010B5A4220021044603F0FAFD4FF0FF31CC
:1045A0004FF6F072044B2161E26104F19C001B683C
:1045B000BDE81040184700BF500100202DE9F0472A
:1045C000054688B00F4616460021202268469846C8
:1045D00003F0DEFD1F4B05F19C0948461B68984718
:1045E000044618B1204608B0BDE8F08705F1200A5E
:1045F000504600F039FFAA69C5E92576F2B92023B3
:104600002E69AB61002E22DB694650464FF4807262
:1046100000F040FF044630B9334641462846109A20
:10462000FFF754FF04460C4B48461B689847002888
:1046300018BF0446204608B0BDE8F0872E69002E5A
:10464000E2DA2F2A96BF013226465608DCE710260A
:10465000DAE700BF4C010020480100202DE9F04FAF
:10466000B2F5806F91B01A9F00F2E380B7F5807FBA
:1046700000F2DC80044615460E463022002104A8D4
:10468000984603F085FD6C4B04F19C0948461B6875
:1046900098478346002840F092802269E3699A4255
:1046A00000F391806369002B40F08D80002F40F073
:1046B000A980DFF888A16F46002D00F098806F4632
:1046C00004F120080EE0102DAB4628BF4FF0100B70
:1046D000304639465A4603F034FDB5EB0B055E44CF
:1046E00000F08580E37B0133DBB2E373002B4DD117
:1046F000A37B0133DBB2A373002B47D1637B013370
:10470000DBB26373002B41D1237B0133DBB2237314
:10471000002B3BD1E37A0133DBB2E372002B35D1BE
:10472000A37A0133DBB2A372002B2FD1637A01335A
:10473000DBB2637253BB237A0133DBB223722BBB30
:10474000E3790133DBB2E37103BBA3790133DBB25D
:10475000A371DBB963790133DBB26371B3B9237938
:104760000133DBB223718BB9E3780133DBB2E37041
:1047700063B9A3780133DBB2A3703BB9637801332B
:10478000DBB2637013B92378013323703B462246B2
:104790000121404600F0A0FE8346002893D0DAF8BD
:1047A0000030484698470346302104A8002B18BF24
:1047B0009B46FFF7DFFC10213846FFF7DBFC58462D
:1047C00011B0BDE8F08F3A46414600232046FFF77E
:1047D0007DFEDFF868A000283FF46DAF4846DAF8A8
:1047E00000309847834600283FF465AFE7E720464E
:1047F00004A9FFF7B1FD83460028D0D12369013316
:104800002361CCE73A46414604A8FFF7BDFC834646
:1048100018B16F46DFF824A0C1E7204604A9FFF7CE
:104820009BFD834600283FF444AFF2E76FF0370B5F
:10483000C5E76FF0350BC2E74C01002048010020AE
:104840002DE9F043202B1D460646884691468BB045
:1048500026D8DBB202AF8DF80480B04658F8041BAE
:104860008DF8053021B9404600F078FE044640B985
:10487000012302224046336001A900F083FE044672
:1048800038B138462021FFF775FC20460BB0BDE853
:10489000F0832A464946404600F074FE0446F0E79D
:1048A00002AF1946104600233A4600F0F1FF0446D5
:1048B0000028E6D12023B9461D46CCE72DE9F0417A
:1048C000D0F8F830A6B0002BD8BF02AE31DD0546D7
:1048D0000027D0F80C4102AEA4F101089022D5F8CF
:1048E000FC403146D0F8000101AB0197B8FA88F8D6
:1048F000A0474FEA5818044620B9019B53B9B8F1B4
:10490000000F16D030469021FFF734FC204626B029
:10491000BDE8F081014632462846FFF791FF58B9BD
:10492000D5F80431019A1344C5F80431B8F1000FE9
:10493000E8D16FF03C04E5E70446204626B0BDE828
:10494000F08100BF70B500250446142204F5887676
:104950002946C0F8F850FC3003F01AFC082229461A
:10496000304603F015FC144B30461B689847204630
:1049700040F8045B00F0D8FD104B30461B689847A8
:10498000C8B9D4F8F830AB420FDC03EB830204EB78
:1049900082022021C2F800010120C2E94210084928
:1049A0000133C2F8FC10C4F8F830064B3046BDE8BD
:1049B00070401B68184770BD500100204C0100205A
:1049C00065530000480100202DE9F047202A88B0F7
:1049D0007AD83F4B00F5887904461B68484617464D
:1049E000884698470546F8B940F20116D4F8F830E1
:1049F000002B65D02046FFF761FF054638B9D4F893
:104A0000F830002B14DC013EF2D16FF03B056E460E
:104A100020213046FFF7AEFB2E4B48461B689847D7
:104A2000002818BF6FF01D05284608B0BDE8F087C4
:104A3000D4E94132934203D3D4F80C21012A02D0A5
:104A4000013ED7D1E1E71F2BFAD96E46014620225D
:104A5000304604F1040A03F09BFB3146504600F057
:104A6000BBFD05460028D3D1504600F071FD5046ED
:104A700000F05AFD2946504600F070FD054600281A
:104A8000C6D150462022314600F07CFD0546002864
:104A9000BED1034632462021304600F0F9FE0546DD
:104AA0000028B5D1D4F8F8303A46002BC8BF00230F
:104AB00040463146C8BFC4F8043103F042FBA7E7C3
:104AC0006FF03F056E46A3E76FF03B05ACE700BF14
:104AD0004C01002048010020002130B58DB0282273
:104AE00002A8019103F054FB02A800F0F9FE04466D
:104AF00010B120460DB030BD1B4D4FF0FF3128687E
:104B000000F034F960BB194BD3F8340E10F00100FB
:104B100017D100F05BF9F8B9154A02A901A800F015
:104B200013FC0446012000F051F988B9286800F010
:104B300025F90028DDD00F48FFF7F0F920460DB029
:104B400030BD2868052400F019F90028D1D0F2E71B
:104B50000948FFF7E3F9E9E70848FFF7DFF9DBE782
:104B60000748FFF7DBF9CEE73401002000608450EE
:104B700030110020CC880000AC8800008C88000038
:104B80007488000030B583B000F036F878B900F0D2
:104B900055F890B9144BC3F80C0AFFF79DFF044673
:104BA000F8B9124D2B6863B1204603B030BD032421
:104BB00000F072F8204603B030BD0424204603B054
:104BC00030BD02460146FFF7D3F950B968220849C3
:104BD00001ABFFF7FDF920B92046064B2B6003B06F
:104BE00030BD0524E0E700BF005084505013002082
:104BF000541300205AEA5A5A00207047430504D53E
:104C00004FF0FF32034BC3F80821024BC3F8080AE8
:104C1000704700BF00508450014BC3F8040A70472E
:104C20000050845008B100F071B84FF4750070471F
:104C300008B100F04FB84FF47500704710B5114837
:104C400000F080F800B110BD0F4800F07BF800289C
:104C5000F9D10E4C204600F075F80028F3D10C4B2A
:104C60000C481C6000F06EF801460028EBD100F003
:104C70002DF8044608B1204610BD00F089F8204602
:104C8000FAE700BF44010020400100203C01002061
:104C9000340100203801002008B5084800F05CF815
:104CA000074800F059F8074800F056F8064800F0A9
:104CB00053F8BDE8084000F00BB800BF44010020E5
:104CC000400100203C0100203801002000207047F6
:104CD000704700BF10B402460B4C01E0134207D1ED
:104CE000D4F8003A13F48070F8D0012042F48072B6
:104CF00029B1054BD3F804410C60C3F80841024BBD
:104D0000C3F8082A10BC7047005084500246084976
:104D100001E01A4207D1D1F8003A13F48070F8D0BC
:104D2000012042F48072024BC3F8082A704700BF8A
:104D30000050845003F012BA03F02ABA0A46002148
:104D400003F026BA08B5034B02681B681068984741
:104D5000002008BD0001002008B5034B02685B6815
:104D600010689847002008BD00010020024B02682F
:104D70009B681068184700BF0001002008B5034B6E
:104D80000268DB6810689847002008BD0001002019
:104D900070B5094C094D2069AB68984718B1084BAC
:104DA00008485B6898470021074AEB681160206952
:104DB000BDE87040184700BFEC0000200001002053
:104DC000E4000020E4880000BC130020F8B51A4D70
:104DD0001A4E0446B26828699047E8B9184F3B68F4
:104DE0004CB1A3B1012B19D0013B3B602869F3689A
:104DF00098470020F8BD43B90121124AC2F80015B6
:104E00001149D1F81029002AFBD101333B60F36826
:104E1000286998470020F8BD0C48F8BD0A4AD2F826
:104E20001039002BFBD1074A6FF07E40C2F80035E5
:104E3000FFF7F2FE3B68D7E7EC00002000010020FE
:104E4000BC1300200040845000508450E98FFFFFC5
:104E5000014B1B68184700BF00010020014B9B68F5
:104E6000184700BF00010020014BDB68184700BF56
:104E7000000100202DE9F041002873D00C460029E4
:104E800070D01D46002B6DD007461AB101220023B9
:104E90002A6003602B68002B5FD02946204600F073
:104EA000D9FD804600285AD12146286800F0B8FD77
:104EB0008046002853D12868082867D0042867D086
:104EC000A0F10200B0FA80F040090121314EC6F88D
:104ED000C411C6F84011C6F8C411636AC6F830316F
:104EE000D6F830219342F6D10023C6F82C314FF08A
:104EF000FF33C6F808316FF01B03C6F80031C6F85F
:104F00000C01D6F8040A40F48060FFF785FE0A23FE
:104F1000C6F83831069B012B29D023691E4AA2FB13
:104F200003231B09626A404602FB03F303EB4303BE
:104F3000184ADB039B09C2F8D8310123C2F82C318F
:104F40003B682A6823F07F4343EA02633B602A6898
:104F500043EA02233B60BDE8F081DFF84080404631
:104F6000BDE8F081DFF838804046BDE8F0814FF4BD
:104F70007F03D3F80C2C013206D0D3F80C3C064A40
:104F8000A2FB03231B09CDE71623CBE703209CE7F5
:104F900002209AE700508450ABAAAAAA310CF10073
:104FA000350CF10058B34B1EB3F5047F27D230B552
:104FB0004FF0000ECD00744671464B0901F01F0CF6
:104FC00050F82330BCF11F0F23FA0CF306D003F086
:104FD000010319B901211C468E46EEE79C4201F1FE
:104FE000010106D01C464FF0010EA942E5D1002078
:104FF00030BD0EF1010E9645F7D1024830BD014893
:10500000704700BF360CF100C0B32DE9F0434C1ED1
:10501000B4F5047F1DD2E3B1DAB100252E46A846CF
:105020002C46CF0003F1FF394FEA541C04F01F0E49
:1050300050F82C10BEF11F0F21FA0EFC0CD00CF012
:10504000010C4CB90126E04634463546ECE7964261
:1050500016D90C48BDE8F083AB420BD0C44508BF5D
:105060000136A945F3D001350134BC42DCD1002022
:10507000BDE8F0830125E0462E46F5E7014870477C
:105080001D46F1E7370CF1002DE9F04F8FB0824655
:10509000DDE919460D46002E6ED1096904911C60A8
:1050A000002318990B60002A00F02881994B6A6A46
:1050B000D3F83811D3F830319A4269D10A2967D12F
:1050C0009AF80330069304F1080305930423049A25
:1050D0000393914B8F4CA3FB023B4FEA9B0B0BEBD3
:1050E0004B0BA2EB4B0B189B049E1E60002E00F096
:1050F000E580002700F0BEFC0797BAF1000F00F032
:10510000D0804FF00109DDF81480002D00F0C98037
:10511000069B002B3ED0284606A900F09BFC0028E9
:105120003AD07E4B984220D0069B082B00F0E080BE
:1051300000225B000693294606AB50460092FFF71B
:1051400099FE774B984200F0CF8070B9DAF80020D2
:10515000130A03F47F03134323F07F43CAF800309C
:10516000039B013B0393BED10020039000F082FC1F
:1051700003980FB0BDE8F08F4FF47F01D1F80C0C0D
:1051800001300CBF4FF40471D1F80C1C049186E778
:105190006448EAE76248C4E72946069800F040FC04
:1051A0000028BED1069B082B00F0A480042B00F041
:1051B000A380A3F10203B3FA83F35B09C4F8C4919B
:1051C000C4F84091C4F8C4916A6AC4F83021D4F894
:1051D00030118A42F6D10022C4F82C214FF0FF3260
:1051E000C4F808216FF01B02C4F80021C4F80C3188
:1051F000D4F8040A40F48060FFF70EFD0A23C4F8D7
:1052000038312B69444AA2FB0313696A1B0901FB6D
:1052100003F303EB4303DB039B09C4F8D831C4F861
:105220002C910698DAF8003023F07F41030243EA1C
:1052300000630B43CAF8003007A800F0E1FB079BAE
:10524000354A03F01A0303437FF46EAFA2FB063224
:10525000D4F81431B7EB920F0893D4F818310993AE
:10526000D4F81C310A93D4F820310B93D4F82431AC
:105270000C93D4F828310D9302D1BBF1000F12D159
:105280004046182208A9183EFFF754FD08F11808F7
:1052900001379EB100F0EEFB00230793002D7FF451
:1052A00037AF21483DE740465A4608A9A6EB0B0612
:1052B000FFF740FDD8440137002EEBD1049F059E37
:1052C0006A6939463046FFF76DFEAA6940B94FF466
:1052D000806339463046FFF797FE00283FF444AF1D
:1052E0000023189A13601CE72B6A002B3FF43DAF94
:1052F0000E483AE7032361E702235FE701222946CC
:105300005046009606ABFFF7B5FD00283FF4DBAE34
:105310002BE700BF00508450ABAAAAAA020CF100F0
:10532000310CF100300CF100350CF100320CF100C1
:1053300010B4DDE9013401940024DDF80CC0CDE99E
:1053400002C410BCFFF7A0BE30B51546012487B0DB
:1053500005AB00930022CDE9015404ABFFF794FEA6
:1053600007B030BDF0B587B0002967D01E46002BCE
:1053700064D01446002A61D0324F0D4638684FF091
:10538000FF31FFF7F3FC00283DD12F4BD3F8340E4B
:1053900010F0010015D04FF0FF354FF408712B4885
:1053A000FEF7DEFE04212A48FEF7DAFE294828210E
:1053B000FEF7D6FE3868FFF7E1FC40BB284607B091
:1053C000F0BDFFF703FD002834D1224800F088FA31
:1053D00070B91E4A0346029205AA019204AA0390DC
:1053E00000921C4902461A48FFF7A2FF0346A0B1EB
:1053F0004FF0FF350120FFF7E9FC0028CDD016481B
:10540000FEF78CFDC9E71548FEF788FDBDE7144897
:10541000FEF784FD284607B0F0BD28461D46059BD3
:1054200022469C4228BF1A46049932600831FFF791
:1054300081FCDFE70B48FEF771FDC6E74FF0FF3553
:10544000BCE700BF3401002000608450EC13002052
:10545000C0130020C4130020AC8800007488000032
:10546000048900008C88000010B5044630B1002289
:1054700001236265A265E365236610BD0148FEF75E
:105480004DFDF4E71C89000018B174220021FFF7DC
:1054900053BC7047C8B1D9B108B50023C02A836393
:1054A00080F83C300FD0B2F5807F04D0802A03D042
:1054B0006FF01F0008BD02230363D2081030FFF70E
:1054C00039FC002008BD0123F6E76FF0210070478A
:1054D0006FF01F00704700BF70B5044686B0F8B18A
:1054E0001046EAB1E3B101291AD8A26B16D0012AFD
:1054F00016D1102500210DEB0506019602AA616365
:105500002946009500F0C8FA50B92B46324620468D
:1055100002A900F073FD18B906B070BD002AE8D0EA
:105520006FF02100F8E700BF10B5044628B120460F
:10553000BDE81040F421FFF701BC0448FEF7EEFC83
:105540002046BDE81040F421FFF7F8BB3089000089
:1055500010B1F421FEF704BE704700BF08B521B1B9
:10556000012908D06FF0360008BD012100F058F87D
:105570000028F7D108BD022100F052F80028F9D028
:10558000F0E700BF30B505468818B0F5801F0B4620
:105590001446A1B001D8802A0CD9B3F5801F17D9C1
:1055A00022461946284600F07DF8044684B9204674
:1055B00021B030BD6846FFF7BDFB2246694628464C
:1055C00000F070F8802104466846FFF7B7FBEDE76E
:1055D0006FF03604EBE700BF70B5E8B10E46D9B105
:1055E000044600F031F80546B0B92368012B0BD012
:1055F000022B01D0284670BD1C22304604F1080160
:10560000FFF798FB284670BD2022304604F10801C0
:10561000FFF790FB284670BD6FF03605EAE700BF44
:1056200078B138B50D46F0210446FFF787FB4023DB
:1056300020462560E36500F061FA003818BF0120BC
:1056400038BD0120704700BFF0B5056EA5B0044617
:1056500004AEE5B90023012701933046676029466F
:1056600002AA009300F018FA10B1012025B0F0BD95
:105670002A46204602A900F069FA0028F5D1204602
:1056800000F06CFB0028F0D1206625B0F0BD802D25
:105690002A46304628BF802204F16401FFF74AFB06
:1056A000256ED7E7002800F0AE802DE9F04F1446B4
:1056B000A5B0002A3DD00F46002949D0B2F5803F61
:1056C0000546006E20D34FF6FF7805F1640AEB6DB6
:1056D0001A1AB2FBF3F103FB1122002A65D18342AF
:1056E000B9464FF6FF7672D0B6FBF3FB03FB0BFB1C
:1056F000BBF1000F30D1002E45D1A4F57F44FF3C13
:10570000B4F5803F4744E2D2EA6D161AB6FBF2F3D5
:1057100002FB1366A64228BF2646002E75D18242A0
:1057200000F08D80B4FBF2F602FB06F62EB9002CD9
:1057300079D1002025B0BDE8F08F002331463846EE
:10574000CDE9003302AA00F0A7F9002800F0958007
:10575000012025B0BDE8F08F002359464846CDE929
:10576000003302AA00F098F90028F1D15A462846E1
:1057700002A900F0EBF90028EAD1A6EB0B06286E8F
:10578000D944002EB9D019304946324605EB800085
:10579000FFF7D0FAA4F57F44286EFF3C3044B4F5FF
:1057A000803F4744286692D2AEE7424528BF424632
:1057B000164639465044FFF7BDFA286EEB6D30446B
:1057C000834207EB06092866A8EB06068CD1802BDE
:1057D00028BF802351461A4604A8FFF7ABFA0023DE
:1057E000E96D02AACDE9003304A800F055F90028BC
:1057F000AED12846EA6D02A900F0A8F90028A7D189
:10580000EB6D286670E70120704705F164033946A7
:1058100032461844FFF78EFA286EEA6D3044A41B16
:10582000374428667BE72B6E2246193305EB83004D
:105830003946FFF77FFA2B6E23442B6679E7802ADF
:1058400028BF802205F1640104A8FFF773FA002342
:10585000E96D04A8CDE9003302AA00F01DF9002883
:105860007FF476AF2846EA6D02A900F06FF90028B0
:105870007FF46EAFEA6D286654E73246284602A9E7
:1058800000F064F900287FF463AF3744A41B4EE7AF
:10589000F8B51C460546114816460F46FFF744FE6C
:1058A00021460E48FFF75AFE044620B10B48FFF789
:1058B0004FFE2046F8BD3A4629460848FFF762FEEB
:1058C00004460028F2D131460448FFF785FE04461D
:1058D0000248FFF73DFE2046F8BD00BF0C16002031
:1058E0001C2370B582B001A90546019300F032F87F
:1058F000044638B9019B1C2B07D0144C1C212846A8
:10590000FFF71CFA204602B070BDD5E90112131E44
:1059100018BF0123003918BF0121012628689B0008
:10592000EA6843EA4103002818BF43F00103EE612F
:105930002AB9C5E90834002BE4D1054CDEE720463E
:1059400043F00803C5E9083402B070BD370CF0001D
:105950000E0CF000034618B111B10A681C2A01D0E0
:10596000012070474FF47F02D2F8101C01310CBFA8
:1059700040F2DC51D2F8101C4FF47F020160D2F8E3
:10598000141C01310CBF40F2DC51D2F8141C4FF44E
:105990007F024160D2F8181C01310CBF40F634017F
:1059A000D2F8181C4FF47F028160D2F81C1C013120
:1059B0000CBF40F63401D2F81C1C4FF47F02C160CA
:1059C000D2F8001C01310CBF9021D2F8001C4FF41A
:1059D0007F020161D2F8041C01310CBF5121D2F8C1
:1059E000041C4FF47F024161D2F8081C00200131F1
:1059F0000CBF40F23732D2F8082C9A61704700BFD2
:105A0000014608B54FF48060FFF712F90022034BFE
:105A1000C3F8C821C3F82C2108BD00BF0050845032
:105A20000138072805D8DFE800F0100E040A040446
:105A3000040607487047CB6800204B6270478B68AC
:105A400000204B6270474B68F6E70B68F4E700BF35
:105A5000310CF1000B6802E0082B0B6006D8026ADB
:105A600013424FEA4303F7D00020704700487047C5
:105A7000310CF100002310B5064C4FF48060C4F8DF
:105A80002C31C4F8C431FFF7B9F84FF0FF33C4F834
:105A9000083110BD005084502DE9F041002482B03F
:105AA00015461E4601220DF107030746DDF8248046
:105AB0008DF8074000F05AFFD0B99DF80730044632
:105AC0002F602B71B8F1000F0ED04EB1024608992D
:105AD00030460DF1070300F049FF48B99DF8073043
:105AE000C8F8006088F80430204602B0BDE8F081B4
:105AF0004FF47504204602B0BDE8F081D8B108B576
:105B00000368012B04D0022B0FD043B10B4808BD12
:105B100020220B490830FFF70DF9002008BD1422A0
:105B200008490830FFF706F9F7E720220649083050
:105B3000FFF700F9F1E74FF4730070470100F3003D
:105B40004089000080890000608900002DE9F0474D
:105B5000002900F0EB800446002800F0EB80036889
:105B600088469146002B00F0B580013B012B00F2E6
:105B7000C9804FF0FF3171484FF0020AFFF7F6F885
:105B8000002840F0B1800020FFF720F907460028E8
:105B900040F0B4806A4DD5F81069002EFBD14FF06B
:105BA000FF30FFF72BF8D5F8040A20F40060FFF768
:105BB00033F801230722C5F81838C5F82038C5F88E
:105BC0000029C5F8C437C5F8A466A36CC5F8CC375E
:105BD000E36CC5F8D037C5F8C0A723685BB1013BBB
:105BE000012B18D8636AC5F85C36236AC5F85836A5
:105BF000E369C5F85436A269514BC3F8502662696F
:105C0000C3F84C262269C3F84826E268C3F8442644
:105C1000A268C3F84026B9F1000F56D063684FF46C
:105C20000060012B04BF464AC2F8843698F804305D
:105C3000D8F80010424A5B0003F00203C2F80C3BA4
:105C4000C2F8281CC2F82C9CFEF7ECFF074623681C
:105C500063B1013B012B19D8394BD3F85C26626242
:105C6000D3F858262262D3F85436E361344BD3F884
:105C70005026A261D3F84C266261D3F848262261EF
:105C8000D3F84426E260D3F84036A3600022012115
:105C90002B4BD3F8CC07A064D3F8D007E064C3F84B
:105CA000C417C3F88426C3F8C827C3F81828C3F854
:105CB0002028AFBB0120FFF789F868BB1F48FFF71A
:105CC0005DF818BB3846BDE8F08704221C4BC3F8CA
:105CD000C827BCE74FF0FF3118484FF0010AFFF723
:105CE00045F800283FF44FAF1648FEF717F900209B
:105CF000FFF76CF8074600283FF44CAF1248FEF758
:105D00000DF947E7114F3846BDE8F0871048FEF718
:105D100005F93846BDE8F0870E48FEF7FFF8CDE7F5
:105D2000102104F10800FFF709F8C3E70A4F3846CD
:105D3000BDE8F0874FF47307C4E700BF44010020BB
:105D400000508450748800008C8800000100F3002B
:105D5000CC880000AC8800000300F300A0B3034629
:105D600070B4D0E90240D3E9041226BA05BA0CBADD
:105D700010BAC3E90440D3E90612986A09BAC3E924
:105D8000026512BA996100BAD3E9084125BA0CBA82
:105D9000C3E90725D3E90B12C3E9094009BAD86B57
:105DA00012BAD962D3E90D4125BAC3E90C250CBA60
:105DB00000BAD3E9101209BA12BAC3E90E40196445
:105DC00000205A6470BC70474FF47300704700BFE6
:105DD00070B500284DD0436B0446032B3CDD063BD9
:105DE000012B3BD8A36B012B3BD8E36D012B3DD896
:105DF000236E012B41D8224ED6F81059002DFBD12D
:105E00004FF0FF30FEF7FAFED6F8040A20F40060E7
:105E1000FEF702FF0123C6F80039C6F8BC54636BD5
:105E200023F00402032A18BFA16B226B0CBF294682
:105E300001F00101022A17D89B0003F01C0343EA7A
:105E400002330F4A0B43C2F8C034636B072B06D1F1
:105E50000123C2F87C3402E0002BC3DA094D284646
:105E600070BD094D284670BD084DF8E7084D28461D
:105E700070BD4FF47105284670BD064DEFE700BFB9
:105E8000005084500100F1000200F1000600F10012
:105E90000300F1000400F10000287DD038B590F82F
:105EA0003C300446002B55D0022B23D03C483D4DBE
:105EB0002A683D4B1268C3F800242A685268C3F868
:105EC00004242A689268C3F808242A68D268C3F8B0
:105ED0000C242A681269C3F810242A685269C3F88E
:105EE00014242A689269C3F818242A68D269C3F86E
:105EF0001C2438BD016B006C00F032FB294D0028DA
:105F0000D6D12A68284B1268C3F800242A68526840
:105F1000C3F804242A689268C3F808242A68D2685F
:105F2000C3F80C242A681269C3F810242A6852693D
:105F3000C3F814242A689269C3F818242A68D2691D
:105F4000C3F81C24216B206C00F020FB0028AFD18B
:105F5000002038BD0269144BC3F800244269C3F81D
:105F600004248269C3F80824C269C3F80C24026BB4
:105F7000013A012AECD8026AC3F81024426AC3F835
:105F80001424026B022AE3D1826AC3F81824C26A7D
:105F90000020C3F81C24DCE74FF47100704700BFF9
:105FA0000900F1003001002000508450114A124BCA
:105FB00011680968C3F8001411684968C3F804142B
:105FC00011688968C3F808141168C968C3F80C140B
:105FD00011680969C3F8101411684969C3F81414E9
:105FE00011688969C3F818141268D269C3F81C24AF
:105FF000704700BF30010020005084502DE9F04F61
:1060000085B0002958D01746002A55D004460028EC
:1060100000F0DC809846C36D0E46002B42D1B8F5E7
:10602000805F44D294F83C30042B00F0C7804FF0DE
:10603000000A4FF0FF31B548FEF798FE002840F007
:10604000B9800020FEF7C2FE002840F0AF804FF07C
:106050000109DFF8BCB22046CBF81098CBF82098A5
:10606000FFF7B6FE054620B92046FFF715FF0546A7
:1060700038B3BAF1000F40F085800022A44B012014
:10608000C3F81028C3F82028FEF7A0FE002840F02F
:1060900089809E48FEF772FE00287CD1284605B014
:1060A000BDE8F08F012BBDD1B8F5803FBAD3994D33
:1060B000284605B0BDE8F08F974D284605B0BDE8ED
:1060C000F08F636B072B00F2CA8009FA03F919F00D
:1060D0008A0F40F0D38019F0440F40F0C28019F0CD
:1060E000010F00F0BC8033793A795B0002F00102C5
:1060F00003F002031343864A31683868C2F80C3B48
:10610000636B23F00403032B0AD0236E012B0BBF18
:10611000C2F8280DC2F8300DC2F82C8DC2F8348DAB
:10612000E36D4FF40060012B794B0BBFC3F8281CC3
:10613000C3F8301CC3F82C8CC3F8348CFEF772FD06
:106140000546002895D1626B072A15D80123934094
:1061500013F08A0F40F09F8013F0440F0CD06C4B6B
:10616000D3F860242260D3F864246260D3F86824F2
:10617000A260D3F86C34E3600123A365BAF1000F89
:106180003FF47BAF0423202104F1100084F83C305D
:10619000FEF7D4FD71E76148FDF7C0FE284605B063
:1061A000BDE8F08F5E48FDF7B9FE72E75D48FDF788
:1061B000B5FE4CE75C48FDF7B1FE42E7216B206C71
:1061C00000F0B8F928B14FF0010A32E74FF4710539
:1061D00064E7DFF858914E4DD9F800301B68C5F8D8
:1061E0000034D9F800305B68C5F80434D9F80030C1
:1061F0009B68C5F80834D9F80030DB68C5F80C3462
:10620000D9F800301B69C5F81034D9F800305B6943
:10621000C5F81434D9F800309B69C5F81834D9F89A
:106220000030DB69C5F81C34216B0229CBD8236D03
:106230004FEAC10A0193E36C0AF1100A04F1100B52
:106240000093CDF80CA0CDF808B0206CD4E9112350
:1062500000F09CFA68BB002384F83C30B3E7344D6F
:1062600007E72368CBF860346368CBF86434A3682D
:10627000CBF86834E368CBF86C3434E72368CBF8A8
:1062800040346368CBF84434A368CBF84834E368FF
:10629000CBF84C3427E71E4BD3F840242260D3F8C8
:1062A00044246260D3F84824A260D3F84C34E360FD
:1062B00062E7D9F8003051461B685846C5F80034EB
:1062C000D9F800305B68C5F80434D9F800309B6811
:1062D000C5F80834D9F80030DB68C5F80C34D9F8B3
:1062E00000301B69C5F81034D9F800305B69C5F877
:1062F0001434D9F800309B69C5F81834D9F8003047
:10630000DB69C5F81C34FEF719FDA4E74401002041
:10631000005084500500F1000B00F100CC88000013
:10632000AC8800008C8800007488000030010020D8
:106330000100F1002DE9F04701B3FAB1044600284D
:1063400054D01D46436B0E46072B1BD05DB9032B63
:1063500010D1836D73B945668566C56605671025DE
:1063600000F164030B602B4631462046BDE8F04740
:10637000FFF744BE2F463846BDE8F087644F3846E5
:10638000BDE8F087C36DA3BBB5F5805F36D20DB90C
:10639000A36D9BBB4FF0FF315E48FEF7E7FC002882
:1063A0004CD10020FEF712FD002843D14FF0010828
:1063B000DFF864912046C9F81088C9F82088FFF7F3
:1063C00007FD0746E0B10022534B0120C3F8102817
:1063D000C3F82028FEF7FAFC40BB4E48FEF7CEFC7F
:1063E0000028C8D04D48FDF799FDC4E74FF4710768
:1063F000C1E7012BCBD1B5F5803FC8D3484FBAE7F1
:106400002046FFF749FD07460028DCD1636B072BC8
:106410000AD808FA03F818F08A0F13D118F0440FBD
:106420005AD118F0010F19D13E4FCCE73E48FDF785
:1064300075FDD2E73D48FDF771FDB7E73C48FDF734
:106440006DFDAEE72368C9F840346368C9F8443489
:10645000A368C9F84834E368C9F84C3401212E4ACE
:10646000C2F87C14C2F8BC54337930688B4003F016
:106470000203C2F80C3BE5B9A36D0BB9C2F82415B1
:10648000626B072A9FD80123934013F08A0F30D103
:1064900013F0440F97D0204BD3F860242260D3F838
:1064A00064246260D3F86824A260D3F86C34E3609B
:1064B00089E7E36D012B0BBFC2F8280CC2F8300C42
:1064C000C2F82C5CC2F8345C4FF40060FEF7AAFB03
:1064D0000028D5D0074676E72368C9F8603463689A
:1064E000C9F86434A368C9F86834E368C9F86C343F
:1064F000B4E7094BD3F840242260D3F84424626007
:10650000D3F84824A260D3F84C34E3605BE700BFC3
:106510000B00F1004401002000508450CC880000A2
:106520000500F1000100F100AC8800008C8800003B
:10653000748800007F2809D851B10139022909D88F
:1065400005497F280CBF0846002070470248704765
:1065500008467047014870470100F7000300F70044
:106560007F2809D851B10139022909D805497F2866
:106570000CBF084600207047024870470846704725
:10658000014870470100F7000300F7000129F0B44B
:1065900007D0022900F0898000295AD07248F0BC47
:1065A00070470022714C724B4FEAC00CC4F80015C2
:1065B000451C0CF57F04C3F8082104F50444C3F816
:1065C0000021C3F80421C3F800556A4E2468B44280
:1065D00040F0B380196002E0002940F0B580D3F8A4
:1065E0000021D3F80841D3F804112243F4D0002C41
:1065F00040F0B180002940F0A78001245B4AC3F835
:1066000000150230C2F800455B4AC3F80811C3F810
:106610000011C3F80411C3F8000552F80C00574AE2
:10662000904240F08E80524A1C6002E0002840F008
:106630008B80D2F80031D2F80811D2F804010B4354
:10664000F4D0002940F08C8000287DD1C2F80005EC
:1066500028E00124464BC200444E204402F57F024C
:10666000C6F8004502F50442C3F80811C3F800114A
:10667000C3F80411C3F800053E4D1268AA4260D168
:106680001C6001E000285FD1D3F80021D3F8081185
:10669000D3F804010A43F5D000295CD1002853D176
:1066A000C3F800050020F0BC704701250022304BE4
:1066B0002E4F4FEAC00C44190CF57F01C7F8005566
:1066C00001F50441C3F80821C3F80021C3F80421EF
:1066D000C3F80045274E0968B1422ED11D6000E085
:1066E00091BBD3F80021D3F80841D3F80411224319
:1066F000F6D084BB41BB01241C4AC3F8001502300C
:10670000C2F800451C4AC3F80811C3F80011C3F8C9
:106710000411C3F8000552F80C00184A904210D139
:10672000134A1C6000E078B9D2F80031D2F80811A1
:10673000D2F804010B43F6D083E7C3F800251048D4
:106740002DE7C3F80015FAE70022094B0D48C3F8FE
:106750000025F0BC70470022C3F800250A481EE758
:106760000023C2F80035F9E70C00F1000040845026
:1067700000900350005484500884FF00105484504B
:106780000600F7000200F7000100F7002DE9F047CE
:106790000024CCB0824689461646214674220EA8B3
:1067A0001F46579DDDF8588101F0F2FC80222146FA
:1067B0002CA82B9401F0ECFC8423B5F57F6FCDE978
:1067C0000A440D940C94059364D8FFF7EFFB05ABD6
:1067D00030462BAE01933946DDE9542302950096ED
:1067E00000F064F8002850D1022307228DF81330FE
:1067F0009DF813301B928DF8743000220123012480
:1068000010211C900EA8CDE92423CDF86890CDF876
:1068100078A02694FEF792FA10220DF1200900923A
:10682000304605990AABCDF8049006AAFFF734F973
:10683000074688B11EE0102D2E4628BF10260EA94F
:106840003246FEF777FA10210EA8FEF777FA0134E8
:10685000AD1B3744E4B222D0059B4A4606A90EA8D8
:106860008DF8AC40FFF766FD034608EB0700002BF0
:10687000E1D01F460EA874220021FEF75DFAFFF753
:1068800095FB38464CB0BDE8F087064F38464CB013
:10689000BDE8F087044F38464CB0BDE8F0872F467E
:1068A000E8E700BF0E00F1000F00F1002DE9F04114
:1068B000002482B00A9D0194B5F57F6F40D8ED00A9
:1068C000B5F5807F1E4634BF0323042301F1FF3C4E
:1068D000BCF13F0F0C46009332D888B3174666BB15
:1068E000089A6AB3099A116851B3A21913449942DC
:1068F00026D3089B01462246581CFEF71BFA089B2C
:1069000004F102081C440023637026BB089BFF2D82
:10691000009503EB080017D92B029BB243EA15231D
:10692000022201A90193FEF705FA08F102030020F3
:10693000099A136002B0BDE8F0810AB1402ECFD9A8
:10694000094802B0BDE8F08101226946FEF7F2F97C
:1069500008F10103EBE7089B324603EB08003946D8
:10696000FEF7E8F9B044D1E7060000800020187077
:10697000704700BF2DE9F04F43688DB01546804643
:10698000029383789A0740F10D8100240E78002E3F
:1069900000F00A81252E0BD04B1C03930134414695
:1069A0003046029B98470028C0F2F6800399EDE735
:1069B0004E788B1C252E0393F0D00027B946BB469A
:1069C000BBF11F0F38D8A6F12003102B0AD8DFE83F
:1069D00003F02A0909300909092109090928092DA3
:1069E00009091F00A6F13003092B33D92A2E37D10C
:1069F0001BF0400F55F8043B40F08280002BA7BFEE
:106A00004BF0200B9946C3F100094BF0280B01E035
:106A10004BF0010B039B13F8016B0393002ECFD1B6
:106A200030E04BF0020B4BF0040BF3E74BF0080B9C
:106A3000F0E74BF0100BEDE7BBF17F0F19D8A6F193
:106A40003003092BD2D81BF0400F03D00A2101FBE1
:106A50000737DFE70A214BF0200B01FB0939D9E7A3
:106A60002E2E06D11BF0400F40F09E804BF0400BC5
:106A7000D0E76C2E31D02BD8682E36D06A2E3CD081
:106A80004C2E3AD0002F46F02003B8BF2BF0400226
:106A9000A3F16501BCBF00271FFA82FB022901D9BF
:106AA000612B2FD107350727DFF8ACA225F00705AA
:106AB00008351BF0080F66D00AEB070B56465E45FB
:106AC00063D1A4EB0A0AA9EB070906EB0A026FE1FE
:106AD000742E9FD07A2E9DD0D4E71BF0800F18BF64
:106AE0004BF4007B4BF0800B94E71BF4807F18BFC6
:106AF0004BF4007B4BF4807B8CE74BF4207B89E7E5
:106B00001F4687E7A6F16301122900F2F080DFE853
:106B100011F013004F00EE00EE00EE00EE004F000B
:106B2000EE00EE00EE00EE00EE00FE00E900EE00EA
:106B3000EE001B00EE00AF0055F8043B01270DF1FD
:106B4000180A8DF81830B4E755F804AB834BBAF146
:106B5000000F08BF9A461BF0400F504614BF39463D
:106B60004FF0FF3101F02CFB0746A2E74146202001
:106B7000029B984700280FDB013EB742F6D34C44F6
:106B8000B146A41B98E74E46F7E7414616F8010BBD
:106B9000029B9847002892DA98F8023043F00403E9
:106BA00088F802304FF0FF3420460DB0BDE8F08F7A
:106BB0001BF0800F34D01BF4007F2CD0073525F05C
:106BC0000705AA4669685AF8080B2BF0100500293A
:106BD000ADB237DA404245F4806561EB41010DF119
:106BE000180B0A235A4601F0F7FAA0EB0B030193A6
:106BF0006B0662D5019B25F001019F4289B240F3EB
:106C0000A180002E00F0998015F0100240F09C80C9
:106C1000BB460D4623E0AA465AF8040BC117D4E739
:106C2000AA461BF4807F5AF8041B01D10846F5E7F9
:106C30001BF4007F19BF48B241F3C01108B241F301
:106C4000C031C2E750EA0103C9D11BF0400FC6D0E2
:106C5000002FC4D12BF01102BB46019795B240F230
:106C6000064115EA01021CBF0BF1010B00222CE0CA
:106C70002BF010020A231FFA82FB1BF0800C49D074
:106C80001BF4007115BF0735AA4625F007055AF811
:106C9000040B1EBFAA4669685AF8080B50EA0105A2
:106CA00045D12BF016051BF0400FADB242D0002F9E
:106CB00040D12BF01702019795B215F0100248D081
:106CC000019B002E42D103F1010B29075AD4EB0797
:106CD00006D5D9456FDDA9EB0B030199CB465F18AB
:106CE0005B4649E04BF0100B10237826C5E7782B64
:106CF00004D1C6F1780343F01003BEE741462520D6
:106D0000029B98470028FFF647AF023447E6082366
:106D10000026B2E7AA461BF480715AF8040BBDD0D6
:106D20001BF400711ABFC0B2614680B2B6E72BF007
:106D3000060295B20DF1180B54E725F01105BB467C
:106D4000ADB28CE70D46B8E73B460D4603F1020BAA
:106D5000BBE7DDF804B082E7948F00008D8F000060
:106D6000CDE9043241462020029B98470028FFF6D7
:106D700013AF049B059A01339945F1DCA4EB0B0199
:106D80009B46CC180AB341463020029B9847002806
:106D9000FFF602AF8EB901342744391B019B99429B
:106DA00024DC1D4655BB019AA9EB0B09554622442C
:106DB0001446914433E0019F92E702344146304645
:106DC000029B98470028E7DAE6E640F206410D42CA
:106DD000E2D015F0020F04F10104414614BF2B204C
:106DE000202015F4806F18BF2D20E9E741463020A0
:106DF000029B013498470028CFDACDE606AB013D6F
:106E00004146585D029B98470028CBDAC4E64146CC
:106E10002020029B013498470028FFF6BDAEA9EB65
:106E20000403002BF3DCC1E57047014640F2E73074
:106E300008B54FF47A72002300EBC1304914F9F71A
:106E400089F9BDE8084001F00FB9836800EBC10182
:106E5000B3F5004F2CBF51F8220031F812007047F3
:106E600000EBC1018068B0F5004F2CBF41F8223023
:106E700021F812307047012208B5FFF7E6FFD04035
:106E800008BD836800EBC101B3F5004F08D34B6820
:106E90001AB143F001034B60704723F00103FAE796
:106EA0004B881AB143F001034B80704723F0010374
:106EB000FAE753000122FFF7D3BF8368481CB3F5FC
:106EC000004F34BF042308230833A0EBD300B0FAEB
:106ED00080F0C0F11F0070472DE9F0410D46866833
:106EE0000446FFF7C8FFB6F5004F014601D301285D
:106EF00032D02046FFF7E1FF04EB80010E6996B91E
:106F00000122E36882401343E36002220D612B46B5
:106F100029462046FFF7A4FF032229462046BDE864
:106F2000F041FFF79DBF022231462046FFF78DFF5B
:106F30000746034629462046FFF792FF03223346C1
:106F400029462046FFF78CFF39462B462046FFF79F
:106F500087FF02223146E1E7BDE8F081B2F5802FDC
:106F60002CBF082304232DE9F0410026D21A8C18E7
:106F7000CD1D25F0070524F00704641BE408056017
:106F800021462846AC60EE60FFF797FF421D920055
:106F9000013002F107074FEAD7073146A2F110028C
:106FA00005F11000B8BF324601F0F2F83A4631461A
:106FB0002846FFF77EFF3346324631462846FFF724
:106FC0004FFFA4EB0708284631460122FFF759FF7F
:106FD00042463946FFF76DFF3B4632463946284662
:106FE000FFF73EFF21462846FFF763FF4346324640
:106FF00021462846FFF734FF214628460122FFF7A5
:1070000040FF3946BDE8F041FFF766BF00207047FA
:107010000FB407B504A951F8040B0191F9F78EFAE2
:1070200003B05DF804EB04B07047038B13F0070363
:1070300005D10368002B0CBF002003207047022BF2
:1070400005D1408BB0FA80F0400980007047012BD9
:1070500005D10368002B0CBF0020052070470020DD
:10706000704710B50C4600B111B96FF0150010BD96
:10707000081D00F093F80028F9D1A368032BF6D976
:10708000F3E72DE9F0410D4607461946281D9046C5
:107090001E4600F094F8044638B13346424629466D
:1070A0003846A446BDE8F0416047BDE8F08110B421
:1070B000EFF31182202484F31288BFF36F8F4161B4
:1070C00010BC0121F9F76CBA38B50C46054658B129
:1070D00051B10B6843B14B6833B11C22002101F060
:1070E00057F800202C6138BD6FF01500FBE770B534
:1070F00005460E46FFF7B5FF041E14DBEFF31182C1
:10710000202383F31288BFF36F8F4FF6FF716B8BD1
:107110002C8B8B4204F0070407D182F31188BFF354
:107120006F8F6FF00A04204670BD022C0CD1013322
:107130006B8382F31188BFF36F8F002322463146A1
:107140002846FFF79EFFEEE7062C14D8DFE804F090
:1071500004131313041A0400002333606B683BB953
:10716000C5E90066ACB902212846F9F719FADAE751
:107170001E606E60F6E782F31188BFF36F8F6FF0C9
:107180000404D0E782F31188BFF36F8F6FF085049A
:10719000C9E782F31188BFF36F8FC4E7034658B184
:1071A000426802F00302012A03D0032A04D10268D4
:1071B00012B10020986070476FF015007047426868
:1071C000034602F00302032A4FF00002816014BF5D
:1071D000104600685A6070477047FEE700F0D8BF5D
:1071E00000F0AFBF01460068F9F722BC08B5F9F717
:1071F0004FFCBDE80840F9F76FBC00210120F9F70A
:1072000017BCD0F8943083F30B8870476FF085007B
:10721000704761B662B680F31188BFF36F8F704715
:1072200008B572B6002383F31188BFF36F8FFAF7A6
:1072300003FA50B1BFF34F8F30BF00BF00BF00BF94
:1072400000BF00BF00BF00BF00BF62B6BFF36F8FBB
:1072500008BD10B5044672B6002383F31188BFF34E
:107260006F8FFAF7E9F950B1BFF34F8F20BF00BF1E
:1072700000BF00BF00BF00BF00BF00BF00BF84F35E
:107280001188BFF36F8F62B610BD40E800F313F4AE
:10729000803FD8B208BF6FF01500704730B50C685A
:1072A0004B6885B00A894D890094013B24F01F0486
:1072B000234402F01F0242EA451223F01F036946ED
:1072C0008DF808200393F9F7C3FF05B030BD08B56A
:1072D000FAF77EF9002008BD4FF05023012270B567
:1072E0000C460546C3F814260020FAF727FA28466C
:1072F0002346BDE87040002118470C220369C9B23B
:1073000001FB0233986F00F00700704770B5C9B2F7
:107310000369EFF31185202484F31288BFF36F8F84
:107320000C2606FB0134A46F14F0C00408D0A2425E
:1073300006D085F31188BFF36F8F4FF0FF3070BD1B
:10734000012206FB01339A6785F31188BFF36F8F23
:10735000436803EBC1035B6898470020EFE7802296
:10736000FFF7D4BFF8B5069F0469C9B2EFF31186E1
:10737000202585F31288BFF36F8F0C2505FB014490
:10738000A56F05F0070CBCF1010F0CD1A76786F3C0
:107390001188BFF36F8FC4E91C23436853F8313061
:1073A00098470020F8BD05F0C005AF4286F311886C
:1073B000BFF36F8F0CBF6FF077004FF0FF30F1E736
:1073C00013B580240094FFF7CDFF02B010BD10B4B8
:1073D0001C240069CBB203FB0400002110BC104741
:1073E000032000F0DDB9022000F0DAB9032000F03C
:1073F000E6B9022000F0E3B91046FBF783BF00F0C6
:1074000067BAFBF71DBB002208B511461046FCF712
:10741000AFFD002818BF6FF0150008BDF7B50F4687
:1074200016464FF480650024A64203D816D01620D5
:1074300003B0F0BD331BB3F5806F38BF1D4600208D
:107440002A4601AB3919FCF7C3FD20B9019BAB42B9
:1074500001D12C44E8E76FF01500E9E70020E7E7E9
:10746000436800205B681B690B607047436802EA51
:1074700001005B6821EA020198600020D960704732
:10748000436800205B6899607047436800205B6830
:10749000D960704743685A68536821EA03000B407B
:1074A00090600020D360704710B503695868F8B148
:1074B000884219D19C680868A142586000D1986040
:1074C000002008602AB15A680A609A68596002B9B7
:1074D0009960002010E0814206D108682060986819
:1074E0008142EDD19C60EBE7044600680028F2D1B0
:1074F000002AE8D16FF0150010BDFBF7E3BB30B5F3
:1075000043681360057A446804EBC504A34202D3C0
:107510006FF0010030BD5C798C4201D00833F0E798
:107520000020F7E743681B68D3F88004C3F88004A1
:10753000704742681368D3F8100150B10020126AF6
:1075400012780A70C3F81001D3F8102101221A60D2
:1075500070474FF0FF30704702680346D2F8580179
:1075600040B95B68DB0706D4D2F82001003818BFA9
:10757000012070470120704743681B68D3F804233B
:10758000D20517D5D3F82021A2B1EFF31182202123
:1075900081F31288BFF36F8FD3F8201131B100212E
:1075A000C3F82011D3F820110121D96082F311888A
:1075B000BFF36F8FD3F85831704713B501AA044653
:1075C000FFF79DFF002805DB019B226819791868E9
:1075D000FAF7A2FC02B010BD6FF085007047F8B555
:1075E0000546002201210820F9F762FD0820F9F77D
:1075F00043FD6C680121E068FFF7DFFF6B681968E5
:107600002369C1F82435A27D637D207D1343228B3D
:1076100002431343C1F86C356E68D6E9004313F09A
:1076200001033CD02F6904F10C0107F1080204F5B5
:10763000907000F0A1F8002830DB387AFBF7B8F83A
:107640000823C4F80035F369C4F844350023C4F8AE
:1076500048350123A360D4F85831002BFBD0002615
:10766000C4F800656B683146D868FFF7A6FF6D68FF
:107670003146E8682C68FFF7A0FF0823C4F80035FE
:107680002A7A52B92B6AC4F834350123C4F8383544
:10769000C4F81021D4F8102123600020F8BD08227E
:1076A000C4F80025F269C4F84425C4F8483501231C
:1076B000A360D4F82031002BFBD00023C4F8203184
:1076C000D4F820310123E3604FF48073C4F804330D
:1076D000C1E7002200F150039B009BB203F150234D
:1076E00003F580331A601B68704708B5FAF7BCFDD4
:1076F00008BDFCF7DFBB08B5F9F774F8F9F75AF9DC
:10770000BDE80840FCF7D6BB03460020184700F050
:107710008FBB024610B5116891B1B1FA81F3C3F184
:107720001F000123834021EA0303D2E8EF4F8C427C
:1077300004D1C2E8EC3FBCF1000FF6D1EBD110BD93
:107740006FF00B00FBE710B50368CB40DB0710D4EC
:1077500001238B40026843EA0201D0E8EF4F9442D4
:1077600004D1C0E8EC1FBCF1000FF6D1F2D100202B
:1077700010BD6FF01500FBE770B50D460021064601
:1077800008461446FBF706F848B9237843F000434F
:10779000C6F88030237843F00043C5F8803070BDD0
:1077A00003280BD8DFE800F002040608FBF748B90D
:1077B000FBF774B8FBF7FCB8FBF7B2B870470328C7
:1077C0000BD8DFE800F00402060800F02EB800F045
:1077D0007FB800F062B800F044B8704708B5FBF716
:1077E00079F8FBF771F9FBF701F9BDE80840FBF701
:1077F000B5B838B54FF050240123C4F8083363609E
:10780000002342F21075C4F80031D4F80031D4F8E6
:107810000C24D4F80C34D20306D5DB0704D50120A0
:10782000FFF775FF013DF2D138BDFFF7E2BF38B574
:107830004FF050244FF48073C4F808330123E36100
:10784000002342F21075C4F82031D4F82031D4F866
:107850005434DB0304D50120FFF759FF013DF6D175
:1078600038BDFFF7E4BF38B54FF050244FF4007334
:10787000C4F8083301236362002342F21075C4F890
:107880002431D4F82431D4F85C34DB0304D501204E
:10789000FFF73DFF013DF6D138BDFFF7E4BF38B536
:1078A0004FF050240223C4F808330123E36000237F
:1078B00042F21075C4F80431D4F80431D4F8183405
:1078C000DB0304D50120FFF722FF013DF6D138BDCF
:1078D000FFF7E5BFF7B51646DDE90847019001A8B7
:1078E0001D46FBF72BF9019BB6F1000C18BF4FF0BA
:1078F000010C00EB83000B1E18BF0123002D43EA8F
:107900004C0314BF4FF00C0C4FF0000C002C43EA5A
:107910000C0314BF4FF4706C4FF0000C002F43EABF
:107920000C0314BF4FF4403C4FF0000CD0F8002281
:1079300043EA0C0322EA030301B109780EB1367859
:10794000760019430DB12D78AD0031430CB1247888
:10795000240229430FB13F783F040C433C43C0F855
:10796000004203B0F0BD1FB50DF10F0301930023DA
:107970008DF80F101A4619460093FFF7ABFF05B0BC
:107980005DF804FB10B504460846FBF7E9F804EB84
:107990004004A08AC0F3401010BD10B5044608464C
:1079A000FBF7DEF804EB4004A08AC0F3400010BDF2
:1079B00010B504460846FBF7D3F804EB4004A08A50
:1079C000400B10BD70B5044608461646FBF7C8F8D4
:1079D000083034F810300D46DA0509D5C3F34323D7
:1079E00004EBC3023146284654F8333052689847B6
:1079F000A3682BB131462846E268BDE870401847BD
:107A000070BD10B504460846FBF7AAF800B204EBB7
:107A10004000838ADA051DD5C3F3432123F4F853CC
:107A2000838204F1120204F1720032F8023F13F46F
:107A3000807F03D0C3F3432399420BD08242F4D119
:107A4000002204EBC1035A6004F17800BDE8104045
:107A5000FFF779BE10BDF0B50446002001270546AA
:107A6000844695420AD1D4F87C3133B10023C4F85E
:107A70007C31D4F87C3140F00040F0BDEBB29B008B
:107A800003F580769B0807FA03F3194208D054F8EF
:107A900006E0BEF1000F03D044F806C0A659184313
:107AA0000135DEE738B504460D46FFF76BFFB0B190
:107AB0002046FFF772FF90B92046FFF779FF0123B8
:107AC00022688340C2F80833236800B203EB8003C6
:107AD000D3F8102522F00302C3F8102538BD28463C
:107AE000BDE838400021FFF73EBF2DE9F0431746BF
:107AF000044685B00846FBF733F8D7F800800E46F9
:107B00000546B8F1000F1FD02046FFF746FF18B119
:107B10002046FFF737FF30BB00230DF10F02CDE900
:107B200000338DF80E308DF80F30304643460DF19E
:107B30000E01FFF7CFFE2AB204EB4202938A23F034
:107B4000020343F0010393827B68002B34D031465B
:107B5000204693F80080D3F80490FFF71EFF28B169
:107B6000B9F1000F1FD06FF0150028E028B204EB28
:107B70004000838A23F4604323F020038382B9F119
:107B8000000F10D0B8F1030FEDD87B6821685B6857
:107B900093F800C001EB8C01B8F1000F12D1C1F8CD
:107BA0001085C1F810852AB204EB4202938A23F0B3
:107BB0001C0343EA88039382BB684BBB002005B0DB
:107BC000BDE8F083D1F8102522F00302C1F810259A
:107BD000226802EB8C03D3F8102522F44F3222F4F2
:107BE0004072C3F810253202D3F8101502F47C520B
:107BF00042EA08420A43C3F8102504EB4C03A3F8F9
:107C00007C60838A43EA4C3343F020038382CAE7D3
:107C10003146D3E900782046FFF7F3FE002FCDD0A0
:107C200063689F4206D004F17800FFF772FD0028D8
:107C300004DAC4E7A3689845F5D1002004EBC0033B
:107C4000C3E901782DB204EB4505AB8AC0B243EA23
:107C5000402343F48073AB82B0E72DE9F04305463F
:107C600085B0084617461E46FAF77AFF0C4680464E
:107C700037B32846FFF791FE18B92846FFF782FE72
:107C800028BB0FFA88F905EB4909B9F8143013F04D
:107C90001C0F02D07B78012B19D001238DF80F30F7
:107CA00000232046CDE900737A1CBB1C0DF10F01A7
:107CB000FFF710FEB9F8143043F00303A9F81430AD
:107CC000002E41D021462846FFF767FE20B96FF00D
:107CD000150005B0BDE8F083002237782B684FEA25
:107CE000870C03EB8703C3F81025C3F810250FFAA0
:107CF00088F205EB4202938A23F4604323F02003C9
:107D00009382707800B32968B6786144D1F8103551
:107D1000000423F4991323F4F853C1F81035230217
:107D200000F4403003F47C5303433005D1F8105580
:107D300000F4801003432B43C1F81035938A43EAC3
:107D4000473343F0200393820020C2E7C0E90312C7
:107D5000704770B504461546FFF714FE48B1084653
:107D6000FAF7FEFE04EB40040020A38A5B0B2B70A5
:107D700070BD6FF01500FBE790F88C00003818BF5D
:107D800001207047FAF714BF2DE9F3410446174666
:107D9000FFF7F8FD0D46266800B32046FFF7FDFD0E
:107DA0008046D8B92046FFF703FE05B2AD0005F5C1
:107DB000807246F802802168B2582944D1F8102513
:107DC00042F00102C1F810252FB10122216802FA08
:107DD00000F3C1F8043302B0BDE8F081D6F80433F3
:107DE0002846002BA4BF4FF00043C6F80433FAF72F
:107DF000B7FE04EB4004A38AC3F38203042B11D023
:107E0000052B11D001A80195FAF798FE019B016995
:107E1000D94001F001010231284602B0BDE8F0412D
:107E2000FFF7A1BD0321F7E70221F5E7FFF73ABE0F
:107E300008B1F9F771BC704710B5436904463BB906
:107E40000020E2684042537843F00103537010BDB4
:107E500098470028F4D00028B8BF4042FF28A8BFA8
:107E6000FF20E3681870ECE740B1C368587810F061
:107E700001001EBF1878B0FA80F040097047EFF398
:107E80001183202383F31288BFF36F8FFEE708B5B9
:107E9000FFF7F5FF4169826842EA010313F003032B
:107EA0000FD1C3600369013B03FB0122002B01DA00
:107EB00000207047C168013B11604169C260521ADD
:107EC000F4E76FF01500704710B5C0E904320023E5
:107ED000816083610446FFF7DDFF0028A8BFC4E985
:107EE000004410BD2DE9F04105460F46EFF311881F
:107EF000202383F31288BFF36F8FC668FEB904682E
:107F0000A0421CD0DCB1D4E9003213605A60637B1C
:107F1000C4E9006623F002036373A66004F118004D
:107F200000F0E0F82046C4F8AC60276100F06CF87F
:107F3000414605F10800BDE8F041FBF721BC3E6079
:107F4000AB69EF60013BAB6188F31188BFF36F8FC2
:107F5000BDE8F081202408B5EFF3118384F3128883
:107F6000BFF36F8FFFF75CF9F6E790F90E308B42A5
:107F700001D0FBF793BB0020704703460020C3E904
:107F80000033C3E902007047EFF30580003818BFE3
:107F900001207047D0E9003213605A600023C0E925
:107FA0000033704708B5FFF7F5FF437B23F002036A
:107FB00043730023836008BD38B504460D46FBF7C4
:107FC000CBFA637B43F002036373E5B1A5602B68D2
:107FD0009D4209D16B68C4E900531C606C6012E0DB
:107FE0006A689A42F6D01B68002BF3D094F90E20F1
:107FF00093F90E108A42F3D09142F1DD5A68C4E938
:10800000003214605C6038BD10B5EFF3118420239A
:1080100083F31288BFF36F8FFBF75CFA84F3118848
:10802000BFF36F8F10BD014610B5EFF3118420230D
:1080300083F31288BFF36F8F437B13F0280F0AD1AD
:1080400083680BB1FFF7AEFF4B7B084623F00403B8
:108050004B73FBF73FFA84F31188BFF36F8F10BDAA
:1080600001211838FFF7DFBF38B504460D46FBF78E
:1080700041FCB5F1FF3F08BFB4F1FF3F0246204687
:1080800018D000204FF47A7447F6FF730146C2FB04
:108090000431B3F5004F71F100020BD36FF40042CD
:1080A0009A4243F6FF728A4132BF6FF00040D80B0C
:1080B00040EA414038BD08B50246FBF7C7FD70B144
:1080C000D0E904319B1A61EBE272B3F1004F72F117
:1080D000000104DA002AACBF1846002008BD6FF08A
:1080E0000040FBE7024638B5EFF31185202383F308
:1080F0001288BFF36F8F0368CBB1FBF7A7FD04466F
:108100001046FBF7B5FD00224FF000438442C0E962
:10811000042306D1FBF7A2FDFFF7CDFF0021FAF7FC
:1081200007FA002085F31188BFF36F8F38BD6FF019
:108130001500F7E708B5FBF7A5FE08BD00BF002056
:1081400070470A44431E914200D1704710B511F8A0
:10815000014B914203F8014FF9D110BD884210B58F
:1081600001EB020402D98442234607D8431EA142F0
:1081700008D011F8012B03F8012FF8E7024401465B
:108180008A4200D110BD13F8014D02F8014DF7E706
:1081900002440346934200D1704703F8011BF9E7FC
:1081A00010B50139044632B111F8013F013A00F827
:1081B000013B002BF7D10021FFF7EAFF204610BD5D
:1081C0000246014410B58A42134603D01C7801329E
:1081D000002CF8D1181A10BDF0B5C3F137070446CA
:1081E00003F01F031046FFB2082BE6B232D0102B6B
:1081F0003DD06508A40845EAC17544EA81748A083F
:108200002D1942EB5102290941EA02716D1842EB26
:108210001212290A41EA02616D1842EB1222290C5E
:1082200041EA02416D1842EB1242AD1842F10002E0
:10823000EC0844EA4274D10804EB8402A6EB420540
:10824000EDB2092D0CD90134A5F10A0541F1000167
:10825000EDB212E0E40806F0070544EA4174C908EB
:10826000303554EA010200F8015BBDD1F0BD2409AC
:1082700006F00F0544EA01740909092D84BFED19C0
:10828000EDB2EDE70148006870470000980A002051
:10829000F87EFF7F010000001118000000000000C0
:1082A00000000000F8820000F5300000000000002F
:1082B0000000000038830000000000001883000068
:1082C000F37600000000000000000000588300006A
:1082D00000000000788300009D1B000000000000EB
:1082E000D123000000000000F9150000000000008C
:1082F000F7760000000000001F8F000030870000AC
:1083000044860000540100200C0B0020E1180000FE
:1083100000000000000000003A8F000058870000B5
:108320002086000058010020B00B0020391D0000FD
:108330000000000000000000468F00006C87000075
:10834000208600005A010020BC0B0020391D0000CF
:1083500000000000000000002A8F00000000000064
:108360005087000056010020000000000774000044
:1083700000000000000000005B8F0000808700000C
:10838000608600005C010020C80B0020DF75000043
:10839000D97500000000000000000000FB71000023
:1083A00000000000FB71000000000000FB710000F5
:1083B00000000000FB71000000000000FB710000E5
:1083C000DD7700000977000000000000FB7100006D
:1083D00000000000FB710000788300007975000048
:1083E00000000000FB71000000000000FB710000B5
:1083F00000000000FB71000000000000FB710000A5
:1084000038000020FB74000000000000FB71000039
:1084100000000000FB71000000000000FB71000084
:1084200000000000FB71000000000000FB71000074
:1084300000000000FB71000000000000FB71000064
:10844000000000006124000000000000FB7100003B
:1084500000000000FB71000000000000FB71000044
:1084600000000000FB71000000000000FB71000034
:1084700000000000FB71000000000000FB71000024
:1084800000000000FB71000000000000FB71000014
:1084900000000000FB71000000000000FB71000004
:1084A00000000000FB71000000000000FB710000F4
:1084B00000000000FB71000000000000FB710000E4
:1084C00000000000FB71000000000000FB710000D4
:1084D00000000000FB71000000000000FB710000C4
:1084E00000000000FB71000000000000FB710000B4
:1084F00000000000FB71000000000000FB710000A4
:1085000000000000FB71000000000000FB71000093
:1085100000000000FB71000000000000FB71000083
:1085200000000000FB71000000000000FB71000073
:1085300000000000FB71000000000000FB71000063
:1085400000000000FB71000000000000FB71000053
:1085500000000000FB71000000000000FB71000043
:1085600000000000FB71000000000000FB71000033
:1085700000000000FB71000000000000FB71000023
:1085800000000000FB71000000000000FB71000013
:1085900000000000FB71000000000000FB71000003
:1085A00000000000FB71000000000000FB710000F3
:1085B00000000000FB71000000000000FB710000E3
:1085C00078020020081B002000040000FD040000C9
:1085D0000000000000000000000000000400000097
:1085E000000000000F8A0000008002000000000070
:1085F000C801002008170020000400001105000039
:108600000000000000000000000000000400000066
:1086100000000000048A000000800200000000004A
:10862000751D0000617400006D740000817400000D
:108630008B74000095740000ED1B0000A97400000D
:1086400000000000451900005F730000C1730000C6
:1086500000000000FB7200000000000000000000AD
:1086600033750000E12000002575000004000000C3
:108670000F000000010000000800000020000000C2
:1086800060000000700000000D0000000C00000001
:108690000E0000005000000074000000A800000060
:1086A000FFFFFFFFFFFFFFFFFFFFFFFFFFFFFFFFDA
:1086B0000338FDD87047000000000000DB710000A7
:1086C0002000002018000020100000200000000002
:1086D0000800002021090000F10700004508000003
:1086E000B9080000000000200000000006000100A2
:1086F00002000000F886000000000000088F000063
:1087000006000000E0FF0F0000000020108F0000B6
:1087100021000000E0FF062091170000D972000040
:10872000000000009D1800006D180000000000000F
:10873000F91900007919000003740000FF730000AC
:10874000E7730000F3730000E1730000ED730000B5
:108750001D74000000000000FFFF0000002884508E
:10876000380000200000000001000000FFFFFFFFB4
:1087700000258450380000200000000000000000A8
:10878000008000500100000000000000A4870000ED
:108790000000D601000000000000000004170020C7
:1087A0000317002000800050B08700000200000086
:1087B000D087000004000000C08700000401000012
:1087C0001480000016800001138000021580000351
:1087D0001400000013000002160600011506000335
:1087E0000800000003000000080000000300000073
:1087F0009882000098820000E0820000E882000079
:10880000F8820000F8820000FF8FFFFFFF8FFFFF5C
:10881000FE8FFFFFFE8FFFFFFD8FFFFFFC8FFFFF2F
:10882000FC8FFFFFFB8FFFFF6D757465785F6672CD
:1088300065652063616C6C65642077697468204E9F
:10884000554C4C20706172616D657465720000005A
:1088500043616E277420696E697469616C697A6519
:10886000206D757465782C20776173204E554C4CC3
:108870000D0A00004661696C20746F206163717598
:10888000697265206D757465780A00004661696CCF
:1088900020746F20696E63726561736520504D208E
:1088A000636F756E7465720A000000004661696C42
:1088B00020746F20646563726561736520504D207C
:1088C000636F756E7465720A000000004661696C22
:1088D00020746F2072656C65617365206D757465B9
:1088E000780A0000436F756C64206E6F74206C6FA3
:1088F000636B20706F7765722073617665206D758C
:10890000746578004661696C20746F20756E6C6FB9
:10891000636B206D757465780A00000063747820BD
:1089200063616E6E6F74206265204E554C4C000082
:108930000A637478206973204E554C4C0A0000007D
:1089400067E6096A85AE67BB72F36E3C3AF54FA5E0
:108950007F520E518C68059BABD9831F19CDE05B0C
:10896000D89E05C107D57C3617DD703039590EF712
:10897000310BC0FF11155868A78FF964A44FFABED8
:108980000123456789ABCDEFFEDCBA9876543210EF
:10899000F0E1D2C35261636520636F6E64697469EC
:1089A0006F6E2068617070656E64210A00496E63A5
:1089B00072656D656E745F636F756E7420282564D3
:1089C00029202B2044656372656D656E745F636F4B
:1089D000756E742028256429203D202564200A0016
:1089E00054687265616420302073746172746564C8
:1089F0000A00546872656164203120737461727476
:108A000065640A00746872656164315F696400744A
:108A10006872656164305F6964002A2A2A20426FA7
:108A20006F74696E67206E524620436F6E6E656389
:108A3000742053444B2076332E322E332D36663835
:108A4000343835643238393064202A2A2A0A002A18
:108A50002A2A205573696E67205A657068797220DA
:108A60004F532076342E322E39392D633463373507
:108A700066373165373039202A2A2A0A006D757425
:108A800065785F696E69742063616C6C65642077DA
:108A9000697468204E554C4C20706172616D65742C
:108AA000657200436F756C64206E6F7420616C6C2E
:108AB0006F63617465206D75746578206265666F9B
:108AC000726520696E697469616C697A696E6700A4
:108AD00072302F61313A20203078253038782020CC
:108AE00072312F61323A20203078253038782020BA
:108AF00072322F61333A20203078253038780A00DE
:108B000072332F61343A2020307825303878207243
:108B100031322F69703A2020307825303878207231
:108B200031342F6C723A20203078253038780A00A2
:108B300020787073723A20203078253038780A0017
:108B40004661756C74696E6720696E7374727563C3
:108B500074696F6E2061646472657373202872316A
:108B6000352F7063293A203078253038780A00553F
:108B70006E68616E646C6564204952516E3A2025BE
:108B8000640A002A2A2A2A2A2055534147452046AA
:108B900041554C54202A2A2A2A2A0A0020204469B6
:108BA000766973696F6E206279207A65726F0A0048
:108BB0002020556E616C69676E6564206D656D6F10
:108BC0007279206163636573730A002020537461B6
:108BD000636B206F766572666C6F772028636F6EAB
:108BE000746578742061726561206E6F742076619F
:108BF0006C6964290A0020204E6F20636F70726FC9
:108C0000636573736F7220696E73747275637469D0
:108C10006F6E730A002020496C6C6567616C206C74
:108C20006F6164206F66204558435F52455455522A
:108C30004E20696E746F2050430A002020496C6CEE
:108C40006567616C20757365206F662074686520A8
:108C5000455053520A002020417474656D70742091
:108C6000746F206578656375746520756E646566DC
:108C7000696E656420696E737472756374696F6E72
:108C80000A002A2A2A2A2A20425553204641554CB6
:108C900054202A2A2A2A2A0A002020537461636B4E
:108CA000696E67206572726F720A002020556E73BC
:108CB0007461636B696E67206572726F720A00205F
:108CC0002050726563697365206461746120627508
:108CD00073206572726F720A002020424641522052
:108CE000416464726573733A20307825780A0020F5
:108CF00020496D70726563697365206461746120D9
:108D0000627573206572726F720A002020496E735B
:108D10007472756374696F6E206275732065727208
:108D20006F720A002020466C6F6174696E672D7047
:108D30006F696E74206C617A792073746174652038
:108D4000707265736572766174696F6E2065727298
:108D50006F720A002A2A2A2A2A204D50552046419D
:108D6000554C54202A2A2A2A2A0A002020537461AA
:108D7000636B696E67206572726F722028636F6E15
:108D8000746578742061726561206D69676874200C
:108D90006265206E6F742076616C6964290A002018
:108DA0002044617461204163636573732056696F69
:108DB0006C6174696F6E0A0020204D4D464152204F
:108DC000416464726573733A20307825780A002014
:108DD00020496E737472756374696F6E20416363AA
:108DE0006573732056696F6C6174696F6E0A005207
:108DF0006573657276656420457863657074696F24
:108E00006E20280053707572696F757320696E74D7
:108E10006572727570742028495251200053505366
:108E2000454C20696E20746872656164206D6F64C2
:108E30006520646F6573206E6F7420696E6469636A
:108E4000617465205053500A002A2A2A2A2A204891
:108E5000415244204641554C54202A2A2A2A2A0AA3
:108E6000002020427573206661756C74206F6E203F
:108E7000766563746F72207461626C6520726561DF
:108E8000640A0020204465627567206576656E740B
:108E90000A0020204661756C7420657363616C6103
:108EA00074696F6E20287365652062656C6F772921
:108EB0000A00415243485F45584345505420776962
:108EC000746820726561736F6E2025780A0A002A23
:108ED0002A2A2A2A204465627567206D6F6E69749C
:108EE0006F7220657863657074696F6E202A2A2A14
:108EF0002A2A0A002A2A2A2A2A20257320256429B8
:108F0000202A2A2A2A2A0A00464C4153485F300068
:108F10005352414D5F30000000000121200B0A63D5
:108F20006C6F636B40353030300063727970746FF2
:108F3000403530383434303030006770696F403835
:108F40003432383030006770696F40383432353031
:108F5000300000010203040506070B7561727440BE
:108F60003830303000000000010101000001000035
:108F70000000203030303030303030303030303061
:108F800030000169646C65006D61696E00286E7562
:108F90006C6C29002A666C6F61742A00280000003E
:108FA0000D700000740100203A00000088010020CC
:108FB0003A000000600100203A0000009C010020FF
:108FC0003A00000000000000CF7200000000000026
:108FD0000000000000D00050000000000000000071
:108FE0000000000000000000000000000000000081
:108FF0000000000000000000000000000000000071
:109000000000000000000000000000000000000060
:109010000000000000000000000000000000000050
:109020000000000000000000000000000000000040
:109030000000000000000000000000000000000030
:109040000000000000000000000000000000000020
:109050000000000000000000000000000000000010
:10906000000000000090D003FF000000FF0000009F
:109070000400000048010000DC000020DC000020AB
:1090800000000000F93E000028010020200100201F
:10909000180100200000000010010020C94000005D
:1090A000154000004940000091400000000E0020E3
:1090B0003A00003A040E00203A00003A080E002060
:1090C0003A00003A0C0E00203A00003A54130020F7
:1090D0003C010020FC000020F4000020F0000020F3
:1090E000EC000020694E00005D4E0000514E000073
:1090F00000000000000000000000000060010020EF
:109100006001002000000000000000000E000000D0
:109110007401002074010020000000000000000025
:109120000E000000880100208801002000000000DF
:10913000000000000E0000009C0100209C010020A7
:1091400000000000000000000E000000B001002040
:10915000B001002000000000000000000E00000030
:0491600015E015E021
:00000001FF
