:1000000048300020E90E0000ED710000D50E000020
:10001000D50E0000D50E0000D50E0000D50E000054
:10002000000000000000000000000000551000006B
:10003000D50E000000000000ED0F0000D50E0000FE
:10004000C1110000C1110000C1110000C111000068
:10005000C1110000C1110000C1110000C111000058
:10006000C1110000C1110000C1110000C111000048
:10007000C1110000C1110000C1110000C111000038
:10008000C1110000C1110000C1110000C111000028
:10009000C1110000C1110000C1110000C111000018
:1000A000C1110000C1110000C1110000C111000008
:1000B000C1110000C1110000C1110000C1110000F8
:1000C000C1110000C1110000C1110000C1110000E8
:1000D000C1110000C1110000C1110000C1110000D8
:1000E000C1110000C1110000C1110000C1110000C8
:1000F000C1110000C1110000C1110000C1110000B8
:10010000C1110000C1110000C1110000C1110000A7
:10011000C1110000C1110000C1110000C111000097
:10012000C1110000C1110000C1110000C111000087
:10013000C1110000C1110000C1110000C111000077
:10014000C1110000C1110000C1110000C111000067
:04015000C1110000D9
:1001540053B94AB9002908BF00281CBF4FF0FF312A
:100164004FF0FF3000F00CB8ADF1080C6DE904CE8F
:1001740000F008F8DDF804E0DDE9022304B070477C
:10018400704700BF2DE9F04786468C460846089E16
:10019400154674461946002B40F0C1808542B2FAD8
:1001A40082F245D94AB1C2F1200300FA02FC95401B
:1001B40094402EFA03F343EA0C0C4FEA154EA8B20E
:1001C400230CBCFBFEF80EFB18CC08FB00F943EA39
:1001D4000C43994528D9EB1808F1FF3704D2994507
:1001E40002D9A8F102072B44A3EB0903A4B2B3FB81
:1001F400FEFC0EFB1C330CFB00F044EA0344A0425B
:1002040014D92C190CF1FF3304D2A04202D9ACF159
:1002140002032C44241A43EA07401EB1D4400023AD
:1002240034607360BDE8F0874746DDE76346F1E775
:1002340092BB431B01214FEA154EAFB2200CB3FB16
:10024400FEFC0EFB1C330CFB07F840EA0343984505
:1002540061D9EB180CF1FF3004D2984502D9ACF106
:1002640002002B44A3EB0803A4B2B3FBFEFC0EFB79
:100274001C330CFB07F744EA0344A7424DD92C195D
:100284000CF1FF3304D2A74202D9ACF102032C448F
:10029400E41B43EA0040C0E7C2F1200395409440C8
:1002A40020FA03F12EFA03F34FEA154E9040AFB251
:1002B4000343B1FBFEFC0EFB1C10190C0CFB07F8EE
:1002C40041EA0041884522D969180CF1FF3004D273
:1002D400884502D9ACF102002944A1EB08019BB284
:1002E400B1FBFEFC0EFB1C110CFB07F743EA0143B8
:1002F4009F420ED9EB180CF1FF3104D29F4202D970
:10030400ACF102012B44DB1B41EA004193E7604658
:10031400E3E76146F7E76046A4E76346B8E783424C
:1003240006D916B9002108467CE7C6E900E0F9E7DA
:10033400B3FA83F78FB9834201D3724508D8BEEB71
:10034400020460EB030301209C461EB9002169E707
:100354003846FAE7C6E9004CF8E7C7F1200CBB4081
:100364000EFA07F522FA0CF42EFA0CF1BA401C43EB
:1003740020FA0CF3B8404FEA144901431FFA84FEF3
:10038400B3FBF9F809FB18300B0C08FB0EFA43EA2F
:1003940000439A4540D9E31808F1FF3004D29A4546
:1003A40002D9A8F102002344A3EB0A0389B2B3FBE8
:1003B400F9F809FB183308FB0EFE41EA03418E45A8
:1003C4002CD9611808F1FF3304D28E4502D9A8F163
:1003D4000203214443EA0040A1EB0E01A0FB029872
:1003E4004145CE46434602D306D14D4504D2013899
:1003F400B9EB020E68EB0403002EA7D0B5EB0E0296
:1004040061EB030101FA0CFC22FA07F3F9404CEA10
:100414000303C6E9003199E74046C5E74346D9E7F7
:1004240073B54FF0FF324FF0FF332E4802F0A0FEB9
:1004340028222D4D2D4C2B68013393FBF2F102FB46
:10044400113322682B60013A08BF28221344282B59
:1004540022603BD0264806F0D9FD29682268254849
:100464008B1806F0D3FD04210DEB010001F0DCF93B
:100474000A2301980126B0FBF3F203FB120000F5F6
:10048400C87006F0D0FC2D6824682B19282B1FD0C7
:10049400144802F0E5FE164806F0B8FD2246294647
:1004A4001448631906F0B2FD04210DEB010001F0BC
:1004B400BBF90A230198B0FBF3F203FB120000F529
:1004C400C87002B0BDE8704006F0ADBC0026DAE7A3
:1004D400044802F0C5FE16B100242546DBE702B04D
:1004E40070BD00BFB001002078050020000000208E
:1004F40094890000AD89000008B5034806F086FD24
:10050400FFF78EFFFCE700BFE089000008B5034851
:1005140006F07CFDFFF784FFFCE700BFF2890000D2
:10052400014B1B68184700BF04000020014B1860F2
:10053400704700BF0400002030B585B004460D4666
:1005440010220021684607F021FE02238DF80230B4
:10055400044B2A4621466846019306F009FA05B081
:1005640030BD00BF2505000080B505460E46174680
:10057400984603F01DFA034607F082FE0446DFF8AE
:100584001890424649F8003039463046A84754F896
:10059400090000F013FD00BF080000002DE9F0473A
:1005A400058B04462807904611D4022905F0070557
:1005B40040F0CC80204606F036FD78B10138218B1E
:1005C400042811D8DFE800F0C2106D8595000129D8
:1005D4000CBF45F0100545F02005258388F31188EC
:1005E400BFF36F8FBDE8F08701F0070AAA4500F05A
:1005F400A5800027B9463E46A368002B00F0BC80C6
:1006040041F00801218388F31188BFF36F8FA1683B
:10061400002900F0BA800D68002900F0B680334646
:1006240052462046D1F80480C047002D76D02B686E
:1006340029461D46F0E701F007035A1F012A1BD87B
:10064400002221F00701062B276889B2C4E90022A1
:1006540009D13B4603E0628B013262831B68002BA5
:10066400F9D141F002012046218306F0DCFC002888
:100674007AD041F0200176E0042B0AD121F0070161
:1006840089B22046218306F0CEFC10B141F020014E
:100694002183218B01F0070AAA454FD00027B946D0
:1006A400AAE7236921F0070141F00601062DD3F8DA
:1006B400009021832DD1B9F1000F3FD041F0080102
:1006C400218388F31188BFF36F8F20463949C847C7
:1006D40029E021F00701236941F0040189B2042DC6
:1006E400D3F804902183E6D000274FF0040A3E4655
:1006F40082E721F00701236941F0050189B2052D44
:10070400D3F808902183D6D000274FF0050A3E463F
:1007140072E700274FF0060A3E466DE72B4687E74F
:10072400B9F1000FD1D1EFF31188202383F312889C
:10073400BFF36F8F238B23F008032383258BEA06F3
:100744002ED525F01003238305F007056669218B58
:10075400002EBFF670AF00232768C4E9003321F0F0
:10076400070141F001012183218B4FF0000901F0C1
:10077400070AAA457FF440AF002F9CD041F008013E
:10078400218388F31188BFF36F8F002FC8D03D6891
:10079400394633465246204606F071FC2F46F4E7AC
:1007A400AB067FF51BAF25F02003238305F0070577
:1007B40000E700BFAF700000014B036000207047EA
:1007C400B886000008B5044806F020FCBDE80840DF
:1007D400024806F01BBC00BF1A8A00004F8A0000C2
:1007E400014803F0BBBB00BFB886000038B504461F
:1007F40018B90F4B0F485B6898476168B1F5683FBB
:1008040010D0B1F5680F0DD00B4DA9420AD011F4E8
:100814006861206807D00146084807F061FB00239F
:100824002360656038BD142207F0B0FCF9E700BF0F
:10083400E40000207D8A00002C5F5CA97C0A002073
:1008440008B560B34368B3F5683F0ED0B3F5680FDD
:1008540018D0144A934220D000684FF0FF324FF072
:10086400FF3302F085FC58B115E001220368D3E898
:10087400EF1F002903D1C3E8E02F0028F7D10AD1E4
:10088400002008BD0368084A1B7803F5807352F8FA
:100894002330002BF4D00548F3E70548F1E76FF463
:1008A400E040EEE72C5F5CA900000350E98FFFFFF6
:1008B400EA8FFFFF08B520B34368B3F5683F09D05A
:1008C400B3F5680F13D0114A93421DD0006802F0AB
:1008D400C7FC14E000220368D3E8EF1F012903D109
:1008E400C3E8E02F0028F7D109D0094808BD00214A
:1008F4000368084A1B7803F5807342F8231000202C
:10090400F4E76FF4E040F1E70348EFE72C5F5CA9FC
:10091400E98FFFFF00000350EA8FFFFF10B5044684
:1009240018B91D4B1D485B6898476368B3F5683F69
:100934002FD0B3F5680F2CD0194A934219D12368EC
:1009440003BB4FF0FF324FF0FF332146154802F04E
:10095400E1FB08B923681BB90F4B13485B68984740
:1009640014220021206807F011FC4FF468636360CF
:1009740008E0B3F5683F0DD83A2B03D040F6BA62CD
:100984009342DED1206807F0F6FA636843F03A0335
:10099400636010BD054AF3E7E40000207D8A00008F
:1009A4002C5F5CA97C0A0020A38A00003A00003A6C
:1009B40008B5064940231422054807F083FABDE828
:1009C40008400449044803F08DBB00BF7C050020A7
:1009D4007C0A0020C0860000D486000008B50348C5
:1009E400034A0021121A06F0F7FB08BDC8010020D3
:1009F40008170020074808B5074A0849121A06F0E4
:100A0400EDFBBDE808400648064A0749121A06F0FD
:100A1400E5BB00BF00000020C40100209C8F000043
:100A240000000020000000209C8F000038B505461F
:100A34000C4699B1D1E901230F48096806F0E6FA9A
:100A4400D4E90423E1680D4806F0E0FAE1690C48B2
:100A540006F0DCFAA1690B4806F0D8FA012D05D19D
:100A6400EFF305810848103906F0D0FA21462846EC
:100A7400BDE8384002F00ABAD08A0000008B0000BA
:100A8400308B0000408B00006F8B000030BFFFF7FD
:100A9400FDBF00BF2DE9F04105460B4EDFF82C8069
:100AA400324606EB0807CC1B2046094907F047FBF2
:100AB400A01942460021083C07F068FBC5F8A44091
:100AC40007F10800BDE8F081000000000400000008
:100AD400B0860000054B5A699B689A421FBF044ABE
:100AE400536843F080535360704700BF0C0C0020E0
:100AF40000ED00E010B5204C204806F087FAA36A08
:100B0400990137D51E4806F081FA1E20A36ADA013E
:100B140003D51C4806F07AFA1F20174CA36ADB029F
:100B240003D5194806F072FA0220A36A1C0303D500
:100B3400164806F06BFA21200F4CA36A590303D51B
:100B4400134806F063FA2220A36A9A0303D51148D6
:100B540006F05CFA2320084CA36ADB0303D50E4895
:100B640006F054FA2420A36A6FEA03436FEA13439E
:100B7400A36210BD1D20C9E700ED00E0838B0000D7
:100B84009C8B0000B08B0000CB8B0000F68B000028
:100B9400158C00003B8C0000568C000070B5244C72
:100BA400064624480D4606F031FAA36AD90435D521
:100BB400214806F02BFA1720A36A1A0503D51F480B
:100BC40006F024FA18201A4CA36A9B050FD51C487A
:100BD40006F01CFAA16BA36A180407D5194806F09D
:100BE40015FA1EB1A36A23F40043A3621920104C22
:100BF400A36A590503D5144806F008FA1A20A36A13
:100C0400DA050DD5114806F001FA1B20084A936A4B
:100C140043F47F43936200232B7070BD1620CBE70F
:100C2400A36A9B04F2D50A4806F0F0F91C20EDE70C
:100C340000ED00E0828C0000998C0000AB8C000079
:100C4400BF8C0000D98C0000EF8C00000B8D0000DD
:100C5400248D000070B5264C064626480D4606F045
:100C6400D5F9A36AD80640D5234806F0CFF9112058
:100C7400A36A190703D5214806F0C8F912201C4CB1
:100C8400A36A9A070FD51E4806F0C0F9616BA36AE0
:100C94001B0607D51B4806F0B9F91EB1A36A23F059
:100CA4008003A3621320124CA36ADE0703D51648FF
:100CB40006F0ACF91420A36A9C0603D5134806F089
:100CC400A5F915200A4B9A6AD10658BF9A6A9A6AFE
:100CD400920642BF5A6A22F400525A629A6A42F059
:100CE400FF029A6200232B7070BD1020C0E700BF82
:100CF40000ED00E0548D00006B8D0000AB8C000013
:100D04009F8D0000B88D0000CF8D0000248D000061
:100D14002DE9F0415B4B04465F6800258AB0C7F3B8
:100D2400080685F31188BFF36F8F02F07F43B3F198
:100D34007F4F06D102F00C03082B13D1524806F062
:100D440065F900252C464FF00008F31E8DF8078046
:100D5400092B00F28580DFE803F00A797D7583832F
:100D64008383838110074CBF0C460125EBE747487A
:100D7400444E06F04BF98DF80780F36A9A0704D5C0
:100D8400434806F043F900232FE0F36A002B01DA0D
:100D94004048F6E7F36A5B00F5D53F4806F036F9BC
:100DA4007369A26943F480737361BFF34F8FBFF318
:100DB4006F8F736932F8022C23F480737361BFF36D
:100DC4004F8FBFF36F8F4DF602739A4208D0B36A08
:100DD400DBB24BB301200DF10701FFF73BFF33E01A
:100DE40021682E4806F012F923689DF80720C2B93D
:100DF40002AE04F12007324620686168083403C259
:100E0400BC421646F7D1099AB5B3C2F3080121B919
:100E14006FEA52226FEA42220992184602A9FFF7AA
:100E240005FE0AB0BDE8F081B36A13F47F4F05D024
:100E340001200DF10701FFF7B1FE05E0B36AB3F538
:100E4400803FA0D3FFF756FE0346CEE700200DF106
:100E54000701C2E700200DF10701ECE7104890E715
:100E6400104B17F4F87F1049104818BF1946A6F123
:100E7400100206F0CBF886E722F4FF7222F001029A
:100E8400CAE700BF00ED00E01D8E0000498E00009F
:100E9400618E0000838E0000928E0000B28E0000EE
:100EA400CF8E0000048E0000EF8D0000F48E000051
:100EB400064B5A6942F010025A615A6942F4806240
:100EC4005A615A6922F008025A61704700ED00E045
:100ED400EFF30880EFF3098101B57246FFF718FFBD
:100EE40001BD00BF002080F31488BFF36F8F002082
:100EF40080F30A8880F30B88104880F30888002068
:100F04000F49087001F05CFB00200E490860BFF334
:100F14004F8F00F02DF8202080F311880A484FF4F9
:100F24000061401880F30988EFF31480022108431C
:100F340080F31488BFF36F8F00F0DCF84830002092
:100F44000517002094ED00E0081F00200023184638
:100F54000649D1F89020C2F30722934200DB704780
:100F6400C1F89830C1F8A0000133F6E700ED00E0C5
:100F740010B572B6002484F31388FFF7E7FF234605
:100F84004FF0FF300C4A03F120010133102B42F8DB
:100F94002100F8D100234FF0FF30074A03F160012C
:100FA4000133102B42F82100F8D162B6BFF34F8F02
:100FB400BFF36F8F10BD00BF00E100E0084B9B68DA
:100FC40083420BD1EFF3058343B1064B5A6842F0D9
:100FD40080525A605A6A22F400425A6202F0EEBC0D
:100FE4000C0C002000ED00E016498A684FF0300038
:100FF4001044EFF3098C80E8F01F202080F312885E
:10100400BFF36F8F104F4FF000664A698A603E60ED
:10101400D2F8A4000D4C2060D2F8A8000023C2F836
:10102400A83080F3118802F1300090E8F01F8CF3AF
:10103400098802F1000004B506F0E1F8BDE80440B7
:10104400704700000C0C002004ED00E0980A00201A
:101054001EF0040F0CBFEFF30880EFF309808169E1
:1010640011F8021C0229FFD001B5724606F0B8F847
:1010740001BD00BF40B2002807DB01234109034A38
:1010840000F01F00834042F82130704700E100E087
:10109400054B420953F82220012300F01F0003FAF4
:1010A40000F01040704700BF00E100E040B20028AB
:1010B40001F10101ACBF00F16040064B4FEA411160
:1010C400C9B2ABBF00F5614000F00F0080F8001317
:1010D4001954704714ED00E0044B054A23F07F03D4
:1010E4009360BFF34F8FBFF36F8F70470000000012
:1010F40000ED00E008B5FFF7EFFF074AD2F88830AB
:1011040023F47003C2F88830FFF768FCFFF772FC21
:1011140000F048F801F084FF00ED00E042F8203CC4
:10112400009B0B4942F81C3C019B21F0010142F851
:10113400183C029B42F8081C42F8143C4FF08073A0
:1011440042F8043C0023203A0265C0F8A8307047F6
:101154006D05000000B50E4B15469860D0F8A4202C
:101164000C4B0E461A60D0F8943083F30B882C464F
:1011740086F309880020044B98472046002100226A
:101184000023024C20470000137200006D0500008C
:101194000C0C0020980A00201022014B1A617047A1
:1011A40000ED00E0002320210348C2180133452B41
:1011B40082F80013F9D1704700E100E008B5EFF3BD
:1011C4000583064A103B02EBC30152F83300496819
:1011D4008847BDE80840FFF77DBC00BF9883000046
:1011E4001FB5094C094A23460121094800F0FAF8C1
:1011F40000230393074B0121E41A01A801930294ED
:1012040000F0FAF804B010BD000007200000002030
:10121400E4860000C801002010B50C7A0B6804F0C5
:101224001F0223F01F031A43CB68640923F01F0332
:10123400054943EA440343F00103C1F89800C1F8A7
:101244009C20C1F8A03010BD00ED00E010B5074BA4
:10125400D3F89030C3F30723013B984202D8FFF739
:10126400DBFF10BD6FF01500FBE700BF00ED00E0F1
:101274002DE9F04F0F46144606464FF000084D4D39
:1012840085B0B84580F29280D6F80490B9F1000F89
:1012940036D0B9F11F0F40F2878019F01F0F40F0CC
:1012A4008380D6F800A01AF01F0F7DD1504605F0B8
:1012B400EAFF834609EB0A00013805F0E4FF8345A1
:1012C40072D11BF1160F6FD05C456DDDC5F898B077
:1012D400D5F89C10C5F898B0D5F8A03021F01F01BE
:1012E40043F01F0AD6E900321A44994202F1FF3949
:1012F4001ED1CA4508D131465FFA8BF005F0CCFF08
:1013040008F101080C36BCE73146C5F898B0D5F8A9
:101314009C3022F01F0203F01F031343C5F89C30D6
:10132400E0B205F0B9FF10F1160F3DD0441CE7E719
:10133400C5F898B0D5F8A020013B23F01F0302F0B4
:101344001F021343CA453146E0B2C5F8A030E8D0C5
:1013540005F0A2FF10F1160F26D0C5F898B0D5F805
:101364009C209DF808300AF1FF3A62F304038DF8DB
:101374000830D5F8A0309DF808205B0863F34712C5
:101384008DF80820D6E900321344009323F01F039C
:101394005344A3EB0903013023F01F036946C0B291
:1013A4000393FFF753FFBEE76FF01504204605B023
:1013B400BDE8F08F00ED00E00522044BC3F8942053
:1013C400BFF34F8FBFF36F8F704700BF00ED00E096
:1013D400BFF35F8F0022024BC3F89420704700BF15
:1013E40000ED00E010B5034C2278FFF741FF2070B8
:1013F40010BD00BF001700202DE9F74F294D8A4684
:1014040006464FF00008AB46274FD0451BDAD6F806
:101414000490B9F1000F3FD031680846019105F0FE
:1014240032FF0199044609EB0100013805F02BFF56
:1014340084424FF014021D4B08D002FB08F36FF0F6
:1014440015024BF8032003B0BDE8F08F14F1160F1A
:101454002C60F8D01978A142F5DD02FB08B0C7F87A
:101464009840C7F89840D7F89C4000F10801007BE9
:1014740064F304000871D7F8A0000C79400860F305
:1014840047140C71D7F89C1021F01F016960D7F83C
:10149400A01021F01F01296108F1010814350C3650
:1014A400B3E700BF9C0A002000ED00E00017002015
:1014B400F0B54149414CD1F890302568C3F3072376
:1014C4009D4287B075D80020FFF782FF3C4BC1F8DE
:1014D400C030854216D13B4C01A82570FFF76CF94A
:1014E40000250646384FAE4213D1002023783249F6
:1014F400D1F89020C2F30722934254DBFFF75CFF3C
:1015040000202FE0616801EB0011FFF785FE013038
:10151400DFE70199280101EB0513DA683A40B2F5D7
:10152400001F21D0B2F5800F2BD0B2F5801F38D127
:101534005A689B680958013B22F01F0003440120AC
:10154400844623F01F0340EA4C10CDE902218DF8B4
:10155400100002A920780593FFF778FE00281DDA11
:101564006FF0150007B0F0BD5A689B680958013B3D
:1015740022F01F0003444FF0020C012023F01F034C
:10158400E1E75A689B680958013B22F01F000344B5
:101594004FF0000C062023F01F03D4E72378013317
:1015A400237001359FE7C1F89830C1F8A0000133DA
:1015B4009EE74FF0FF30D5E700ED00E0F086000035
:1015C400AAFF4400001700200000F0FF08B5024BFA
:1015D4001B689847002008BDB00A0020034B044A4A
:1015E4001860937843F0020393707047B00A0020A8
:1015F4002800002008B50649064821F00701C1F17A
:10160400005202F5E02205F0A7FC002008BD00BF4F
:101614004F300020B40A0020054B03EB8000D0F8C3
:10162400003223F0E04343F04053C0F800327047E7
:1016340000258450052370B5144D154E2C780134C3
:10164400B4FBF3F303EB8303E41A06F04CF8114AFA
:10165400137823B156F82430C01A072814D94FF050
:101664005023D3F8141141B10021C3F81411D3F855
:1016740014312C700CB9012313702C7806F033F854
:1016840046F82400012070BD0020FCE7021700206A
:10169400C00A002001170020012208B50B4B0C4999
:1016A400C3F8002502230020C1F8D036FFF7B4FFA9
:1016B4001046FFF7B1FFC1F80427C1F80429C1F8A7
:1016C400002BBDE8084000F099B800BF001000509E
:1016D4000040005007B54FF480620B4B0B49C3F830
:1016E400B8254FF400620A48C3F83C250DF10702FF
:1016F40006F040F8002803DB9DF8070001F056F8D7
:1017040003B05DF804FB00BF00A002502CA00250FF
:1017140028A1025048B1054B054A1B68B3FBF2F3FC
:101724005843044B43F0010318477047C800002096
:1017340040420F00B0860000002170B5104C114DDE
:10174400114E000714F8013B03F01F025B090FD090
:10175400012B0FD1334603EB8203D3F8002201316E
:1017640022F0E04202430429C3F80022EAD170BD0A
:101774002B46F0E70023803253F82230FFDE00BF0F
:101784001B8F000000258450002884502DE9F0416F
:10179400064601200D46FFF7CFFF4FF47F03D3F831
:1017A4003021D3F83431072A20D1023B032B02D84D
:1017B400114AD35CD3B14FF050244FF001080027F5
:1017C4000520C4F81886C4F8147605F09EFF404638
:1017D400C4F8148605F099FFC4F81476C4F8187692
:1017E40030462B46BDE8F041002118474FF0502306
:1017F4000022C3F81426F3E7178F000001490248BA
:1018040005F060BC18870000D40A002008B54FF02A
:10181400FF323F230348C0E9002300F0B3FF002058
:1018240008BD00BFF00A0020F7B506460D460D4876
:101834008AB2836831461B689847002810DA00246E
:101844000CE02F1B042F28BF042705F04CFF3A4659
:10185400019001A9301906F072FC3C44A542F0D86D
:1018640003B0F0BD58830000084B70B5C31A0D4691
:1018740007499B10044659434022064805F044FD9D
:101884002B4601462046BDE8704018470C0B00204B
:10189400B76DDBB6F8820000402373B50B4C0093A0
:1018A400041B0B460D460A49A41061430646094A27
:1018B400094805F055FD011E05DA30462B4602B0F5
:1018C400BDE87040184702B070BD00BF0C0B00208B
:1018D400B76DDBB6CF730000F88200002DE9F04746
:1018E4000022012107460520FFF7E0FB124800F023
:1018F4007DFF0446D0B900F0ADFF25464FF01C0A29
:101904004FF00C08DFF834903E6949460AFB056045
:1019140005F0D8FB031E0CDB012308FB05661D4400
:10192400042DB367F0D12046BDE8F0876FF00404BE
:10193400F9E71C46F7E700BF711A0000248700008E
:101944001FB500220123CDE902236B46084ACDF8D6
:1019540000D0CDF804D005F031FD002805DB4FF4AC
:1019640080420023684601F0FFFC05B05DF804FBEB
:10197400F973000010B5EFF31184202383F3128868
:10198400BFF36F8F074A136823F00201DB0711606E
:1019940002D4012005F011FF84F31188BFF36F8F87
:1019A40010BD00BFAC0B00200C22104B014602FB03
:1019B4000033002030B4D3E91C521867EFF31180D0
:1019C400202484F31288BFF36F8F9C6F04F0C0044B
:1019D40044F002049C6780F31188BFF36F8F1DB13C
:1019E4002B4630BC0248184730BC70470C0B002013
:1019F400F882000010B4EFF31182202383F31288DD
:101A0400BFF36F8F1748016841F002040460C807F0
:101A140007D482F31188BFF36F8F012010BC05F047
:101A2400BDBE4FF05021D1F80C04D1F80C14C907F5
:101A3400EFD5EFF3118083F31288BFF36F8F0A4958
:101A44008B6F03F0C00343F002038B6780F31188AC
:101A5400BFF36F8F82F31188BFF36F8F002010BC28
:101A6400FFF7A2BFAC0B00200C0B0020092813D8F1
:101A7400DFE800F005101212121212120E0C074BBE
:101A8400986F10F0070007D1FFF78EBF0220FBE725
:101A94000320F9E70120F7E7704700BF0C0B002093
:101AA4002DE9F041012207463649D1E8EF3FC1E86C
:101AB400E02F0028F9D133B9334934484B60CB6067
:101AC4008A6005F012FB7B1E012B2BD8012F07D156
:101AD4004FF05023D3F81C3403F00303022B21D01E
:101AE40006F050FA0546F8B9294B1B78E3B14FF0DC
:101AF400502302220646C3F808234FF05024DFF88F
:101B04009480D4F81824D4F81834D20315D503F0EB
:101B14000303022B01D0012F0FD16DB386F311887B
:101B2400BFF36F8FBDE8F081EFF31186202383F3B9
:101B34001288BFF36F8F0125DFE7C5B1304605F08A
:101B440086FBD4F81835DBB2012BDAD1D4F80421A2
:101B5400002AD6D00022C4F80421D4F80421022299
:101B6400C4F818252022C8F88021A360C9E7002101
:101B7400212006F077FAE4E74FF050230222C3F85D
:101B84000423CFE7080B0020F80A0020280B0020CC
:101B94000517002000E100E008B5074806F062F9E7
:101BA40038B10648FFF71AFD0448FEF7BFFC0020D1
:101BB40008BD6FF01200FBE778830000C51B00002E
:101BC4000A2838B50446074D04D1AB680D212846D0
:101BD4005B689847AB6803485B68E1B29847204666
:101BE40038BD00BF78830000F0B545681646A86884
:101BF4002A7C01F01F0487B044EA4214002868D00C
:101C0400B6F5001F04D1214606F00EF9002051E07C
:101C14000020B6F5800F01AA0190506037D1B3F1CE
:101C2400007F14BF052304238DF804300023CDE97D
:101C340004230393EB680DF1030723FA01F111F078
:101C4400010139D1B6F1A07F36D104F01F03620936
:101C540003F1800326D0012A3ED1214A52F82330D1
:101C6400DB0729D43A462146A86806F070F81630F6
:101C74001AD002972146A86803AA05F034FF002869
:101C840018DB01222146A86806F07CF8BEE7B3F110
:101C9400C06F05D0B3F1007F14BF01230223C3E753
:101CA4000323C1E70F4AD9E73946A86800F0F8FFD3
:101CB4000028DEDA07B0F0BD3A462146A86806F0EF
:101CC40046F80028D6D19DF80310A86800F0DEFF7E
:101CD400D0E76FF08500EDE751F82330FFDE00BF59
:101CE40000288450002584504209034670B502D070
:101CF400012A17D070BD0D4E326951680029F9D000
:101D0400012503F01F030C689D400029F2D08A6866
:101D14002A4002D030464B6898472CB123682146AC
:101D24001C46F2E7024EE7E72346F8E73883000053
:101D34001883000038B54568A86890B106F01AF811
:101D4400014670B9A86800F06FFF044658B902460E
:101D54000649A86805F0F8FF224605210D20FFF783
:101D6400A5F9002038BD6FF00400FBE7ED1C00006E
:101D74002DE9F04340F206364768D00648BF4FF0DD
:101D8400030C3B7C02EA060658BFC2F3401C87B032
:101D940001F01F05B6F5837F144645EA43158DF817
:101DA40003C044D00DD8062E16D005D8A6B1022EF5
:101DB4003FD06FF0150037E0B6F5807FF9D10126EA
:101DC4000AE040F20222964235D0B6F5407F34D084
:101DD400B6F5007FEDD102260123220303FA01F1B7
:101DE4002DD57B689960B86880BB05F01F036D0929
:101DF4002AD0012D73D13C4A02EB830284F4803350
:101E0400D2F80012C3F30043C4F3404444EA430449
:101E140021F4706144EA8C0421F00F0144EA0623A2
:101E24000B43C2F80032002007B0BDE8F083072658
:101E3400D2E70426D0E70526CEE70326CCE76303E2
:101E440044BF7B68D960CEE7284AD5E729460DF11F
:101E5400020205F07CFF14F4403F80460CD1294671
:101E6400B86805F08DFFB8F1000FDCD19DF80210C1
:101E7400B86800F00BFFD6E74FF0000901ABCDE9DD
:101E84000199CDE90439CDF80C902946B86803AA24
:101E940005F029FE4845C6DB14F4003314D09DF840
:101EA400033084F48034C4F300448DF80E308DF88C
:101EB4000C608DF80D404B462946B86803AA05F01E
:101EC400CAFE0028CFDAAEE7CDE904330DF10303EF
:101ED40003932946B86803AA05F005FEF1E78033A9
:101EE40050F82330FFDE00BF0028845000258450C2
:101EF400036803F01F025B09026004D0012B03484E
:101F040018BF002070470248704700BF0028845063
:101F1400002584502DE9F04F1546824640F2FF1902
:101F2400DFF8B0B185B000EB8108D04503D10020C3
:101F340005B0BDE8F08FDAF80030C3F3C3210829F7
:101F4400C3F3080400F2C080634A4C45515C4FEA75
:101F5400136311D0222B1DD94E2B40F0B880C5F845
:101F64001445012603A80394FFF7C2FF039B06FA56
:101F740003F38360374654E0222B09D94E2B40F0FB
:101F8400A6804FF0FF33C5F814350AF1040ACCE7F4
:101F94004FF0FF34222B00F29A80DFE803F012178F
:101FA4001E36212736989898983963989898989867
:101FB400989898986B76797C9898987F86898C8F76
:101FC4009200C5F80C45631CCBD1DEE7C5F8144577
:101FD400631CDAD00026002723E0C5F80845F2E7A1
:101FE400601CC5F80845D0D0002604E0621CC5F882
:101FF4000C45CAD00126012703A80394FFF778FFF4
:10200400039B07FA03F3C3600BE0C5F81045DFE751
:10201400C5F808450029DBD1671CB6D00026062187
:102024003746DAF80030039403F40040002803A88C
:102034001CBF012600270193FFF75AFF039C019B55
:1020440000EB8400D0F80042C3F3412C0B0243EAB6
:102054008C033B4304EA0B04234343EA4603C0F8DE
:10206400003292E7C5F80C450029D5D0661C8CD007
:1020740000267FE7C5F86045601CDAF8003084D09C
:10208400C3F30043002BB5D06BE7C5F86445F3E711
:10209400C5F86845F0E7C5F86C45EDE7C5F8244593
:1020A400621C3FF472AF012695E7C5F828458AE71C
:1020B400C5F83045F4E7C5F83445F1E7C5F83845C7
:1020C400EEE7C5F83C457EE76FF0150030E76FF0AA
:1020D40085002DE7F0F0FCFF528F00002DE9F04160
:1020E40004460D46476805F04DFF4FF0200888B9B7
:1020F400264B1B7873B16426606805F02BFAF0B99F
:10210400012005F002FB013EF6D10021212005F05B
:10211400A9FFF0E7EFF31186314688F31288BFF385
:102124006F8F606805F016FAA8B986F31188BFF3BB
:102134006F8FEFE786F31188BFF36F8FE5E7EFF357
:102144001186314688F31288BFF36F8F606805F0FB
:1021540001FA0028EED0FB6900201D706368FA695B
:102164001B68C3F844250122C3F84825C3F820019D
:10217400D3F82041C3F85801D3F858019A6081F389
:102184001188BFF36F8FBDE8F08100BF05170020F1
:102194000123834070B5DC430B4AD2E8EF1F01EA08
:1021A4000405C2E8E65F002EF7D14FF48032824086
:1021B4000648C0F80823BFF35F8FBFF36F8F0B424D
:1021C40014BF0120002070BDD80B00200050015026
:1021D40070B40E4922F07F46D1E90034D01AC318F6
:1021E40044F10004C1E90034A6F50013B3F5400F2F
:1021F40009D2074B1B681A0A1B069C19054B42F1AE
:102204000005C3E9004570BC01F0DCBD38030020C3
:10221400DC0B002040030020D9B101230D4A834088
:10222400D2E8EFCF4CEA030CC2E8E1CF0029F7D1A2
:102234004FF48033084A8340C2F80433074BD3E891
:10224400AF3FC340DB0742BF4FF40012044BC3F857
:1022540000217047D80B002000500150D40B0020FF
:1022640000E100E00D4B1868010A0006BFF35F8F20
:102274000B4BD3F80435181841F10001B3F5801F56
:102284000AD2084BD3E90023904271EB030303D233
:1022940010F1807041F10001704700BFDC0B002099
:1022A40000500150400300202DE9F04F85B0164640
:1022B4001F4604469DF840A0FFF76AFF0190FFF710
:1022C400D1FFB04271EB070352D23B4B301A67EB9C
:1022D4000101984271F100014DD2384B03EB041314
:1022E400D3E902239F4208BF964258D04FF4803866
:1022F400334908FA04F8204626F07F4BC1F8488396
:1023040005F0E5F94FF00309584604F15005AD0016
:10231400ADB205F1502504F5A87305F58035029397
:10232400029A20F07F4341F82230C1F84483D1F867
:102334000435244AC01A033820F07F4090422ED935
:10234400286868B1D1F80435A3EB0B0020F07F4076
:10235400B0F5000F039322D9204605F0B8F9039B8A
:10236400BAF1000F07D109EB030009F10109D7E71E
:10237400BAF1000F09D06FF0150520460199FFF757
:102384004BFF284605B0BDE8F08F01230E4AA34059
:10239400D2E8EF0F1843C2E8E10F0029F8D107494A
:1023A4000E982301C8500F9B01EB04120025C2E9CB
:1023B40002675360E1E700BF0100800028030020AA
:1023C40000500150FDFF7F00D40B00207FB5002595
:1023D4004FF0FF304FF0FF31194C1A4B0226C4F86E
:1023E4000833C4F84833184BC4F80855C3E902014C
:1023F4004FF480334FF40012C4F80433134B01211B
:10240400C4F804631520C3F880212A46FEF74EFE63
:102414001520FEF72FFE01230D4AA36023601360ED
:102424000C4B0D4A009328460023CDE90155FFF7D4
:102434003BFF3046FFF734FB284604B070BD00BFB5
:102444000050015003000F002803002000E100E0C9
:10245400D80B0020D5210000FFFF7F002DE9F743B2
:102464002E4BD3F8042390070BD5D3F8042142B1A3
:102474000022C3F804212A4AD3F804311368013333
:102484001360264AD2F80433D90326D5254BD3E862
:10249400EF1F21F00100C3E8E40F002CF7D1CB07B4
:1024A40002D4D2F84031C3B100251C4CC4F84051C9
:1024B400D4F84031FFF7D6FEEFF31182202383F3E3
:1024C4001288BFF36F8F184BD3E90267B042B9414A
:1024D40006D282F31188BFF36F8F03B0BDE8F08397
:1024E4004FF0FF38D3E900104FF0FF391D60C3E906
:1024F40002894FF48033C4F84833C4F84051D4F807
:10250400403182F31188BFF36F8F0029E5D000902A
:1025140032463B4628468847DFE700BF005001505B
:10252400DC0B0020D40B00202803002030B5431C12
:10253400124C85B005D08442A8BF0446012CB8BF14
:102544000124FFF78FFE0E4B0C4DD3E90013401A04
:10255400B0F5000F0FD22218AA4228BF2A46002045
:1025640052180849CDE90100009143F10003FFF737
:102574009BFE05B030BD2A46F1E700BFFFFF7F0098
:1025840038030020D521000008B5FFF76BFE024B8D
:102594001B68C01A08BD00BF380300204FF47F0336
:1025A400D3F83021D3F83431072A05D1023B032B69
:1025B40002D8024AD05C7047002070476D8F00003B
:1025C40008B5FFF7EBFF58B1644BD3F8202A3AB9AA
:1025D4000D21C3F8201A0121C3F81C19C3F81C29C2
:1025E4000022D30003F57F03D3F80013013107D091
:1025F400D3F800130132D3F80433202A0B60F0D14E
:10260400FFF7CCFF002840F0A080FFF7C7FF40B1E0
:10261400534B544AC3F830254FF050230122C3F8DA
:1026240058254FF47F03D3F83021D3F83431072AE7
:1026340009D1023B032B06D84B4AD35C1BB10022C1
:102644004A4BC3F84C25FFF7A9FF50B14FF0502374
:10265400D3F80024D10742BF0022C3F81421C3F8E1
:1026640018214FF47F03D3F83021D3F83431072AEB
:1026740009D14FF05023D3F80024D20744BF6FF0A0
:102684000102C3F80024FFF789FF18B16522334B18
:10269400C3F80C274FF47F03D3F83021D3F8343137
:1026A400072A16D1314BD3F82034002B11DA4FF01E
:1026B40050230322C3F8182501229A60D3F8042179
:1026C400002AFBD00022C3F804210122DA60C3F8F7
:1026D40018254FF47F03D3F83021D3F83431072A77
:1026E40023D1023B032B02D8214AD35CEBB17E22D7
:1026F4001A4B1B49C3F80C27C3F83C297F231D4AF6
:10270400C2F818310023C1F8043EC1F8083E01F5AF
:102714004821C1F81031C2F82431C2F82C3102F535
:10272400FF1202F58052C2F8A032134AD2F88C305C
:1027340043F44063C2F88C30104A114B1168C3F85B
:102744004415D269C3F84C2508BD2922034BC3F8AC
:102754000C270322C3F83C2757E700BF0040005072
:10276400009003504400EFBE698F00000020035026
:10277400658F00000020005000ED00E00080FF00A5
:1027840000600050014B1860704700BFE00B002050
:1027940010B5054B1446186804F0B9FF0028A4BF0F
:1027A4002070002010BD00BFE00B00200123024A6E
:1027B4008340C2F80435704700700150014B00207B
:1027C4001B681847E40B0020014B1B68184700BF27
:1027D400E40B0020014B09201B681847E40B002080
:1027E400014B08201B681847E40B002010B5144C5B
:1027F400237913BB01232371124B0028206018BFD7
:10280400184600F037F8D0B923680F48002B08BFEA
:10281400184600F0B9F890B923680C48002B08BF9B
:10282400184600F0F9F850B923680948002B08BF8E
:102834001846BDE8104000F063B86FF0770010BD93
:10284400E40B0020C1270000D9270000CD27000099
:10285400E527000008B5064B1B6843B10520FEF7C9
:1028640017FC20B9BDE808400520FEF703BC08BDED
:10287400E40B0020074B0246187938B91A6001228C
:102884001A714FF05023C3F8142570476FF0770086
:10289400704700BFEC0B00204FF050230022C3F818
:1028A4000021D3F80021012208491A60096811B1F6
:1028B400C3F804237047D3F80021002AFBD0002278
:1028C400C3F80021D3F80031704700BFEC0B00209F
:1028D4004FF05023D3F80423D2070DD5D3F80021A9
:1028E40052B10022C3F80021D3F800210122C3F819
:1028F4000823024B1B681847704700BFEC0B0020ED
:10290400054B0246187918B91A6001221A717047EA
:102914006FF07700704700BFF40B00204FF0502396
:102924000022C3F82021D3F8202101229A61094A08
:10293400126822B14FF48072C3F804237047D3F8AD
:102944002021002AFBD00022C3F82021D3F8203113
:10295400704700BFF40B00204FF05023D3F804233A
:10296400D2050ED5D3F820215AB10022C3F8202174
:10297400D3F820214FF48072C3F80823014B1B685D
:1029840018477047F40B0020074B0246187938B9F2
:102994001A6001221A714FF05023C3F88025704742
:1029A4006FF07700704700BFFC0B00204FF05023FE
:1029B4000022C3F82421D3F8242101221A62094AEF
:1029C400126822B14FF40072C3F804237047D3F89D
:1029D4002421002AFBD00022C3F82421D3F8243177
:1029E400704700BFFC0B00204FF05023D3F80423A2
:1029F40092050ED5D3F824215AB10022C3F824211C
:102A0400D3F824214FF40072C3F80823014B1B6848
:102A140018477047FC0B0020074B0246187938B959
:102A24001A6001221A714FF05023C3F81825704719
:102A34006FF07700704700BF040C00204FF0502364
:102A440010B5D3F818141E4C11F4803FD3F8182491
:102A54001AD002F00302022A04D0012A01D004F0A1
:102A64001CFF01224FF05023C3F818250022C3F89D
:102A74000421D3F8042101229A6022688AB9D3F888
:102A84000421002AFBD014E0D3F81424D207E8D59B
:102A9400D3F81C2402F00302013A012ADFD8226889
:102AA4001AB10222C3F8042310BDD3F80421002A6A
:102AB400FBD00022C3F80421D3F80431F4E700BFAB
:102AC400040C0020F8B54FF0502301250026D3F85C
:102AD4000443184F04F0820404B9F8BDB4FA84F036
:102AE400C0F11F00830003F580739BB203F15023F0
:102AF400196805FA00F224EA02040029ECD01E60E9
:102B04001B684FF050230128C3F808230ED1D3F8D3
:102B14001824D3F8182402F00302012A06D1022152
:102B2400C3F81815C3F804139A60D5E73B68C0B21C
:102B34009847D1E7040C0020036803F01F025B09E7
:102B4400026004D0012B034818BF002070470248DC
:102B5400704700BF0028845000258450034A43096D
:102B6400D35C00F01F001844C0B27047718F00009E
:102B7400034611F0010010B5CCB20BD1A207C4F387
:102B840040000DD5074A106A58601062003818BF1B
:102B9400012005E004490A6A1A600A62002AEDD09D
:102BA40010BD00BF0028845000258450F7B50446AA
:102BB4000846FFF7D3FF06B204EB4606B38A0D4678
:102BC400DB072BD5204604F06BFF2946204604F092
:102BD400D7FE58B1204604F0E9FE0022276800B26F
:102BE40007EB8003C3F81025C3F8102529462046B7
:102BF40004F005FF002101A8B1820195FFF79CFFB5
:102C0400019B00EB8300D0F80022064B134043F0F5
:102C14000203C0F80032084603B0F0BD6FF015009F
:102C2400FAE700BFF0F0FCFF70B590F88C40054661
:102C340090F88D6024BB21466022143005F0A6FA7A
:102C44002146114B286853F836608E420ED1002479
:102C5400C0F87C41D0F87C3140F30730FEF70AFA23
:102C64000123204685F88C30AB6770BDCBB29B0046
:102C740003F580727C2B04BF845083580131E4E750
:102C84006FF07700F1E700BFE087000090F88D0057
:102C9400024B03EB800004F054BD00BFCC000020C5
:102CA40010B5064B90F88D000C4603EB800004F041
:102CB4002EFD0028A4BF2070002010BDCC000020F1
:102CC4002DE9F04F814659F804BB90F88D40DBF8AC
:102CD40004136B4BC9B2804653F8342058468BB06A
:102CE40041F0004104F0B5FE051E36DA0023CDE9BB
:102CF4000833634B08A803EBC4035B6819460193CC
:102D0400FFF736FF042303EBC40303935D4B0DF17C
:102D1400200A02930023029A009312F8013B5849B7
:102D24000292039A02EBD3028A5C03F0070322FAAD
:102D340003F3DA0719D4009B0AF1040A9BB14FF09C
:102D440000410022584604F084FE019908A8FFF7C8
:102D54000FFF0028DAD125F000450124002D78D199
:102D64000BB0BDE8F08F0123D5E7009B464A13441E
:102D74000493DAF800100029DDD091FAA1F1B1FA38
:102D840081F1049B1C7841EA44142046FFF7E6FED7
:102D940008EB4000878AC808BB08059301231AF88A
:102DA400002001F0070103FA01F122EA01020AF806
:102DB400002007A80794FFF7BFFE079A059B8032FF
:102DC40050F82220C7F382065B073746C2F301425C
:102DD40023D54846D6B221463A4604F0F1FD07A869
:102DE4000794FFF7A9FE079B803350F82330C3F301
:102DF40001439E4207D10021204604F0B2FD314632
:102E0400204604F0AEFD07A80794FFF795FE0122C3
:102E1400079B02FA03F30362ABE7022A0DD10321F5
:102E2400204604F09EFD06F00503012BEBD13A4643
:102E34002146484604F0C4FDE5E7022120460592F8
:102E440004F08FFD032EF2D0059A032ADBD1022E63
:102E5400ECE795FAA5F3B3FA83F304FA03F225EA4F
:102E6400020503F5A2725BF8222008EB43034846EF
:102E7400B3F87C10C2F3014204F0A2FD6EE700BF78
:102E8400E0870000818F0000818F000038B5EFF3E8
:102E94001185202383F31288BFF36F8F064B9C6840
:102EA40004F0F3FF85F31188BFF36F8F2046BDE86C
:102EB4003840FEF783B800BF0C0C002038B50A4B2D
:102EC40053F82040013053F82050A54200D838BDB3
:102ED400606830B1037FDB0701D404F0ABFF083432
:102EE400F3E723689847FAE7F0870000012270B5FA
:102EF4002A4B032086B01A70FFF7E0FFFEF7EAFBC7
:102F0400FDF760FC0420FFF7D9FF254C254D26462C
:102F1400AE4204F1300410D300F056FC204C224E93
:102F2400AC4226D300F064FC05F006F91F4A137B7B
:102F340023F00103137306B070BD54F80C3C0593E1
:102F440054F8103C049354F8143C039354F8183C7C
:102F5400029354F81C3C019354F8203C009354E928
:102F64000A2354E90C0100F025FA54F8303C5E655C
:102F7400CDE7D4E90A23B3F1FF3F08BFB2F1FF3F25
:102F840005D052EA0301206803D100F0EDFC30348F
:102F9400C6E73146183000F085FEF8E70517002033
:102FA400C08500002086000061800000F803002036
:102FB400B02370B5144E86B003FB0066134B012298
:102FC40005930F23CDE903320023CDE90133142304
:102FD4004FF4A0720E4D0F4903FB0055044602FB4B
:102FE40000110D4B3046009500F0E4F9737B2C740E
:102FF40023F004037373094B013403EBC423EE6021
:103004006B6006B070BD00BF48030020838F0000D2
:103014000C0C002008270020557F0000081F00200A
:10302400BFB50020FFF74AFF294B03F5006282F386
:10303400088883F30A880024E023264D264F85F868
:103044002230EC772C766C76AC7685F820406B6A6F
:1030540043F4E0236B6285F82340FDF729FFFEF774
:103064009BF84FF0FF33AB62EB62FEF721FAFEF7F9
:10307400B7F81A4800F004FAFEF70EFB0120FFF738
:103084001DFF0220164DFFF719FF00F0E5FB154B5D
:1030940015495D61154B4FF40062059301232846E1
:1030A400CDE90343CDE901443B46009400F082F9A5
:1030B40006466A7B284622F004026A7304F0A2FFE3
:1030C4002046FFF775FF3A4631462846FEF742F898
:1030D400081F002000ED00E0F12E0000A8040020ED
:1030E400F80300200C0C002048280020888F0000E2
:1030F400002038B5054C064DAC4200D338BD2046FF
:1031040004F0C6FE0028F9DB1C34F5E7600100205A
:103114006001002073B50C46EFF31181202585F37F
:103124001288BFF36F8FC5685DB125602B68C360DB
:10313400836901338361002081F31188BFF36F8FAA
:1031440011E052EA030603D16FF00B002560F3E7A8
:10315400CDE900230246083000F07CFA18B9034B8D
:103164009B681B69236002B070BD00BF0C0C00207B
:103174002DE9F341044617461E46EFF31188202338
:1031840083F31288BFF36F8FC368334A7BB18068BF
:103194009168884219D057EA060318D188F3118838
:1031A400BFF36F8F6FF00F0002B0BDE8F08191683C
:1031B40091F90E100133E36093682161A36088F3F1
:1031C4001188BFF36F8F0020EEE72169F2E791F9D0
:1031D4000E1090F90E306FF07E029942A8BF194686
:1031E4009142B8BF11468B422DDD04F0BCFE05466A
:1031F40022464146CDE90076184800F02BFA002813
:10320400E1D0EFF31186202383F31288BFF36F8F8D
:10321400A068D0B1236821699C420AD04BB193F9CC
:103224000E309942A8BF19466FF07E039942B8BF89
:10323400194604F098FE40B13146084800F09EFA61
:103244006FF00A00B0E70025D2E7002DF4D186F331
:103254001188BFF36F8FF3E70C0C002006170020D2
:10326400F8B583680546002B40D0234A9268934200
:103274003FD1C368012B03D9013BC3600020F8BDD3
:10328400EFF31187202383F31288BFF36F8F016953
:10329400806804F068FE2C68A54207D10023C5E9C4
:1032A400023387F31188BFF36F8FE7E7002CF5D063
:1032B400D4E90032002613605A60637BC4E90066D7
:1032C40023F002036373A66004F1180004F008FFFE
:1032D400AC6094F90E3020462B61C4F8AC6004F065
:1032E40091FE3946054800F049FAC7E76FF015002A
:1032F400C5E74FF0FF30C2E70C0C00200617002092
:1033040070B5EFF31186202383F31288BFF36F8F18
:103314000468A0421BD0D4B1D4E900320025136064
:103324005A60637BC4E9005523F002036373A5600C
:1033340004F1180004F0D4FE2046C4F8AC5004F0A4
:1033440061FE3146BDE87040064800F017BAD0E986
:1033540002329A4218BF0133836086F31188BFF3A7
:103364006F8F70BD0617002013B5EFF31181202471
:1033740084F31288BFF36F8F846844B1013C846086
:1033840081F31188BFF36F8F002002B010BD52EAA1
:10339400030406D181F31188BFF36F8F6FF00F0020
:1033A400F3E7CDE900230246014800F053F9ECE7C6
:1033B400061700202DE9F04F984685B000F1580318
:1033C400C0E91633129B002503730423D61D26F08F
:1033D40007064373119B01EB060A0F46C0E9065525
:1033E400514685608373C5730446DDF838B0DDF853
:1033F4004C90FDF74FFB109B073020F00700C4E909
:103404002576C4F89C0002930F9BAAEB0006CDE935
:1034140000B33246434639462046FDF77FFE0F9BF4
:10342400C4E9188BA366109B6565E366EFF311830B
:10343400202282F31288BFF36F8F104F3A6A3C62E6
:10344400226783F31188BFF36F8FB9F1000F11D096
:103454001F22494604F1740004F0A0FE84F893503E
:10346400BB680BB1D3F8A0303046C4F8A03005B027
:10347400BDE8F08F84F87490F2E700BF0C0C0020D4
:1034840040F2011383810023C0E92533C0F8A03042
:10349400014B9860704700BF0C0C00206FF00A01CC
:1034A400094A9368C3F8AC100849C3F8A8004B68EC
:1034B40043F080534B60002383F31188BFF36F8F75
:1034C4009368D3F8AC0070470C0C002000ED00E0CA
:1034D40070B590F90D20437B002A36DBD90634D130
:1034E4001B4C63F07F032246437352F8183FE16993
:1034F400934207D1C0E900210860E06111E09942DC
:10350400F8D01B68002BF5D090F90E5093F90E609B
:10351400B542F4D0AE42F2DD5968C0E9003108602A
:103524005860A569954200D005B9E568A3685A7B3F
:10353400D20604D1DA897F2A01D9AA6932B1AB4211
:1035440002D0284600F00AFB656170BD6361FCE7A8
:103554000C0C002038B590F90D200146002A437B5D
:1035640004DA03F07F03437304F012FD0D4D2A4681
:1035740052F8184FAB68944200D004B9EC688B42FF
:1035840007D05A7BD20604D1DA897F2A01D9A269ED
:103594002AB1A34202D0204600F0E0FA23466B6130
:1035A40038BD00BF0C0C0020B3F1FF3F08BFB2F1DF
:1035B400FF3F03D00249183000F074BB704700BFCE
:1035C4006180000070B590F90D200146002A437B0C
:1035D40004DA03F07F03437304F0DAFC1C4C4B7BE6
:1035E400224663F07F034B7352F8183FE06993421D
:1035F40007D1C1E900200160E16111E09842F8D0EF
:103604001B68002BF5D091F90E5093F90E60B5426A
:10361400F4D0AE42F2DD5868C1E90030016059606F
:10362400A569A368954200D005B9E5688B4207D027
:103634005A7BD20604D1DA897F2A01D9AA692AB130
:10364400AB4202D0284600F089FA2B46636170BD74
:103654000C0C0020F8B5DDE906670D4B0C469868A4
:1036640011460C4A1060EFF31182202282F3128873
:10367400BFF36F8F9D68284604F09CFC28463246B1
:103684003B46FFF791FF2046BDE8F840FFF706BF31
:103694000C0C0020300C0020F8B50446EFF3118721
:1036A400202383F31288BFF36F8F437B49B203F067
:1036B4001F02002A0CBF0126002639D103F07F0324
:1036C4002D4D437304F064FC2A46437B817363F0FD
:1036D4007F03437352F8183F934227D1E869C4E942
:1036E40000200460EC610FE09842F8D01B68002BC6
:1036F400F5D093F90EC06145F6D08C45F4DD5968D8
:10370400C4E900310C605C60AC69944200D004B937
:10371400EC68AB689C4202D0204600F01FFA6C6152
:1037240087F31188BFF36F8F3046F8BDE869DEE791
:103734009B071ED5856804F02BFC81732B689D4282
:1037440009D16B68C4E900531C606C60E8E76A68DF
:103754009342F6D01B68002BF3D093F90E209142CC
:10376400F5D08A42F3DD5A68C4E9003214605C6023
:10377400D6E78173D4E700BF0C0C002049B9EFF3FE
:10378400058030B9054B5A699B689A4201D0FFF70E
:1037940085BE81F31188BFF36F8F70470C0C002036
:1037A400034648B9EFF3058232B9064A5169926873
:1037B400914201D0FFF772BE83F31188BFF36F8F7C
:1037C400704700BF0C0C0020EFF31181202383F31A
:1037D4001288BFF36F8F054B9A68D37B013BD37379
:1037E40081F31188BFF36F8F704700BF0C0C00206A
:1037F40070B5EFF31186202383F31288BFF36F8F24
:10380400144DAB68DA7B0132DA732A4652F8184F4A
:10381400944200D004B9EC685A7BD20604D1DA8908
:103824007F2A01D9A2692AB1A34202D0204600F01E
:1038340095F923466B6186F31188BFF36F8FEFF31D
:103844001180202383F31288BFF36F8FBDE870408B
:10385400FFF7A6BF0C0C0020024B03F11802C3E9CA
:10386400062270470C0C002070B5EFF3118620235C
:1038740083F31288BFF36F8F1B4CA168E0690B6858
:10388400814214BF1A46002249680B605960A3683C
:10389400E1692AB9154AC3E900210B60E3610CE030
:1038A40093F90E0092F90E50A84218D0854216DD05
:1038B4005168C3E900210B605360A5690B4B9D421D
:1038C40000D005B9E568A3689D4202D0284600F0FF
:1038D40045F965613046BDE87040FFF7DFBD8A42B7
:1038E400D8D01268D5E700BF0C0C0020240C0020AF
:1038F400F8B550EA010306460C4603D1FFF7B4FFBE
:103904000020F8BDEFF31187202383F31288BFF35F
:103914006F8F124D124BA8681860FFF71BFEA86842
:10392400234632460F49183000F0BCF9AA68044611
:10393400537B384643F004035373FFF7AFFDAB6882
:10394400D3E90A23B3F1004F08BF002AD8D104F009
:10395400EFFB201A20EAE070D3E700BF0C0C002034
:10396400300C00206180000038B50446EFF3118567
:10397400202383F31288BFF36F8F437B5B070FD53C
:10398400183004F0ADFB637B204623F0040363731B
:10399400FFF79EFD2946BDE838400448FFF7EEBE18
:1039A40085F31188BFF36F8F38BD00BF0617002061
:1039B400014B9868704700BF0C0C00202DE9F843B8
:1039C4000446077BEFF31185202383F31288BFF3AA
:1039D4006F8F437B190705D585F31188BFF36F8F6C
:1039E400BDE8F883D90943F0080260D14273A368A3
:1039F40013B1204604F0D4FA04F1180004F070FB6B
:103A0400A66D04F15808B04511D04FF0000976B105
:103A1400304604F0C5FA06F1180004F061FB3046A4
:103A2400C6F8AC90FFF754FDA66DB045EFD1DFF8B2
:103A3400C480D8F808309C4241D1EFF30589B9F12C
:103A4400000918BF4FF00109D8F818602A4A9642B5
:103A540000D00EB9D8F80C60B34202D0304600F062
:103A64007DF82046C8F8146003F0CEFB204600F031
:103A7400CDF8B9F1000F02D02048FFF701FDD8F8C6
:103A840008309C4231D1EFF3058373BB227BD2070C
:103A940018D42846FFF702FDFB07A1D5002383F3C2
:103AA4001188BFF36F8F0423184602DF98E703F0F1
:103AB4007F0343F00803437304F06AFA97E74FF077
:103AC4000009C1E785F31188BFF36F8F83F3118871
:103AD400BFF36F8F0423184602DFEFF31180202316
:103AE40083F31288BFF36F8FD4E785F31188BFF394
:103AF4006F8FD1E70C0C0020240C0020A8040020B8
:103B04000122044BC01A044BC0105843034B1A54EF
:103B1400704700BF58050020ABAAAAAA06170020C8
:103B2400C3897F2B12D80A4B1B6863B1094B90F9E8
:103B34000E201B689A4209DB437BDB0606D1064B49
:103B4400C31A18BF012303F0010070470023FAE7EA
:103B5400D8000020D40000204803002070B50E4B8C
:103B64000E4C1E7C054606EB460304EBC3042046BC
:103B740004F0B6FA00220A4B28469A55FFF7D0FF04
:103B840048B1084B2046BDE870401A680649013A1E
:103B9400D31700F087B870BD0C0C00205805002026
:103BA40006170020D8000020053B000038B5EFF3CD
:103BB4001185202383F31288BFF36F8F104B114AB2
:103BC4009C681068A04206D1FFF7C8FF85F31188EE
:103BD400BFF36F8F38BD00211B7C11600A4AD35C90
:103BE400002BF3D02046FFF79BFF0028EED0637B29
:103BF400DB0602D12046FFF7E5FC2046E4E700BFE0
:103C04000C0C0020300C002006170020EFF311816B
:103C1400202383F31288BFF36F8F0A4A136A834207
:103C240007D11B6F136281F31188BFF36F8F704745
:103C34001346002BF7D01A6F8242F9D1026F1A672C
:103C4400F1E700BF0C0C0020024B1868984208BF33
:103C540000207047DC000020034B1B680BB9FEF703
:103C640093BC0020704700BF340C002030B570B105
:103C74000B4B5B6898420AD0036843B1D3E9042133
:103C8400D0E90445121941EB0501C3E90421D0E947
:103C9400003213605A600023C0E9003330BD00BF16
:103CA400DC000020B3F1FF3F08BFB2F1FF3F2DE974
:103CB400F84F0446994615461F467AD08160EFF3C3
:103CC4001188202383F31288BFF36F8FB9F1000F9B
:103CD400DFF8E4A020DBFFF7BFFFDAE900270135B6
:103CE40049F100092D1849EBE07306464FF001092C
:103CF400C4E90453AD1843EB0707FFF7A5FF0346D8
:103D0400DFF8B8E0DEF804A0EBB9C4E900EACAF8C9
:103D14000040CEF8044028E06FF00103DAE9001215
:103D24005B1A4FF0FF3161EB02025B1B62EB09028D
:103D3400012B72F10001BCBF012300224FF00009E6
:103D4400C0E90432D9E7D3E9041CD4E904208A4247
:103D540070EB0C0B24DA891A5A686CEB0000C3E987
:103D64000410C4E9003214605C60FFF76DFF844204
:103D74000ED1134B1B685BB9B9F1000F02D1FFF7E9
:103D84006BFF0646304604F094F90021FEF7CEFBA3
:103D940088F31188BFF36F8F28463946BDE8F88F42
:103DA400521A60EB0C009A45C4E90420ADD01B689C
:103DB400AAE700252F46EFE770050020DC0000206D
:103DC400340C00202DE9F047EFF31185202383F311
:103DD4001288BFF36F8FDFF8A0900026C9F80000A7
:103DE4000027FFF731FFDFF89480D9F80030D8E9D5
:103DF40000ECD91750B1D0E90442A34271EB020A96
:103E04001BDAE41A62EB0102C0E90442002413EB5A
:103E14000E034CEB01012046C8E90031C9F800400B
:103E240004F047F92146FEF781FB85F31188BFF3BF
:103E34006F8FBDE8F047FFF7B9BE14EB0E024CEBF1
:103E4400E473C0E90467C8E90023FFF70FFF85F3B3
:103E54001188BFF36F8F83689847EFF31185202390
:103E640083F31288BFF36F8FD9F800301B1BC9F896
:103E74000030FFF7E9FEB8E7340C0020700500209D
:103E840010B5EFF31184202383F31288BFF36F8FEF
:103E9400FFF7E2FE0346054AD2E90001181841EB98
:103EA400E37184F31188BFF36F8F10BD7005002098
:103EB40010B50C4C236813B10B4B1B682BB900F0E5
:103EC4005FFE30B90122084B1A60012323600020F1
:103ED40010BD0138072801D9044810BD044B53F81C
:103EE400200010BD3C0C0020380C0020FE8FFFFF8A
:103EF40008880000BFF34F8F0549064BCA6802F4D7
:103F0400E0621343CB60BFF34F8F00BFFDE700BFF8
:103F140000ED00E00400FA0530B44FF0FE32002555
:103F24000B4B0C4C0C494968C3F80024C3F8042417
:103F3400C3F80824C3F80C24C3F81024C3F81424C9
:103F4400C3F81824C3F81C24C4F8005530BC08472F
:103F54000050845000408450E4000020024BD0E91B
:103F64000012C3E900127047E4000020144B2DE94D
:103F7400F043002814BF04461C46124F236883B044
:103F8400BB4219D016460D4620464FF4E07104F1A9
:103F9400040900F0EDF804F58E78484600F0D0FCF2
:103FA400404600F0F3FA2B464A464046064900963E
:103FB40000F002FB08B92760002003B0BDE8F083DD
:103FC400400C0020A5BCC95AC949000070B50D4C6D
:103FD4001D46002814BF064626460B4B306882B0A7
:103FE40098420DD106F58E7000263346009614468D
:103FF40000F032FB002818BF34462C6002B070BDBC
:104004000248FBE7400C0020A5BCC95AE88FFFFF1B
:1040140010B5044650B1636813F0685F05D0064AD2
:10402400934202D000236260236010BD034B044816
:104034005B689847EFE700BF2C5F5CA9E4000020B1
:1040440028880000C8B143680D4A934213D013F086
:10405400685F0ED0012350E8002F194640E8001C89
:104064009CF0000FF7D1012AF5D0BFF35F8F002039
:10407400704704487047044870476FF4E040704745
:104084002C5F5CA9E98FFFFFEA8FFFFF034680B135
:10409400426809498A420AD012F0685F05D0BFF32A
:1040A4005F8F002210461A60704704487047044826
:1040B40070476FF4E04070472C5F5CA9E98FFFFF05
:1040C400EA8FFFFF10B5044620B10023034A2360A2
:1040D400626010BD0248FFF71FFFF6E73A00003A9E
:1040E4005088000070B5194CD0F804C00668C4F8B4
:1040F40004C0D0F808C0C068C4F808C0E0602660F6
:104104000868134B134D18604868D5F81821586097
:10411400886812F0685F9860C8680969D860196196
:1041240012D000230C4A05F58A70C5F81431C5F87D
:10413400B831C5F81821C5F8BC21B047236805F586
:10414400DC70BDE87040184770BD00BF000100205E
:10415400EC000020400C00202C5F5CA938B131B188
:10416400002201440346013081421A70FAD170479B
:1041740038B131B1002201440346013088421A703B
:10418400FAD170472DE9F04FB2F5C07FBDB000F20F
:10419400DA800C46DFF8B491154600214FF4D07252
:1041A40082460DF17C08484603F0F0FF404601F0DA
:1041B40059F930232146002409F118062A4689F8C2
:1041C400173030466BBAA9F81230A9F8104003F042
:1041D400B6FF8022234672550DF12B0101F8013FF1
:1041E4000133202BFAD14FF4807240460BA901F021
:1041F4004FF98346002840F0A38005F1190313AD5D
:104204002F4607AE0293CDF80CA001960495102218
:104214000021019803F0BAFFDFF834A1DDF808B0FB
:1042240005970A9B5AF8044C089F099A07995AF86B
:10423400100C5AF80C6C5AF8085C5C40019B7E40E8
:10424400554081EA00071A4601214046CDE9077628
:10425400CDE9095401F03EF9BBF1100F94BFABEB6B
:104264000B0BABF1100B0AF1100A002847D1BBF17C
:10427400000FD6D1059F10223846019903F05FFF45
:1042840099F8033010370133474589F80330BED11C
:10429400049D4FF4807229464046DDF80CA0019E2F
:1042A40001F0F6F8834678BB54460AF130071BAB9D
:1042B4001A460121404601F00DF9834620BB102225
:1042C40020461BA9144403F03AFFA742EFD140460D
:1042D40001F0D8F84FF4D0711C48FFF749FF284685
:1042E4003021FFF745FF0BA82021FFF741FF30469F
:1042F4001021FFF73DFF58463DB0BDE8F08F8346DF
:10430400DDF80CA0019E049D404601F0BBF84FF47B
:10431400D0710E48FFF72CFF28463021FFF728FF05
:1043240020210BA8FFF724FF10213046FFF720FFC0
:1043340030215046FFF71CFF58463DB0BDE8F08FD2
:1043440013AD07AEE0E76FF0370BF5E7100E002072
:10435400200E00202DE9F0418CB004460D46302299
:10436400002168466F4603F011FF04F12006E27B4A
:104374000132D2B2E273002A4DD1A27B0132D2B211
:10438400A273002A47D1637B0133DBB26373002B32
:1043940041D1237B0133DBB22373002B3BD1E37A7E
:1043A4000133DBB2E372002B35D1A37A0133DBB2E4
:1043B400A372002B2FD1637A0133DBB2637253BB38
:1043C400237A0133DBB223722BBBE3790133DBB2F3
:1043D400E37103BBA3790133DBB2A371DBB9637966
:1043E4000133DBB26371B3B923790133DBB22371D7
:1043F4008BB9E3780133DBB2E37063B9A37801339B
:10440400DBB2A3703BB963780133DBB2637013B9D9
:104414002378013323703B4622460121304601F0C4
:1044240059F88046002841D110370CAB9F429ED1E9
:10443400029AAB680399534002933046EE68D5F86C
:1044440020804E40039604992E69D5F828C04E402A
:1044540004966E6905990B9F4E4005960699AE69C0
:10446400009B4E400696EE6907994FF480724E40C9
:104474000796089ED5F824E088EA0608099E8EEA85
:10448400060E0A9E8CEA0601EE6A7E402F687B4087
:1044940000936B68019D6B400193CDE9088ECDE9D3
:1044A4000A16694600F0F4FF804638B168463021A8
:1044B400FFF75EFE40460CB0BDE8F08110222046B6
:1044C40008A903F03CFEF1E72DE9F8431D46836992
:1044D400B3F5C07F52D81646C3F5C072AA424DD375
:1044E400C5F5C072D31AB34248D30446DFF8989096
:1044F4004FF4C0720F464846002103F047FE494678
:10450400D4F89430A269D4F898009847002838D198
:10451400D4F818803DB1D4E925302A4609EB0801C6
:10452400984770BBA84407B1C6B917494246084624
:10453400FFF728FE054638B14FF4C0711248FFF763
:1045440017FE2846BDE8F88320460F49FFF702FF0F
:1045540005460028F0D101232361EDE739463246B0
:1045640009EB080003F0EBFD0749B0444246084656
:10457400FFF708FE05460028DED1E5E76FF03705B2
:10458400DFE76FF03305DCE7B00F002010B5A4229D
:104594000021044603F0FAFD4FF0FF314FF6F072AC
:1045A400044B2161E26104F19C001B68BDE81040EA
:1045B400184700BF500100202DE9F047054688B098
:1045C4000F461646002120226846984603F0DEFD79
:1045D4001F4B05F19C0948461B689847044618B1CF
:1045E400204608B0BDE8F08705F1200A504600F0E7
:1045F40039FFAA69C5E92576F2B920232E69AB6192
:10460400002E22DB694650464FF4807200F040FFD2
:10461400044630B9334641462846109AFFF754FF02
:1046240004460C4B48461B689847002818BF0446AC
:10463400204608B0BDE8F0872E69002EE2DA2F2A62
:1046440096BF013226465608DCE71026DAE700BF9B
:104654004C010020480100202DE9F04FB2F5806F95
:1046640091B01A9F00F2E380B7F5807F00F2DC80FE
:10467400044615460E463022002104A8984603F04D
:1046840085FD6C4B04F19C0948461B68984783469A
:10469400002840F092802269E3699A4200F39180F5
:1046A4006369002B40F08D80002F40F0A980DFF873
:1046B40088A16F46002D00F098806F4604F1200811
:1046C4000EE0102DAB4628BF4FF0100B3046394694
:1046D4005A4603F034FDB5EB0B055E4400F08580CB
:1046E400E37B0133DBB2E373002B4DD1A37B0133B6
:1046F400DBB2A373002B47D1637B0133DBB263735B
:10470400002B41D1237B0133DBB22373002B3BD13C
:10471400E37A0133DBB2E372002B35D1A37A0133A0
:10472400DBB2A372002B2FD1637A0133DBB2637245
:1047340053BB237A0133DBB223722BBBE3790133FE
:10474400DBB2E37103BBA3790133DBB2A371DBB941
:1047540063790133DBB26371B3B923790133DBB21B
:1047640023718BB9E3780133DBB2E37063B9A378C7
:104774000133DBB2A3703BB963780133DBB26370FE
:1047840013B92378013323703B4622460121404666
:1047940000F0A0FE8346002893D0DAF800304846A3
:1047A40098470346302104A8002B18BF9B46FFF707
:1047B400DFFC10213846FFF7DBFC584611B0BDE89A
:1047C400F08F3A46414600232046FFF77DFEDFF88E
:1047D40068A000283FF46DAF4846DAF800309847E7
:1047E400834600283FF465AFE7E7204604A9FFF7B6
:1047F400B1FD83460028D0D1236901332361CCE77E
:104804003A46414604A8FFF7BDFC834618B16F46FB
:10481400DFF824A0C1E7204604A9FFF79BFD8346E7
:1048240000283FF444AFF2E76FF0370BC5E76FF0B1
:10483400350BC2E74C010020480100202DE9F0436C
:10484400202B1D460646884691468BB026D8DBB2FF
:1048540002AF8DF80480B04658F8041B8DF805307B
:1048640021B9404600F078FE044640B901230222F3
:104874004046336001A900F083FE044638B138464F
:104884002021FFF775FC20460BB0BDE8F0832A46D3
:104894004946404600F074FE0446F0E702AF19466C
:1048A400104600233A4600F0F1FF04460028E6D102
:1048B4002023B9461D46CCE72DE9F041D0F8F83065
:1048C400A6B0002BD8BF02AE31DD05460027D0F8D4
:1048D4000C4102AEA4F101089022D5F8FC40314607
:1048E400D0F8000101AB0197B8FA88F8A0474FEA65
:1048F4005818044620B9019B53B9B8F1000F16D0DB
:1049040030469021FFF734FC204626B0BDE8F08104
:10491400014632462846FFF791FF58B9D5F80431CD
:10492400019A1344C5F80431B8F1000FE8D16FF0CF
:104934003C04E5E70446204626B0BDE8F08100BF0C
:1049440070B500250446142204F588762946C0F87B
:10495400F850FC3003F01AFC08222946304603F0D4
:1049640015FC144B30461B689847204640F8045BFE
:1049740000F0D8FD104B30461B689847C8B9D4F8EE
:10498400F830AB420FDC03EB830204EB82022021FC
:10499400C2F800010120C2E9421008490133C2F8FB
:1049A400FC10C4F8F830064B3046BDE870401B6874
:1049B400184770BD500100204C01002065530000D1
:1049C400480100202DE9F047202A88B07AD83F4BCF
:1049D40000F5887904461B68484617468846984778
:1049E4000546F8B940F20116D4F8F830002B65D02A
:1049F4002046FFF761FF054638B9D4F8F830002B9C
:104A040014DC013EF2D16FF03B056E4620213046A6
:104A1400FFF7AEFB2E4B48461B689847002818BF8B
:104A24006FF01D05284608B0BDE8F087D4E941328F
:104A3400934203D3D4F80C21012A02D0013ED7D1EA
:104A4400E1E71F2BFAD96E4601462022304604F1D5
:104A5400040A03F09BFB3146504600F0BBFD0546BB
:104A64000028D3D1504600F071FD504600F05AFDA5
:104A74002946504600F070FD05460028C6D1504630
:104A84002022314600F07CFD05460028BED10346B5
:104A940032462021304600F0F9FE05460028B5D103
:104AA400D4F8F8303A46002BC8BF002340463146BC
:104AB400C8BFC4F8043103F042FBA7E76FF03F0519
:104AC4006E46A3E76FF03B05ACE700BF4C01002046
:104AD40048010020002130B58DB0282202A80191A0
:104AE40003F054FB02A800F0F9FE044610B120467E
:104AF4000DB030BD1B4D4FF0FF31286800F034F984
:104B040060BB194BD3F8340E10F0010017D100F03C
:104B14005BF9F8B9154A02A901A800F013FC044690
:104B2400012000F051F988B9286800F025F900281F
:104B3400DDD00F48FFF7F0F920460DB030BD2868EE
:104B4400052400F019F90028D1D0F2E70948FFF74D
:104B5400E3F9E9E70848FFF7DFF9DBE70748FFF780
:104B6400DBF9CEE7340100200060845030110020CE
:104B7400CC880000AC8800008C8800007488000099
:104B840030B583B000F036F878B900F055F890B934
:104B9400144BC3F80C0AFFF79DFF0446F8B9124DF5
:104BA4002B6863B1204603B030BD032400F072F8D3
:104BB400204603B030BD0424204603B030BD024675
:104BC4000146FFF7D3F950B96822084901ABFFF752
:104BD400FDF920B92046064B2B6003B030BD0524F7
:104BE400E0E700BF0050845050130020541300200D
:104BF4005AEA5A5A00207047430504D54FF0FF3251
:104C0400034BC3F80821024BC3F8080A704700BFDE
:104C140000508450014BC3F8040A7047005084507C
:104C240008B100F071B84FF47500704708B100F096
:104C34004FB84FF47500704710B5114800F080F874
:104C440000B110BD0F4800F07BF80028F9D10E4CDC
:104C5400204600F075F80028F3D10C4B0C481C607A
:104C640000F06EF801460028EBD100F02DF8044660
:104C740008B1204610BD00F089F82046FAE700BFCD
:104C840044010020400100203C01002034010020A8
:104C94003801002008B5084800F05CF8074800F027
:104CA40059F8074800F056F8064800F053F8BDE8F4
:104CB400084000F00BB800BF440100204001002070
:104CC4003C0100203801002000207047704700BFDD
:104CD40010B402460B4C01E0134207D1D4F8003A59
:104CE40013F48070F8D0012042F4807229B1054B8E
:104CF400D3F804410C60C3F80841024BC3F8082AF6
:104D040010BC7047005084500246084901E01A4222
:104D140007D1D1F8003A13F48070F8D0012042F49E
:104D24008072024BC3F8082A704700BF00508450B9
:104D340003F012BA03F02ABA0A46002103F026BA95
:104D440008B5034B02681B6810689847002008BD2B
:104D54000001002008B5034B02685B68106898479F
:104D6400002008BD00010020024B02689B68106807
:104D7400184700BF0001002008B5034B0268DB6838
:104D840010689847002008BD0001002070B5094C48
:104D9400094D2069AB68984718B1084B08485B680F
:104DA40098470021074AEB6811602069BDE870400C
:104DB400184700BFEC00002000010020E4000020A0
:104DC400E4880000BC130020F8B51A4D1A4E0446BE
:104DD400B26828699047E8B9184F3B684CB1A3B151
:104DE400012B19D0013B3B602869F36898470020E8
:104DF400F8BD43B90121124AC2F800151149D1F88E
:104E04001029002AFBD101333B60F36828699847D5
:104E14000020F8BD0C48F8BD0A4AD2F81039002B1E
:104E2400FBD1074A6FF07E40C2F80035FFF7F2FE6F
:104E34003B68D7E7EC00002000010020BC130020F1
:104E44000040845000508450E98FFFFF014B1B68E1
:104E5400184700BF00010020014B9B68184700BFA2
:104E640000010020014BDB68184700BF000100204F
:104E74002DE9F041002873D00C46002970D01D465E
:104E8400002B6DD007461AB1012200232A6003606B
:104E94002B68002B5FD02946204600F0D9FD8046C0
:104EA40000285AD12146286800F0B8FD8046002821
:104EB40053D12868082867D0042867D0A0F10200DD
:104EC400B0FA80F040090121314EC6F8C411C6F889
:104ED4004011C6F8C411636AC6F83031D6F83021DF
:104EE4009342F6D10023C6F82C314FF0FF33C6F8B5
:104EF40008316FF01B03C6F80031C6F80C01D6F870
:104F0400040A40F48060FFF785FE0A23C6F83831AE
:104F1400069B012B29D023691E4AA2FB03231B09EC
:104F2400626A404602FB03F303EB4303184ADB03C4
:104F34009B09C2F8D8310123C2F82C313B682A6896
:104F440023F07F4343EA02633B602A6843EA022377
:104F54003B60BDE8F081DFF840804046BDE8F08169
:104F6400DFF838804046BDE8F0814FF47F03D3F882
:104F74000C2C013206D0D3F80C3C064AA2FB0323C6
:104F84001B09CDE71623CBE703209CE702209AE711
:104F940000508450ABAAAAAA310CF100350CF100E0
:104FA40058B34B1EB3F5047F27D230B54FF0000E33
:104FB400CD00744671464B0901F01F0C50F82330A4
:104FC400BCF11F0F23FA0CF306D003F0010319B947
:104FD40001211C468E46EEE79C4201F1010106D0F8
:104FE4001C464FF0010EA942E5D1002030BD0EF160
:104FF400010E9645F7D1024830BD0148704700BF05
:10500400360CF100C0B32DE9F0434C1EB4F5047F17
:105014001DD2E3B1DAB100252E46A8462C46CF00B6
:1050240003F1FF394FEA541C04F01F0E50F82C1002
:10503400BEF11F0F21FA0EFC0CD00CF0010C4CB980
:105044000126E04634463546ECE7964216D90C482C
:10505400BDE8F083AB420BD0C44508BF0136A94577
:10506400F3D001350134BC42DCD10020BDE8F0832B
:105074000125E0462E46F5E7014870471D46F1E755
:10508400370CF1002DE9F04F8FB08246DDE9194667
:105094000D46002E6ED1096904911C6000231899F5
:1050A4000B60002A00F02881994B6A6AD3F8381102
:1050B400D3F830319A4269D10A2967D19AF803307A
:1050C400069304F1080305930423049A0393914B74
:1050D4008F4CA3FB023B4FEA9B0B0BEB4B0BA2EB5E
:1050E4004B0B189B049E1E60002E00F0E5800027E9
:1050F40000F0BEFC0797BAF1000F00F0D0804FF02B
:105104000109DDF81480002D00F0C980069B002BF6
:105114003ED0284606A900F09BFC00283AD07E4BDE
:10512400984220D0069B082B00F0E08000225B0010
:105134000693294606AB50460092FFF799FE774B3B
:10514400984200F0CF8070B9DAF80020130A03F413
:105154007F03134323F07F43CAF80030039B013BD2
:105164000393BED10020039000F082FC03980FB09B
:10517400BDE8F08F4FF47F01D1F80C0C01300CBF67
:105184004FF40471D1F80C1C049186E76448EAE7F3
:105194006248C4E72946069800F040FC0028BED1C6
:1051A400069B082B00F0A480042B00F0A380A3F13D
:1051B4000203B3FA83F35B09C4F8C491C4F84091C1
:1051C400C4F8C4916A6AC4F83021D4F830118A4210
:1051D400F6D10022C4F82C214FF0FF32C4F8082184
:1051E4006FF01B02C4F80021C4F80C31D4F8040A8F
:1051F40040F48060FFF70EFD0A23C4F838312B69B0
:10520400444AA2FB0313696A1B0901FB03F303EB82
:105214004303DB039B09C4F8D831C4F82C910698E6
:10522400DAF8003023F07F41030243EA00630B43C2
:10523400CAF8003007A800F0E1FB079B354A03F0E9
:105244001A0303437FF46EAFA2FB0632D4F8143181
:10525400B7EB920F0893D4F818310993D4F81C31A2
:105264000A93D4F820310B93D4F824310C93D4F856
:1052740028310D9302D1BBF1000F12D14046182200
:1052840008A9183EFFF754FD08F1180801379EB12C
:1052940000F0EEFB00230793002D7FF437AF214885
:1052A4003DE740465A4608A9A6EB0B06FFF740FD2A
:1052B400D8440137002EEBD1049F059E6A69394614
:1052C4003046FFF76DFEAA6940B94FF48063394652
:1052D4003046FFF797FE00283FF444AF0023189AA6
:1052E40013601CE72B6A002B3FF43DAF0E483AE7EE
:1052F400032361E702235FE7012229465046009613
:1053040006ABFFF7B5FD00283FF4DBAE2BE700BF8B
:1053140000508450ABAAAAAA020CF100310CF1008F
:10532400300CF100350CF100320CF10010B4DDE961
:10533400013401940024DDF80CC0CDE902C410BC92
:10534400FFF7A0BE30B51546012487B005AB009326
:105354000022CDE9015404ABFFF794FE07B030BD41
:10536400F0B587B0002967D01E46002B64D01446E0
:10537400002A61D0324F0D4638684FF0FF31FFF7F5
:10538400F3FC00283DD12F4BD3F8340E10F001006C
:1053940015D04FF0FF354FF408712B48FEF7DEFEB1
:1053A40004212A48FEF7DAFE29482821FEF7D6FE12
:1053B4003868FFF7E1FC40BB284607B0F0BDFFF7B3
:1053C40003FD002834D1224800F088FA70B91E4A3F
:1053D4000346029205AA019204AA039000921C4972
:1053E40002461A48FFF7A2FF0346A0B14FF0FF356B
:1053F4000120FFF7E9FC0028CDD01648FEF78CFD0C
:10540400C9E71548FEF788FDBDE71448FEF784FD9B
:10541400284607B0F0BD28461D46059B22469C42FF
:1054240028BF1A46049932600831FFF781FCDFE790
:105434000B48FEF771FDC6E74FF0FF35BCE700BF30
:105444003401002000608450EC130020C0130020BD
:10545400C4130020AC880000748800000489000094
:105464008C88000010B5044630B100220123626527
:10547400A265E365236610BD0148FEF74DFDF4E720
:105484001C89000018B174220021FFF753BC704737
:10549400C8B1D9B108B50023C02A836380F83C3071
:1054A4000FD0B2F5807F04D0802A03D06FF01F00A4
:1054B40008BD02230363D2081030FFF739FC002033
:1054C40008BD0123F6E76FF0210070476FF01F005D
:1054D400704700BF70B5044686B0F8B11046EAB113
:1054E400E3B101291AD8A26B16D0012A16D11025CE
:1054F40000210DEB0506019602AA61632946009579
:1055040000F0C8FA50B92B463246204602A900F0F2
:1055140073FD18B906B070BD002AE8D06FF0210001
:10552400F8E700BF10B5044628B12046BDE8104096
:10553400F421FFF701BC0448FEF7EEFC2046BDE869
:105544001040F421FFF7F8BB3089000010B1F421BA
:10555400FEF704BE704700BF08B521B1012908D089
:105564006FF0360008BD012100F058F80028F7D18B
:1055740008BD022100F052F80028F9D0F0E700BF7E
:1055840030B505468818B0F5801F0B461446A1B007
:1055940001D8802A0CD9B3F5801F17D922461946A1
:1055A400284600F07DF8044684B9204621B030BD79
:1055B4006846FFF7BDFB22466946284600F070F8AE
:1055C400802104466846FFF7B7FBEDE76FF0360429
:1055D400EBE700BF70B5E8B10E46D9B1044600F060
:1055E40031F80546B0B92368012B0BD0022B01D04A
:1055F400284670BD1C22304604F10801FFF798FBD1
:10560400284670BD2022304604F10801FFF790FBC4
:10561400284670BD6FF03605EAE700BF78B138B5AB
:105624000D46F0210446FFF787FB40232046256002
:10563400E36500F061FA003818BF012038BD01208D
:10564400704700BFF0B5056EA5B0044604AEE5B9D9
:1056540000230127019330466760294602AA00937C
:1056640000F018FA10B1012025B0F0BD2A462046FA
:1056740002A900F069FA0028F5D1204600F06CFB7D
:105684000028F0D1206625B0F0BD802D2A46304692
:1056940028BF802204F16401FFF74AFB256ED7E797
:1056A400002800F0AE802DE9F04F1446A5B0002A82
:1056B4003DD00F46002949D0B2F5803F0546006E23
:1056C40020D34FF6FF7805F1640AEB6D1A1AB2FB8A
:1056D400F3F103FB1122002A65D18342B9464FF648
:1056E400FF7672D0B6FBF3FB03FB0BFBBBF1000FA1
:1056F40030D1002E45D1A4F57F44FF3CB4F5803F62
:105704004744E2D2EA6D161AB6FBF2F302FB1366C3
:10571400A64228BF2646002E75D1824200F08D8015
:10572400B4FBF2F602FB06F62EB9002C79D1002068
:1057340025B0BDE8F08F002331463846CDE900336B
:1057440002AA00F0A7F9002800F09580012025B0F6
:10575400BDE8F08F002359464846CDE9003302AA3C
:1057640000F098F90028F1D15A46284602A900F021
:10577400EBF90028EAD1A6EB0B06286ED944002EDB
:10578400B9D019304946324605EB8000FFF7D0FA0C
:10579400A4F57F44286EFF3C3044B4F5803F474471
:1057A400286692D2AEE7424528BF4246164639469D
:1057B4005044FFF7BDFA286EEB6D3044834207EB8B
:1057C40006092866A8EB06068CD1802B28BF802307
:1057D40051461A4604A8FFF7ABFA0023E96D02AA62
:1057E400CDE9003304A800F055F90028AED12846CD
:1057F400EA6D02A900F0A8F90028A7D1EB6D28668C
:1058040070E70120704705F16403394632461844B5
:10581400FFF78EFA286EEA6D3044A41B37442866DD
:105824007BE72B6E2246193305EB83003946FFF7DD
:105834007FFA2B6E23442B6679E7802A28BF8022C7
:1058440005F1640104A8FFF773FA0023E96D04A8C5
:10585400CDE9003302AA00F01DF900287FF476AFE9
:105864002846EA6D02A900F06FF900287FF46EAFB4
:10587400EA6D286654E73246284602A900F064F926
:1058840000287FF463AF3744A41B4EE7F8B51C46E9
:105894000546114816460F46FFF744FE21460E48BA
:1058A400FFF75AFE044620B10B48FFF74FFE20468F
:1058B400F8BD3A4629460848FFF762FE0446002828
:1058C400F2D131460448FFF785FE04460248FFF74B
:1058D4003DFE2046F8BD00BF0C1600201C2370B509
:1058E40082B001A90546019300F032F8044638B9A4
:1058F400019B1C2B07D0144C1C212846FFF71CFAD3
:10590400204602B070BDD5E90112131E18BF012351
:10591400003918BF0121012628689B00EA6843EA80
:105924004103002818BF43F00103EE612AB9C5E919
:105934000834002BE4D1054CDEE7204643F008038D
:10594400C5E9083402B070BD370CF0000E0CF0004D
:10595400034618B111B10A681C2A01D0012070470E
:105964004FF47F02D2F8101C01310CBF40F2DC511D
:10597400D2F8101C4FF47F020160D2F8141C0131DC
:105984000CBF40F2DC51D2F8141C4FF47F0241608A
:10599400D2F8181C01310CBF40F63401D2F8181C9F
:1059A4004FF47F028160D2F81C1C01310CBF40F619
:1059B4003401D2F81C1C4FF47F02C160D2F8001CE1
:1059C40001310CBF9021D2F8001C4FF47F02016119
:1059D400D2F8041C01310CBF5121D2F8041C4FF43D
:1059E4007F024161D2F8081C002001310CBF40F253
:1059F4003732D2F8082C9A61704700BF014608B5C7
:105A04004FF48060FFF712F90022034BC3F8C8215A
:105A1400C3F82C2108BD00BF00508450013807286A
:105A240005D8DFE800F0100E040A04040406074851
:105A34007047CB6800204B6270478B6800204B6234
:105A440070474B68F6E70B68F4E700BF310CF100D0
:105A54000B6802E0082B0B6006D8026A13424FEA77
:105A64004303F7D00020704700487047310CF10021
:105A7400002310B5064C4FF48060C4F82C31C4F8F0
:105A8400C431FFF7B9F84FF0FF33C4F8083110BD43
:105A9400005084502DE9F041002482B015461E4682
:105AA40001220DF107030746DDF824808DF8074035
:105AB40000F05AFFD0B99DF8073004462F602B71CF
:105AC400B8F1000F0ED04EB10246089930460DF1E0
:105AD400070300F049FF48B99DF80730C8F8006093
:105AE40088F80430204602B0BDE8F0814FF4750414
:105AF400204602B0BDE8F081D8B108B50368012B97
:105B040004D0022B0FD043B10B4808BD20220B490F
:105B14000830FFF70DF9002008BD142208490830A9
:105B2400FFF706F9F7E7202206490830FFF700F9E6
:105B3400F1E74FF4730070470100F300408900005F
:105B440080890000608900002DE9F047002900F0F9
:105B5400EB800446002800F0EB80036888469146F9
:105B6400002B00F0B580013B012B00F2C9804FF0FF
:105B7400FF3171484FF0020AFFF7F6F8002840F0B1
:105B8400B1800020FFF720F90746002840F0B480D8
:105B94006A4DD5F81069002EFBD14FF0FF30FFF7A6
:105BA4002BF8D5F8040A20F40060FFF733F801233A
:105BB4000722C5F81838C5F82038C5F80029C5F8F3
:105BC400C437C5F8A466A36CC5F8CC37E36CC5F834
:105BD400D037C5F8C0A723685BB1013B012B18D8A7
:105BE400636AC5F85C36236AC5F85836E369C5F8B4
:105BF4005436A269514BC3F850266269C3F84C2647
:105C04002269C3F84826E268C3F84426A268C3F8A8
:105C14004026B9F1000F56D063684FF40060012BA1
:105C240004BF464AC2F8843698F80430D8F8001005
:105C3400424A5B0003F00203C2F80C3BC2F8281C82
:105C4400C2F82C9CFEF7ECFF0746236863B1013BC6
:105C5400012B19D8394BD3F85C266262D3F8582645
:105C64002262D3F85436E361344BD3F85026A26150
:105C7400D3F84C266261D3F848262261D3F844262F
:105C8400E260D3F84036A360002201212B4BD3F805
:105C9400CC07A064D3F8D007E064C3F8C417C3F8F2
:105CA4008426C3F8C827C3F81828C3F82028AFBB34
:105CB4000120FFF789F868BB1F48FFF75DF818BBA0
:105CC4003846BDE8F08704221C4BC3F8C827BCE75C
:105CD4004FF0FF3118484FF0010AFFF745F800284C
:105CE4003FF44FAF1648FEF717F90020FFF76CF8A2
:105CF400074600283FF44CAF1248FEF70DF947E77A
:105D0400114F3846BDE8F0871048FEF705F93846CC
:105D1400BDE8F0870E48FEF7FFF8CDE7102104F147
:105D24000800FFF709F8C3E70A4F3846BDE8F087D3
:105D34004FF47307C4E700BF4401002000508450AF
:105D4400748800008C8800000100F300CC880000F7
:105D5400AC8800000300F300A0B3034670B4D0E99C
:105D64000240D3E9041226BA05BA0CBA10BAC3E940
:105D74000440D3E90612986A09BAC3E9026512BA63
:105D8400996100BAD3E9084125BA0CBAC3E90725D9
:105D9400D3E90B12C3E9094009BAD86B12BAD96224
:105DA400D3E90D4125BAC3E90C250CBA00BAD3E9ED
:105DB400101209BA12BAC3E90E40196400205A64D9
:105DC40070BC70474FF47300704700BF70B5002873
:105DD4004DD0436B0446032B3CDD063B012B3BD8E3
:105DE400A36B012B3BD8E36D012B3DD8236E012B14
:105DF40041D8224ED6F81059002DFBD14FF0FF3078
:105E0400FEF7FAFED6F8040A20F40060FEF702FF5B
:105E14000123C6F80039C6F8BC54636B23F00402AE
:105E2400032A18BFA16B226B0CBF294601F00101A4
:105E3400022A17D89B0003F01C0343EA02330F4ADB
:105E44000B43C2F8C034636B072B06D10123C2F89D
:105E54007C3402E0002BC3DA094D284670BD094D9D
:105E6400284670BD084DF8E7084D284670BD4FF42C
:105E74007105284670BD064DEFE700BF0050845001
:105E84000100F1000200F1000600F1000300F1003E
:105E94000400F10000287DD038B590F83C30044669
:105EA400002B55D0022B23D03C483D4D2A683D4B56
:105EB4001268C3F800242A685268C3F804242A68C4
:105EC4009268C3F808242A68D268C3F80C242A68A4
:105ED4001269C3F810242A685269C3F814242A6882
:105EE4009269C3F818242A68D269C3F81C2438BDFF
:105EF400016B006C00F032FB294D0028D6D12A68D2
:105F0400284B1268C3F800242A685268C3F8042492
:105F14002A689268C3F808242A68D268C3F80C2453
:105F24002A681269C3F810242A685269C3F8142431
:105F34002A689269C3F818242A68D269C3F81C2411
:105F4400216B206C00F020FB0028AFD1002038BD6D
:105F54000269144BC3F800244269C3F8042482691B
:105F6400C3F80824C269C3F80C24026B013A012A5D
:105F7400ECD8026AC3F81024426AC3F81424026BF2
:105F8400022AE3D1826AC3F81824C26A0020C3F843
:105F94001C24DCE74FF47100704700BF0900F100D6
:105FA4003001002000508450114A124B11680968D6
:105FB400C3F8001411684968C3F8041411688968A7
:105FC400C3F808141168C968C3F80C141168096986
:105FD400C3F8101411684969C3F814141168896965
:105FE400C3F818141268D269C3F81C24704700BFA0
:105FF40030010020005084502DE9F04F85B0002975
:1060040058D01746002A55D00446002800F0DC80FA
:106014009846C36D0E46002B42D1B8F5805F44D23A
:1060240094F83C30042B00F0C7804FF0000A4FF086
:10603400FF31B548FEF798FE002840F0B9800020F3
:10604400FEF7C2FE002840F0AF804FF00109DFF8F0
:10605400BCB22046CBF81098CBF82098FFF7B6FED8
:10606400054620B92046FFF715FF054638B3BAF1B7
:10607400000F40F085800022A44B0120C3F81028B3
:10608400C3F82028FEF7A0FE002840F089809E482F
:10609400FEF772FE00287CD1284605B0BDE8F08FDB
:1060A400012BBDD1B8F5803FBAD3994D284605B030
:1060B400BDE8F08F974D284605B0BDE8F08F636BBF
:1060C400072B00F2CA8009FA03F919F08A0F40F08D
:1060D400D38019F0440F40F0C28019F0010F00F092
:1060E400BC8033793A795B0002F0010203F00203C9
:1060F4001343864A31683868C2F80C3B636B23F05B
:106104000403032B0AD0236E012B0BBFC2F8280D06
:10611400C2F8300DC2F82C8DC2F8348DE36D4FF403
:106124000060012B794B0BBFC3F8281CC3F8301C4B
:10613400C3F82C8CC3F8348CFEF772FD0546002896
:1061440095D1626B072A15D80123934013F08A0F67
:1061540040F09F8013F0440F0CD06C4BD3F86024B4
:106164002260D3F864246260D3F86824A260D3F870
:106174006C34E3600123A365BAF1000F3FF47BAFF5
:106184000423202104F1100084F83C30FEF7D4FDF0
:1061940071E76148FDF7C0FE284605B0BDE8F08F01
:1061A4005E48FDF7B9FE72E75D48FDF7B5FE4CE7C2
:1061B4005C48FDF7B1FE42E7216B206C00F0B8F9B2
:1061C40028B14FF0010A32E74FF4710564E7DFF8B4
:1061D40058914E4DD9F800301B68C5F80034D9F8F1
:1061E40000305B68C5F80434D9F800309B68C5F802
:1061F4000834D9F80030DB68C5F80C34D9F800301D
:106204001B69C5F81034D9F800305B69C5F814343B
:10621400D9F800309B69C5F81834D9F80030DB6927
:10622400C5F81C34216B0229CBD8236D4FEAC10A6F
:106234000193E36C0AF1100A04F1100B0093CDF8FA
:106244000CA0CDF808B0206CD4E9112300F09CFA1E
:1062540068BB002384F83C30B3E7344D07E7236878
:10626400CBF860346368CBF86434A368CBF8683443
:10627400E368CBF86C3434E72368CBF840346368C4
:10628400CBF84434A368CBF84834E368CBF84C34F7
:1062940027E71E4BD3F840242260D3F844246260DD
:1062A400D3F84824A260D3F84C34E36062E7D9F809
:1062B400003051461B685846C5F80034D9F8003000
:1062C4005B68C5F80434D9F800309B68C5F8083415
:1062D400D9F80030DB68C5F80C34D9F800301B69F4
:1062E400C5F81034D9F800305B69C5F81434D9F80E
:1062F40000309B69C5F81834D9F80030DB69C5F85B
:106304001C34FEF719FDA4E744010020005084501A
:106314000500F1000B00F100CC880000AC880000FF
:106324008C88000074880000300100200100F10016
:106334002DE9F04701B3FAB10446002854D01D46B4
:10634400436B0E46072B1BD05DB9032B10D1836D15
:1063540073B945668566C5660567102500F1640353
:106364000B602B4631462046BDE8F047FFF744BE9C
:106374002F463846BDE8F087644F3846BDE8F087BD
:10638400C36DA3BBB5F5805F36D20DB9A36D9BBBBE
:106394004FF0FF315E48FEF7E7FC00284CD10020A7
:1063A400FEF712FD002843D14FF00108DFF8649195
:1063B4002046C9F81088C9F82088FFF707FD07466A
:1063C400E0B10022534B0120C3F81028C3F8202861
:1063D400FEF7FAFC40BB4E48FEF7CEFC0028C8D0BE
:1063E4004D48FDF799FDC4E74FF47107C1E7012B50
:1063F400CBD1B5F5803FC8D3484FBAE72046FFF765
:1064040049FD07460028DCD1636B072B0AD808FA3C
:1064140003F818F08A0F13D118F0440F5AD118F06A
:10642400010F19D13E4FCCE73E48FDF775FDD2E789
:106434003D48FDF771FDB7E73C48FDF76DFDAEE75C
:106444002368C9F840346368C9F84434A368C9F8B8
:106454004834E368C9F84C3401212E4AC2F87C144C
:10646400C2F8BC54337930688B4003F00203C2F89D
:106474000C3BE5B9A36D0BB9C2F82415626B072A6E
:106484009FD80123934013F08A0F30D113F0440FA7
:1064940097D0204BD3F860242260D3F86424626040
:1064A400D3F86824A260D3F86C34E36089E7E36D21
:1064B400012B0BBFC2F8280CC2F8300CC2F82C5CBC
:1064C400C2F8345C4FF40060FEF7AAFB0028D5D074
:1064D400074676E72368C9F860346368C9F864340A
:1064E400A368C9F86834E368C9F86C34B4E7094BA5
:1064F400D3F840242260D3F844246260D3F84824BB
:10650400A260D3F84C34E3605BE700BF0B00F100FA
:106514004401002000508450CC8800000500F100A4
:106524000100F100AC8800008C8800007488000031
:106534007F2809D851B10139022909D805497F2892
:106544000CBF084600207047024870470846704751
:10655400014870470100F7000300F7007F2809D8BD
:1065640051B10139022909D805497F280CBF0846D1
:10657400002070470248704708467047014870473A
:106584000100F7000300F7000129F0B407D0022945
:1065940000F0898000295AD07248F0BC704700226C
:1065A400714C724B4FEAC00CC4F80015451C0CF535
:1065B4007F04C3F8082104F50444C3F80021C3F898
:1065C4000421C3F800556A4E2468B44240F0B380F5
:1065D400196002E0002940F0B580D3F80021D3F817
:1065E4000841D3F804112243F4D0002C40F0B180C8
:1065F400002940F0A78001245B4AC3F8001502304B
:10660400C2F800455B4AC3F80811C3F80011C3F887
:106614000411C3F8000552F80C00574A904240F0A8
:106624008E80524A1C6002E0002840F08B80D2F831
:106634000031D2F80811D2F804010B43F4D0002938
:1066440040F08C8000287DD1C2F8000528E00124A8
:10665400464BC200444E204402F57F02C6F8004572
:1066640002F50442C3F80811C3F80011C3F8041179
:10667400C3F800053E4D1268AA4260D11C6001E0D7
:1066840000285FD1D3F80021D3F80811D3F804010E
:106694000A43F5D000295CD1002853D1C3F8000582
:1066A4000020F0BC704701250022304B2E4F4FEAEA
:1066B400C00C44190CF57F01C7F8005501F50441DD
:1066C400C3F80821C3F80021C3F80421C3F8004526
:1066D400274E0968B1422ED11D6000E091BBD3F86A
:1066E4000021D3F80841D3F804112243F6D084BB27
:1066F40041BB01241C4AC3F800150230C2F800450E
:106704001C4AC3F80811C3F80011C3F80411C3F8F4
:10671400000552F80C00184A904210D1134A1C602C
:1067240000E078B9D2F80031D2F80811D2F80401A7
:106734000B43F6D083E7C3F8002510482DE7C3F8D0
:106744000015FAE70022094B0D48C3F80025F0BCF8
:1067540070470022C3F800250A481EE70023C2F848
:106764000035F9E70C00F10000408450009003501C
:10677400005484500884FF00105484500600F7002D
:106784000200F7000100F7002DE9F0470024CCB027
:10679400824689461646214674220EA81F46579DF6
:1067A400DDF8588101F0F2FC802221462CA82B94BC
:1067B40001F0ECFC8423B5F57F6FCDE90A440D9418
:1067C4000C94059364D8FFF7EFFB05AB30462BAE72
:1067D40001933946DDE954230295009600F064F8EC
:1067E400002850D1022307228DF813309DF813306E
:1067F4001B928DF8743000220123012410211C9077
:106804000EA8CDE92423CDF86890CDF878A026947D
:10681400FEF792FA10220DF12009009230460599F4
:106824000AABCDF8049006AAFFF734F9074688B1FD
:106834001EE0102D2E4628BF10260EA93246FEF764
:1068440077FA10210EA8FEF777FA0134AD1B37440E
:10685400E4B222D0059B4A4606A90EA88DF8AC40A6
:10686400FFF766FD034608EB0700002BE1D01F4647
:106874000EA874220021FEF75DFAFFF795FB384657
:106884004CB0BDE8F087064F38464CB0BDE8F08701
:10689400044F38464CB0BDE8F0872F46E8E700BF08
:1068A4000E00F1000F00F1002DE9F041002482B048
:1068B4000A9D0194B5F57F6F40D8ED00B5F5807F52
:1068C4001E4634BF0323042301F1FF3CBCF13F0FF8
:1068D4000C46009332D888B3174666BB089A6AB34D
:1068E400099A116851B3A2191344994226D3089BFB
:1068F40001462246581CFEF71BFA089B04F10208C5
:106904001C440023637026BB089BFF2D009503EBFA
:10691400080017D92B029BB243EA1523022201A9CE
:106924000193FEF705FA08F102030020099A1360A7
:1069340002B0BDE8F0810AB1402ECFD9094802B0B7
:10694400BDE8F08101226946FEF7F2F908F101037E
:10695400EBE7089B324603EB08003946FEF7E8F9FB
:10696400B044D1E70600008000201870704700BFD3
:106974002DE9F04F43688DB0154680460293837825
:106984009A0740F10D8100240E78002E00F00A8150
:10699400252E0BD04B1C0393013441463046029BF9
:1069A40098470028C0F2F6800399EDE74E788B1CD7
:1069B400252E0393F0D00027B946BB46BBF11F0F29
:1069C40038D8A6F12003102B0AD8DFE803F02A09EF
:1069D40009300909092109090928092D09091F0094
:1069E400A6F13003092B33D92A2E37D11BF0400FDF
:1069F40055F8043B40F08280002BA7BF4BF0200BDE
:106A04009946C3F100094BF0280B01E04BF0010B50
:106A1400039B13F8016B0393002ECFD130E04BF0AE
:106A2400020B4BF0040BF3E74BF0080BF0E74BF0D1
:106A3400100BEDE7BBF17F0F19D8A6F13003092B3A
:106A4400D2D81BF0400F03D00A2101FB0737DFE740
:106A54000A214BF0200B01FB0939D9E72E2E06D170
:106A64001BF0400F40F09E804BF0400BD0E76C2EA3
:106A740031D02BD8682E36D06A2E3CD04C2E3AD04A
:106A8400002F46F02003B8BF2BF04002A3F16501AC
:106A9400BCBF00271FFA82FB022901D9612B2FD129
:106AA40007350727DFF8ACA225F0070508351BF0EA
:106AB400080F66D00AEB070B56465E4563D1A4EB7C
:106AC4000A0AA9EB070906EB0A026FE1742E9FD0AC
:106AD4007A2E9DD0D4E71BF0800F18BF4BF4007BB7
:106AE4004BF0800B94E71BF4807F18BF4BF4007BC2
:106AF4004BF4807B8CE74BF4207B89E71F4687E7C8
:106B0400A6F16301122900F2F080DFE811F013000E
:106B14004F00EE00EE00EE00EE004F00EE00EE003F
:106B2400EE00EE00EE00FE00E900EE00EE001B00B9
:106B3400EE00AF0055F8043B01270DF1180A8DF85B
:106B44001830B4E755F804AB834BBAF1000F08BF13
:106B54009A461BF0400F504614BF39464FF0FF31A0
:106B640001F02CFB0746A2E741462020029B9847F0
:106B740000280FDB013EB742F6D34C44B146A41BB8
:106B840098E74E46F7E7414616F8010B029B9847F3
:106B9400002892DA98F8023043F0040388F80230AF
:106BA4004FF0FF3420460DB0BDE8F08F1BF0800F8E
:106BB40034D01BF4007F2CD0073525F00705AA46F6
:106BC40069685AF8080B2BF010050029ADB237DAC2
:106BD400404245F4806561EB41010DF1180B0A2335
:106BE4005A4601F0F7FAA0EB0B0301936B0662D54A
:106BF400019B25F001019F4289B240F3A180002E40
:106C040000F0998015F0100240F09C80BB460D46C0
:106C140023E0AA465AF8040BC117D4E7AA461BF48A
:106C2400807F5AF8041B01D10846F5E71BF4007F66
:106C340019BF48B241F3C01108B241F3C031C2E7F1
:106C440050EA0103C9D11BF0400FC6D0002FC4D1B4
:106C54002BF01102BB46019795B240F2064115EAAA
:106C640001021CBF0BF1010B00222CE02BF01002DF
:106C74000A231FFA82FB1BF0800C49D01BF400711D
:106C840015BF0735AA4625F007055AF8040B1EBFA1
:106C9400AA4669685AF8080B50EA010545D12BF059
:106CA40016051BF0400FADB242D0002F40D12BF09F
:106CB4001702019795B215F0100248D0019B002EDF
:106CC40042D103F1010B29075AD4EB0706D5D94564
:106CD4006FDDA9EB0B030199CB465F185B4649E0D6
:106CE4004BF0100B10237826C5E7782B04D1C6F19E
:106CF400780343F01003BEE741462520029B9847E2
:106D04000028FFF647AF023447E608230026B2E71F
:106D1400AA461BF480715AF8040BBDD01BF4007111
:106D24001ABFC0B2614680B2B6E72BF0060295B234
:106D34000DF1180B54E725F01105BB46ADB28CE7F5
:106D44000D46B8E73B460D4603F1020BBBE7DDF801
:106D540004B082E7948F00008D8F0000CDE90432E7
:106D640041462020029B98470028FFF613AF049B5E
:106D7400059A01339945F1DCA4EB0B019B46CC1831
:106D84000AB341463020029B98470028FFF602AF21
:106D94008EB901342744391B019B994224DC1D46DA
:106DA40055BB019AA9EB0B0955462244144691445C
:106DB40033E0019F92E7023441463046029B9847F4
:106DC4000028E7DAE6E640F206410D42E2D015F08B
:106DD400020F04F10104414614BF2B20202015F4B6
:106DE400806F18BF2D20E9E741463020029B013413
:106DF40098470028CFDACDE606AB013D4146585D01
:106E0400029B98470028CBDAC4E641462020029B27
:106E1400013498470028FFF6BDAEA9EB0403002B0C
:106E2400F3DCC1E57047014640F2E73008B54FF4A2
:106E34007A72002300EBC1304914F9F789F9BDE8EF
:106E4400084001F00FB9836800EBC101B3F5004FAE
:106E54002CBF51F8220031F81200704700EBC10139
:106E64008068B0F5004F2CBF41F8223021F8123071
:106E74007047012208B5FFF7E6FFD04008BD8368DC
:106E840000EBC101B3F5004F08D34B681AB143F0CE
:106E940001034B60704723F00103FAE74B881AB1F2
:106EA40043F001034B80704723F00103FAE75300DA
:106EB4000122FFF7D3BF8368481CB3F5004F34BFEA
:106EC400042308230833A0EBD300B0FA80F0C0F108
:106ED4001F0070472DE9F0410D4686680446FFF710
:106EE400C8FFB6F5004F014601D3012832D0204631
:106EF400FFF7E1FF04EB80010E6996B90122E36814
:106F040082401343E36002220D612B46294620464A
:106F1400FFF7A4FF032229462046BDE8F041FFF70E
:106F24009DBF022231462046FFF78DFF07460346E8
:106F340029462046FFF792FF03223346294620467E
:106F4400FFF78CFF39462B462046FFF787FF0222C6
:106F54003146E1E7BDE8F081B2F5802F2CBF08236C
:106F640004232DE9F0410026D21A8C18CD1D25F0FA
:106F7400070524F00704641BE4080560214628463D
:106F8400AC60EE60FFF797FF421D9200013002F102
:106F940007074FEAD7073146A2F1100205F11000A6
:106FA400B8BF324601F0F2F83A4631462846FFF7B8
:106FB4007EFF3346324631462846FFF74FFFA4EBA7
:106FC4000708284631460122FFF759FF4246394651
:106FD400FFF76DFF3B46324639462846FFF73EFF32
:106FE40021462846FFF763FF43463246214628469A
:106FF400FFF734FF214628460122FFF740FF3946B8
:10700400BDE8F041FFF766BF002070470FB407B535
:1070140004A951F8040B0191F9F78EFA03B05DF855
:1070240004EB04B07047038B13F0070305D1036826
:10703400002B0CBF002003207047022B05D1408B8E
:10704400B0FA80F0400980007047012B05D1036835
:10705400002B0CBF0020052070470020704710B59E
:107064000C4600B111B96FF0150010BD081D00F0F9
:1070740093F80028F9D1A368032BF6D9F3E72DE997
:10708400F0410D4607461946281D90461E4600F05D
:1070940094F8044638B13346424629463846A44655
:1070A400BDE8F0416047BDE8F08110B4EFF3118210
:1070B400202484F31288BFF36F8F416110BC012137
:1070C400F9F76CBA38B50C46054658B151B10B689E
:1070D40043B14B6833B11C22002101F057F8002062
:1070E4002C6138BD6FF01500FBE770B505460E4600
:1070F400FFF7B5FF041E14DBEFF31182202383F3A3
:107104001288BFF36F8F4FF6FF716B8B2C8B8B4202
:1071140004F0070407D182F31188BFF36F8F6FF077
:107124000A04204670BD022C0CD101336B8382F318
:107134001188BFF36F8F0023224631462846FFF79C
:107144009EFFEEE7062C14D8DFE804F004131313B3
:10715400041A0400002333606B683BB9C5E9006678
:10716400ACB902212846F9F719FADAE71E606E6015
:10717400F6E782F31188BFF36F8F6FF00404D0E752
:1071840082F31188BFF36F8F6FF08504C9E782F330
:107194001188BFF36F8FC4E7034658B1426802F009
:1071A4000302012A03D0032A04D1026812B1002089
:1071B400986070476FF0150070474268034602F00C
:1071C4000302032A4FF00002816014BF10460068D6
:1071D4005A6070477047FEE700F0D8BF00F0AFBFB9
:1071E40001460068F9F722BC08B5F9F74FFCBDE881
:1071F4000840F9F76FBC00210120F9F717BCD0F85B
:10720400943083F30B8870476FF08500704761B644
:1072140062B680F31188BFF36F8F704708B572B6FA
:10722400002383F31188BFF36F8FFAF703FA50B189
:10723400BFF34F8F30BF00BF00BF00BF00BF00BF10
:1072440000BF00BF00BF62B6BFF36F8F08BD10B5AB
:10725400044672B6002383F31188BFF36F8FFAF7E5
:10726400E9F950B1BFF34F8F20BF00BF00BF00BF8B
:1072740000BF00BF00BF00BF00BF84F31188BFF38D
:107284006F8F62B610BD40E800F313F4803FD8B2AC
:1072940008BF6FF01500704730B50C684B6885B0B7
:1072A4000A894D890094013B24F01F04234402F011
:1072B4001F0242EA451223F01F0369468DF8082095
:1072C4000393F9F7C3FF05B030BD08B5FAF77EF9AB
:1072D400002008BD4FF05023012270B50C4605462E
:1072E400C3F814260020FAF727FA28462346BDE8F7
:1072F4007040002118470C220369C9B201FB023314
:10730400986F00F00700704770B5C9B20369EFF3D6
:107314001185202484F31288BFF36F8F0C2606FB9B
:107324000134A46F14F0C00408D0A24206D085F33F
:107334001188BFF36F8F4FF0FF3070BD012206FB41
:1073440001339A6785F31188BFF36F8F436803EBAA
:10735400C1035B6898470020EFE78022FFF7D4BFA2
:10736400F8B5069F0469C9B2EFF31186202585F3A9
:107374001288BFF36F8F0C2505FB0144A56F05F040
:10738400070CBCF1010F0CD1A76786F31188BFF37A
:107394006F8FC4E91C23436853F8313098470020A9
:1073A400F8BD05F0C005AF4286F31188BFF36F8FB7
:1073B4000CBF6FF077004FF0FF30F1E713B5802476
:1073C4000094FFF7CDFF02B010BD10B41C24006977
:1073D400CBB203FB0400002110BC1047032000F0D3
:1073E400DDB9022000F0DAB9032000F0E6B902208A
:1073F40000F0E3B91046FBF783BF00F067BAFBF770
:107404001DBB002208B511461046FCF7AFFD00284D
:1074140018BF6FF0150008BDF7B50F4616464FF4B8
:1074240080650024A64203D816D0162003B0F0BD10
:10743400331BB3F5806F38BF1D4600202A4601ABCD
:107444003919FCF7C3FD20B9019BAB4201D12C448F
:10745400E8E76FF01500E9E70020E7E7436800205C
:107464005B681B690B607047436802EA01005B6854
:1074740021EA020198600020D96070474368002027
:107484005B6899607047436800205B68D960704707
:1074940043685A68536821EA03000B409060002057
:1074A400D360704710B503695868F8B1884219D1A0
:1074B4009C680868A142586000D198600020086068
:1074C4002AB15A680A609A68596002B99960002022
:1074D40010E0814206D10868206098688142EDD1AD
:1074E4009C60EBE7044600680028F2D1002AE8D14A
:1074F4006FF0150010BDFBF7E3BB30B543681360B4
:10750400057A446804EBC504A34202D36FF001007A
:1075140030BD5C798C4201D00833F0E70020F7E7F6
:1075240043681B68D3F88004C3F88004704742683A
:107534001368D3F8100150B10020126A12780A704F
:10754400C3F81001D3F8102101221A6070474FF0DC
:10755400FF30704702680346D2F8580140B95B68AF
:10756400DB0706D4D2F82001003818BF0120704789
:107574000120704743681B68D3F80423D20517D54C
:10758400D3F82021A2B1EFF31182202181F31288D4
:10759400BFF36F8FD3F8201131B10021C3F820114C
:1075A400D3F820110121D96082F31188BFF36F8FC2
:1075B400D3F85831704713B501AA0446FFF79DFF6D
:1075C400002805DB019B226819791868FAF7A2FCE8
:1075D40002B010BD6FF085007047F8B50546002273
:1075E40001210820F9F762FD0820F9F743FD6C68D2
:1075F4000121E068FFF7DFFF6B6819682369C1F8B0
:107604002435A27D637D207D1343228B02431343E3
:10761400C1F86C356E68D6E9004313F001033CD021
:107624002F6904F10C0107F1080204F5907000F0D1
:10763400A1F8002830DB387AFBF7B8F80823C4F83F
:107644000035F369C4F844350023C4F848350123F0
:10765400A360D4F85831002BFBD00026C4F8006591
:107664006B683146D868FFF7A6FF6D683146E86855
:107674002C68FFF7A0FF0823C4F800352A7A52B912
:107684002B6AC4F834350123C4F83835C4F8102102
:10769400D4F8102123600020F8BD0822C4F8002586
:1076A400F269C4F84425C4F848350123A360D4F82A
:1076B4002031002BFBD00023C4F82031D4F8203132
:1076C4000123E3604FF48073C4F80433C1E700225C
:1076D40000F150039B009BB203F1502303F5803368
:1076E4001A601B68704708B5FAF7BCFD08BDFCF7C3
:1076F400DFBB08B5F9F774F8F9F75AF9BDE80840A3
:10770400FCF7D6BB03460020184700F08FBB0246A7
:1077140010B5116891B1B1FA81F3C3F11F000123CF
:10772400834021EA0303D2E8EF4F8C4204D1C2E83C
:10773400EC3FBCF1000FF6D1EBD110BD6FF00B00A4
:10774400FBE710B50368CB40DB0710D401238B4063
:10775400026843EA0201D0E8EF4F944204D1C0E842
:10776400EC1FBCF1000FF6D1F2D1002010BD6FF078
:107774001500FBE770B50D46002106460846144681
:10778400FBF706F848B9237843F00043C6F8803085
:10779400237843F00043C5F8803070BD03280BD82C
:1077A400DFE800F002040608FBF748B9FBF774B8F9
:1077B400FBF7FCB8FBF7B2B8704703280BD8DFE837
:1077C40000F00402060800F02EB800F07FB800F0C4
:1077D40062B800F044B8704708B5FBF779F8FBF7D6
:1077E40071F9FBF701F9BDE80840FBF7B5B838B506
:1077F4004FF050240123C4F808336360002342F29D
:107804001075C4F80031D4F80031D4F80C24D4F83D
:107814000C34D20306D5DB0704D50120FFF775FF2E
:10782400013DF2D138BDFFF7E2BF38B54FF0502427
:107834004FF48073C4F808330123E361002342F258
:107844001075C4F82031D4F82031D4F85434DB0353
:1078540004D50120FFF759FF013DF6D138BDFFF7EC
:10786400E4BF38B54FF050244FF40073C4F8083324
:1078740001236362002342F21075C4F82431D4F862
:107884002431D4F85C34DB0304D50120FFF73DFF39
:10789400013DF6D138BDFFF7E4BF38B54FF05024B1
:1078A4000223C4F808330123E360002342F2107575
:1078B400C4F80431D4F80431D4F81834DB0304D503
:1078C4000120FFF722FF013DF6D138BDFFF7E5BFE8
:1078D400F7B51646DDE90847019001A81D46FBF7F8
:1078E4002BF9019BB6F1000C18BF4FF0010C00EB13
:1078F40083000B1E18BF0123002D43EA4C0314BF61
:107904004FF00C0C4FF0000C002C43EA0C0314BF96
:107914004FF4706C4FF0000C002F43EA0C0314BFBB
:107924004FF4403C4FF0000CD0F8002243EA0C0323
:1079340022EA030301B109780EB1367876001943BF
:107944000DB12D78AD0031430CB1247824022943C4
:107954000FB13F783F040C433C43C0F8004203B0EE
:10796400F0BD1FB50DF10F03019300238DF80F1027
:107974001A4619460093FFF7ABFF05B05DF804FB08
:1079840010B504460846FBF7E9F804EB4004A08A66
:10799400C0F3401010BD10B504460846FBF7DEF8EE
:1079A40004EB4004A08AC0F3400010BD10B50446A7
:1079B4000846FBF7D3F804EB4004A08A400B10BD43
:1079C40070B5044608461646FBF7C8F8083034F884
:1079D40010300D46DA0509D5C3F3432304EBC30283
:1079E4003146284654F8333052689847A3682BB17F
:1079F40031462846E268BDE87040184770BD10B5AE
:107A040004460846FBF7AAF800B204EB4000838A58
:107A1400DA051DD5C3F3432123F4F853838204F11B
:107A2400120204F1720032F8023F13F4807F03D093
:107A3400C3F3432399420BD08242F4D1002204EBD6
:107A4400C1035A6004F17800BDE81040FFF779BE25
:107A540010BDF0B504460020012705468446954232
:107A64000AD1D4F87C3133B10023C4F87C31D4F882
:107A74007C3140F00040F0BDEBB29B0003F5807612
:107A84009B0807FA03F3194208D054F806E0BEF144
:107A9400000F03D044F806C0A65918430135DEE7A9
:107AA40038B504460D46FFF76BFFB0B12046FFF72B
:107AB40072FF90B92046FFF779FF012322688340C3
:107AC400C2F80833236800B203EB8003D3F810250F
:107AD40022F00302C3F8102538BD2846BDE838401B
:107AE4000021FFF73EBF2DE9F0431746044685B059
:107AF4000846FBF733F8D7F800800E460546B8F180
:107B0400000F1FD02046FFF746FF18B12046FFF7AD
:107B140037FF30BB00230DF10F02CDE900338DF8A0
:107B24000E308DF80F30304643460DF10E01FFF74D
:107B3400CFFE2AB204EB4202938A23F0020343F0FD
:107B4400010393827B68002B34D03146204693F89E
:107B54000080D3F80490FFF71EFF28B1B9F1000F9D
:107B64001FD06FF0150028E028B204EB4000838A90
:107B740023F4604323F020038382B9F1000F10D073
:107B8400B8F1030FEDD87B6821685B6893F800C0F7
:107B940001EB8C01B8F1000F12D1C1F81085C1F8C6
:107BA40010852AB204EB4202938A23F01C0343EAB1
:107BB40088039382BB684BBB002005B0BDE8F0830B
:107BC400D1F8102522F00302C1F81025226802EB37
:107BD4008C03D3F8102522F44F3222F44072C3F8F8
:107BE40010253202D3F8101502F47C5242EA0842FE
:107BF4000A43C3F8102504EB4C03A3F87C60838A82
:107C040043EA4C3343F020038382CAE73146D3E985
:107C140000782046FFF7F3FE002FCDD063689F4223
:107C240006D004F17800FFF772FD002804DAC4E7F7
:107C3400A3689845F5D1002004EBC003C3E901789B
:107C44002DB204EB4505AB8AC0B243EA402343F4AA
:107C54008073AB82B0E72DE9F043054685B0084652
:107C640017461E46FAF77AFF0C46804637B3284675
:107C7400FFF791FE18B92846FFF782FE28BB0FFADA
:107C840088F905EB4909B9F8143013F01C0F02D038
:107C94007B78012B19D001238DF80F300023204667
:107CA400CDE900737A1CBB1C0DF10F01FFF710FE28
:107CB400B9F8143043F00303A9F81430002E41D06E
:107CC40021462846FFF767FE20B96FF0150005B07E
:107CD400BDE8F083002237782B684FEA870C03EB6A
:107CE4008703C3F81025C3F810250FFA88F205EBB3
:107CF4004202938A23F4604323F020039382707832
:107D040000B32968B6786144D1F81035000423F42F
:107D1400991323F4F853C1F81035230200F44030CA
:107D240003F47C5303433005D1F8105500F480105C
:107D340003432B43C1F81035938A43EA473343F096
:107D4400200393820020C2E7C0E90312704770B594
:107D540004461546FFF714FE48B10846FAF7FEFE3E
:107D640004EB40040020A38A5B0B2B7070BD6FF002
:107D74001500FBE790F88C00003818BF012070470D
:107D8400FAF714BF2DE9F34104461746FFF7F8FD4F
:107D94000D46266800B32046FFF7FDFD8046D8B99E
:107DA4002046FFF703FE05B2AD0005F5807246F8E4
:107DB40002802168B2582944D1F8102542F001020A
:107DC400C1F810252FB10122216802FA00F3C1F88D
:107DD400043302B0BDE8F081D6F804332846002B02
:107DE400A4BF4FF00043C6F80433FAF7B7FE04EB20
:107DF4004004A38AC3F38203042B11D0052B11D0B2
:107E040001A80195FAF798FE019B0169D94001F098
:107E140001010231284602B0BDE8F041FFF7A1BDDF
:107E24000321F7E70221F5E7FFF73ABE08B1F9F7B6
:107E340071BC704710B5436904463BB90020E26841
:107E44004042537843F00103537010BD9847002813
:107E5400F4D00028B8BF4042FF28A8BFFF20E36841
:107E64001870ECE740B1C368587810F001001EBFE9
:107E74001878B0FA80F040097047EFF3118320239B
:107E840083F31288BFF36F8FFEE708B5FFF7F5FFA2
:107E94004169826842EA010313F003030FD1C3600E
:107EA4000369013B03FB0122002B01DA0020704728
:107EB400C168013B11604169C260521AF4E76FF076
:107EC4001500704710B5C0E9043200238160836156
:107ED4000446FFF7DDFF0028A8BFC4E9004410BD35
:107EE4002DE9F04105460F46EFF31188202383F373
:107EF4001288BFF36F8FC668FEB90468A0421CD015
:107F0400DCB1D4E9003213605A60637BC4E90066D3
:107F140023F002036373A66004F1180000F0E0F894
:107F24002046C4F8AC60276100F06CF8414605F1C6
:107F34000800BDE8F041FBF721BC3E60AB69EF608F
:107F4400013BAB6188F31188BFF36F8FBDE8F0810B
:107F5400202408B5EFF3118384F31288BFF36F8FE5
:107F6400FFF75CF9F6E790F90E308B4201D0FBF78E
:107F740093BB0020704703460020C3E90033C3E9E4
:107F840002007047EFF30580003818BF01207047E6
:107F9400D0E9003213605A600023C0E9003370470F
:107FA40008B5FFF7F5FF437B23F002034373002377
:107FB400836008BD38B504460D46FBF7CBFA637BF6
:107FC40043F002036373E5B1A5602B689D4209D1B8
:107FD4006B68C4E900531C606C6012E06A689A42E2
:107FE400F6D01B68002BF3D094F90E2093F90E10F1
:107FF4008A42F3D09142F1DD5A68C4E90032146038
:108004005C6038BD10B5EFF31184202383F312882C
:10801400BFF36F8FFBF75CFA84F31188BFF36F8FA4
:1080240010BD014610B5EFF31184202383F31288A9
:10803400BFF36F8F437B13F0280F0AD183680BB112
:10804400FFF7AEFF4B7B084623F004034B73FBF7AB
:108054003FFA84F31188BFF36F8F10BD01211838E4
:10806400FFF7DFBF38B504460D46FBF741FCB5F119
:10807400FF3F08BFB4F1FF3F0246204618D000205E
:108084004FF47A7447F6FF730146C2FB0431B3F52B
:10809400004F71F100020BD36FF400429A4243F691
:1080A400FF728A4132BF6FF00040D80B40EA414072
:1080B40038BD08B50246FBF7C7FD70B1D0E90431FD
:1080C4009B1A61EBE272B3F1004F72F1000104DA22
:1080D400002AACBF1846002008BD6FF00040FBE743
:1080E400024638B5EFF31185202383F31288BFF3DA
:1080F4006F8F0368CBB1FBF7A7FD04461046FBF76F
:10810400B5FD00224FF000438442C0E9042306D1A8
:10811400FBF7A2FDFFF7CDFF0021FAF707FA0020D5
:1081240085F31188BFF36F8F38BD6FF01500F7E743
:1081340008B5FBF7A5FE08BD00BF002070470A4440
:10814400431E914200D1704710B511F8014B914282
:1081540003F8014FF9D110BD884210B501EB0204B8
:1081640002D98442234607D8431EA14208D011F8FD
:10817400012B03F8012FF8E7024401468A4200D19B
:1081840010BD13F8014D02F8014DF7E70244034610
:10819400934200D1704703F8011BF9E710B5013988
:1081A400044632B111F8013F013A00F8013B002BBB
:1081B400F7D10021FFF7EAFF204610BD0246014433
:1081C40010B58A42134603D01C780132002CF8D132
:1081D400181A10BDF0B5C3F13707044603F01F03A6
:1081E4001046FFB2082BE6B232D0102B3DD0650802
:1081F400A40845EAC17544EA81748A082D1942EB42
:108204005102290941EA02716D1842EB1212290A3E
:1082140041EA02616D1842EB1222290C41EA024143
:108224006D1842EB1242AD1842F10002EC0844EA28
:108234004274D10804EB8402A6EB4205EDB2092D89
:108244000CD90134A5F10A0541F10001EDB212E0A7
:10825400E40806F0070544EA4174C908303554EAD5
:10826400010200F8015BBDD1F0BD240906F00F0541
:1082740044EA01740909092D84BFED19EDB2EDE753
:0C8284000148006870470000980A0020C4
:08829000F87EFF7F01000000F1
:10829800111800000000000000000000F882000033
:1082A800F5300000000000000000000038830000E6
:1082B8000000000018830000F376000000000000B2
:1082C80000000000588300000000000078830000D0
:1082D8009D1B000000000000D123000000000000EA
:1082E800F915000000000000F7760000000000000B
:1082F8001F8F0000308700004486000054010020D2
:108308000C0B0020E1180000000000000000000035
:108318003A8F00005887000020860000580100208E
:10832800B00B0020391D0000000000000000000014
:10833800468F00006C870000208600005A0100204C
:10834800BC0B0020391D00000000000000000000E8
:108358002A8F00000000000050870000560100200E
:10836800000000000774000000000000000000008A
:108378005B8F000080870000608600005C010020A1
:10838800C80B0020DF750000D97500000000000050
:1083980000000000FB71000000000000FB710000FD
:1083A80000000000FB71000000000000FB710000ED
:1083B80000000000FB710000DD7700000977000075
:1083C80000000000FB71000000000000FB710000CD
:1083D800788300007975000000000000FB71000040
:1083E80000000000FB71000000000000FB710000AD
:1083F80000000000FB71000038000020FB74000042
:1084080000000000FB71000000000000FB7100008C
:1084180000000000FB71000000000000FB7100007C
:1084280000000000FB71000000000000FB7100006C
:1084380000000000FB710000000000006124000043
:1084480000000000FB71000000000000FB7100004C
:1084580000000000FB71000000000000FB7100003C
:1084680000000000FB71000000000000FB7100002C
:1084780000000000FB71000000000000FB7100001C
:1084880000000000FB71000000000000FB7100000C
:1084980000000000FB71000000000000FB710000FC
:1084A80000000000FB71000000000000FB710000EC
:1084B80000000000FB71000000000000FB710000DC
:1084C80000000000FB71000000000000FB710000CC
:1084D80000000000FB71000000000000FB710000BC
:1084E80000000000FB71000000000000FB710000AC
:1084F80000000000FB71000000000000FB7100009C
:1085080000000000FB71000000000000FB7100008B
:1085180000000000FB71000000000000FB7100007B
:1085280000000000FB71000000000000FB7100006B
:1085380000000000FB71000000000000FB7100005B
:1085480000000000FB71000000000000FB7100004B
:1085580000000000FB71000000000000FB7100003B
:1085680000000000FB71000000000000FB7100002B
:1085780000000000FB71000000000000FB7100001B
:1085880000000000FB71000000000000FB7100000B
:1085980000000000FB71000000000000FB710000FB
:1085A80000000000FB71000000000000FB710000EB
:0885B80000000000FB7100004F
:1085C00078020020081B002000040000FD040000C9
:1085D0000000000000000000000000000400000097
:1085E000000000000F8A0000008002000000000070
:1085F000C801002008170020000400001105000039
:108600000000000000000000000000000400000066
:1086100000000000048A000000800200000000004A
:10862000751D0000617400006D740000817400000D
:108630008B74000095740000ED1B0000A97400000D
:048640000000000036
:10864400451900005F730000C173000000000000C2
:0C865400FB7200000000000000000000AD
:0C86600033750000E120000025750000CB
:10866C00040000000F0000000100000008000000E2
:10867C002000000060000000700000000D000000F1
:10868C000C0000000E000000500000007400000000
:10869C00A8000000FFFFFFFFFFFFFFFFFFFFFFFF32
:0486AC00FFFFFFFFCE
:1086B0000338FDD87047000000000000DB710000A7
:1086C0002000002018000020100000200000000002
:1086D0000800002021090000F10700004508000003
:1086E000B9080000000000200000000006000100A2
:1086F00002000000F886000000000000088F000063
:1087000006000000E0FF0F0000000020108F0000B6
:1087100021000000E0FF062091170000D972000040
:10872000000000009D1800006D180000000000000F
:10873000F91900007919000003740000FF730000AC
:10874000E7730000F3730000E1730000ED730000B5
:108750001D74000000000000FFFF0000002884508E
:10876000380000200000000001000000FFFFFFFFB4
:1087700000258450380000200000000000000000A8
:10878000008000500100000000000000A4870000ED
:108790000000D601000000000000000004170020C7
:1087A0000317002000800050B08700000200000086
:1087B000D087000004000000C08700000401000012
:1087C0001480000016800001138000021580000351
:1087D0001400000013000002160600011506000335
:1087E0000800000003000000080000000300000073
:1087F0009882000098820000E0820000E882000079
:10880000F8820000F8820000FF8FFFFFFF8FFFFF5C
:10881000FE8FFFFFFE8FFFFFFD8FFFFFFC8FFFFF2F
:10882000FC8FFFFFFB8FFFFF6D757465785F6672CD
:1088300065652063616C6C65642077697468204E9F
:10884000554C4C20706172616D657465720000005A
:1088500043616E277420696E697469616C697A6519
:10886000206D757465782C20776173204E554C4CC3
:108870000D0A00004661696C20746F206163717598
:10888000697265206D757465780A00004661696CCF
:1088900020746F20696E63726561736520504D208E
:1088A000636F756E7465720A000000004661696C42
:1088B00020746F20646563726561736520504D207C
:1088C000636F756E7465720A000000004661696C22
:1088D00020746F2072656C65617365206D757465B9
:1088E000780A0000436F756C64206E6F74206C6FA3
:1088F000636B20706F7765722073617665206D758C
:10890000746578004661696C20746F20756E6C6FB9
:10891000636B206D757465780A00000063747820BD
:1089200063616E6E6F74206265204E554C4C000082
:108930000A637478206973204E554C4C0A0000007D
:1089400067E6096A85AE67BB72F36E3C3AF54FA5E0
:108950007F520E518C68059BABD9831F19CDE05B0C
:10896000D89E05C107D57C3617DD703039590EF712
:10897000310BC0FF11155868A78FF964A44FFABED8
:108980000123456789ABCDEFFEDCBA9876543210EF
:10899000F0E1D2C35261636520636F6E64697469EC
:1089A0006F6E2068617070656E64210A00496E63A5
:1089B00072656D656E745F636F756E7420282564D3
:1089C00029202B2044656372656D656E745F636F4B
:1089D000756E742028256429203D202564200A0016
:1089E00054687265616420302073746172746564C8
:1089F0000A00546872656164203120737461727476
:108A000065640A00746872656164315F696400744A
:108A10006872656164305F6964002A2A2A20426FA7
:108A20006F74696E67206E524620436F6E6E656389
:108A3000742053444B2076332E322E332D36663835
:108A4000343835643238393064202A2A2A0A002A18
:108A50002A2A205573696E67205A657068797220DA
:108A60004F532076342E322E39392D633463373507
:108A700066373165373039202A2A2A0A006D757425
:108A800065785F696E69742063616C6C65642077DA
:108A9000697468204E554C4C20706172616D65742C
:108AA000657200436F756C64206E6F7420616C6C2E
:108AB0006F63617465206D75746578206265666F9B
:108AC000726520696E697469616C697A696E6700A4
:108AD00072302F61313A20203078253038782020CC
:108AE00072312F61323A20203078253038782020BA
:108AF00072322F61333A20203078253038780A00DE
:108B000072332F61343A2020307825303878207243
:108B100031322F69703A2020307825303878207231
:108B200031342F6C723A20203078253038780A00A2
:108B300020787073723A20203078253038780A0017
:108B40004661756C74696E6720696E7374727563C3
:108B500074696F6E2061646472657373202872316A
:108B6000352F7063293A203078253038780A00553F
:108B70006E68616E646C6564204952516E3A2025BE
:108B8000640A002A2A2A2A2A2055534147452046AA
:108B900041554C54202A2A2A2A2A0A0020204469B6
:108BA000766973696F6E206279207A65726F0A0048
:108BB0002020556E616C69676E6564206D656D6F10
:108BC0007279206163636573730A002020537461B6
:108BD000636B206F766572666C6F772028636F6EAB
:108BE000746578742061726561206E6F742076619F
:108BF0006C6964290A0020204E6F20636F70726FC9
:108C0000636573736F7220696E73747275637469D0
:108C10006F6E730A002020496C6C6567616C206C74
:108C20006F6164206F66204558435F52455455522A
:108C30004E20696E746F2050430A002020496C6CEE
:108C40006567616C20757365206F662074686520A8
:108C5000455053520A002020417474656D70742091
:108C6000746F206578656375746520756E646566DC
:108C7000696E656420696E737472756374696F6E72
:108C80000A002A2A2A2A2A20425553204641554CB6
:108C900054202A2A2A2A2A0A002020537461636B4E
:108CA000696E67206572726F720A002020556E73BC
:108CB0007461636B696E67206572726F720A00205F
:108CC0002050726563697365206461746120627508
:108CD00073206572726F720A002020424641522052
:108CE000416464726573733A20307825780A0020F5
:108CF00020496D70726563697365206461746120D9
:108D0000627573206572726F720A002020496E735B
:108D10007472756374696F6E206275732065727208
:108D20006F720A002020466C6F6174696E672D7047
:108D30006F696E74206C617A792073746174652038
:108D4000707265736572766174696F6E2065727298
:108D50006F720A002A2A2A2A2A204D50552046419D
:108D6000554C54202A2A2A2A2A0A002020537461AA
:108D7000636B696E67206572726F722028636F6E15
:108D8000746578742061726561206D69676874200C
:108D90006265206E6F742076616C6964290A002018
:108DA0002044617461204163636573732056696F69
:108DB0006C6174696F6E0A0020204D4D464152204F
:108DC000416464726573733A20307825780A002014
:108DD00020496E737472756374696F6E20416363AA
:108DE0006573732056696F6C6174696F6E0A005207
:108DF0006573657276656420457863657074696F24
:108E00006E20280053707572696F757320696E74D7
:108E10006572727570742028495251200053505366
:108E2000454C20696E20746872656164206D6F64C2
:108E30006520646F6573206E6F7420696E6469636A
:108E4000617465205053500A002A2A2A2A2A204891
:108E5000415244204641554C54202A2A2A2A2A0AA3
:108E6000002020427573206661756C74206F6E203F
:108E7000766563746F72207461626C6520726561DF
:108E8000640A0020204465627567206576656E740B
:108E90000A0020204661756C7420657363616C6103
:108EA00074696F6E20287365652062656C6F772921
:108EB0000A00415243485F45584345505420776962
:108EC000746820726561736F6E2025780A0A002A23
:108ED0002A2A2A2A204465627567206D6F6E69749C
:108EE0006F7220657863657074696F6E202A2A2A14
:108EF0002A2A0A002A2A2A2A2A20257320256429B8
:108F0000202A2A2A2A2A0A00464C4153485F300068
:108F10005352414D5F30000000000121200B0A63D5
:108F20006C6F636B40353030300063727970746FF2
:108F3000403530383434303030006770696F403835
:108F40003432383030006770696F40383432353031
:108F5000300000010203040506070B7561727440BE
:108F60003830303000000000010101000001000035
:108F70000000203030303030303030303030303061
:108F800030000169646C65006D61696E00286E7562
:0C8F90006C6C29002A666C6F61742A006A
:108F9C00280000000D700000740100203A00000051
:108FAC00880100203A000000600100203A00000017
:108FBC009C0100203A00000000000000CF7200006D
:108FCC00000000000000000000D000500000000075
:108FDC000000000000000000000000000000000085
:108FEC000000000000000000000000000000000075
:108FFC000000000000000000000000000000000065
:10900C000000000000000000000000000000000054
:10901C000000000000000000000000000000000044
:10902C000000000000000000000000000000000034
:10903C000000000000000000000000000000000024
:10904C000000000000000000000000000000000014
:10905C0000000000000000000090D003FF000000A2
:10906C00FF0000000400000048010000DC000020AC
:10907C00DC00002000000000F93E00002801002068
:10908C002001002018010020000000001001002029
:10909C00C94000001540000049400000914000000C
:1090AC00000E00203A00003A040E00203A00003A6C
:1090BC00080E00203A00003A0C0E00203A00003A4C
:1090CC00541300203C010020FC000020F400002080
:1090DC00F0000020EC000020694E00005D4E000006
:0490EC00514E0000E1
:0C90F00000000000000000000000000074
:1090FC006001002060010020000000000000000062
:10910C000E0000007401002074010020000000001B
:10911C00000000000E0000008801002088010020E3
:10912C0000000000000000000E0000009C01002068
:10913C009C01002000000000000000000E00000058
:10914C00B0010020B0010020000000000000000071
:04915C000E00000001
:0491600015E015E021
:0400000300000EE902
:00000001FF
