:1000000038300020890E00008D710000750E000050
:10001000750E0000750E0000750E0000750E0000D4
:10002000000000000000000000000000F50F0000CC
:10003000750E0000000000008D0F0000750E00001E
:1000400061110000611100006111000061110000E8
:1000500061110000611100006111000061110000D8
:1000600061110000611100006111000061110000C8
:1000700061110000611100006111000061110000B8
:1000800061110000611100006111000061110000A8
:100090006111000061110000611100006111000098
:1000A0006111000061110000611100006111000088
:1000B0006111000061110000611100006111000078
:1000C0006111000061110000611100006111000068
:1000D0006111000061110000611100006111000058
:1000E0006111000061110000611100006111000048
:1000F0006111000061110000611100006111000038
:100100006111000061110000611100006111000027
:100110006111000061110000611100006111000017
:100120006111000061110000611100006111000007
:1001300061110000611100006111000061110000F7
:1001400061110000611100006111000061110000E7
:100150006111000053B94AB9002908BF00281CBF2B
:100160004FF0FF314FF0FF3000F00CB8ADF1080C4C
:100170006DE904CE00F008F8DDF804E0DDE90223C3
:1001800004B07047704700BF2DE9F04786468C46A3
:100190000846089E154674461946002B40F0C1805B
:1001A0008542B2FA82F245D94AB1C2F1200300FA7F
:1001B00002FC954094402EFA03F343EA0C0C4FEAFC
:1001C000154EA8B2230CBCFBFEF80EFB18CC08FBA6
:1001D00000F943EA0C43994528D9EB1808F1FF3799
:1001E00004D2994502D9A8F102072B44A3EB0903D5
:1001F000A4B2B3FBFEFC0EFB1C330CFB00F044EA84
:100200000344A04214D92C190CF1FF3304D2A042AC
:1002100002D9ACF102032C44241A43EA07401EB170
:10022000D440002334607360BDE8F0874746DDE7C3
:100230006346F1E792BB431B01214FEA154EAFB273
:10024000200CB3FBFEFC0EFB1C330CFB07F840EA52
:100250000343984561D9EB180CF1FF3004D298455F
:1002600002D9ACF102002B44A3EB0803A4B2B3FB08
:10027000FEFC0EFB1C330CFB07F744EA0344A742C9
:100280004DD92C190CF1FF3304D2A74202D9ACF19D
:1002900002032C44E41B43EA0040C0E7C2F1200300
:1002A0009540944020FA03F12EFA03F34FEA154EDD
:1002B0009040AFB20343B1FBFEFC0EFB1C10190CC7
:1002C0000CFB07F841EA0041884522D969180CF176
:1002D000FF3004D2884502D9ACF102002944A1EBD9
:1002E00008019BB2B1FBFEFC0EFB1C110CFB07F7D7
:1002F00043EA01439F420ED9EB180CF1FF3104D2BF
:100300009F4202D9ACF102012B44DB1B41EA0041C0
:1003100093E76046E3E76146F7E76046A4E7634694
:10032000B8E7834206D916B9002108467CE7C6E93A
:1003300000E0F9E7B3FA83F78FB9834201D372453E
:1003400008D8BEEB020460EB030301209C461EB9F3
:10035000002169E73846FAE7C6E9004CF8E7C7F13B
:10036000200CBB400EFA07F522FA0CF42EFA0CF121
:10037000BA401C4320FA0CF3B8404FEA1449014339
:100380001FFA84FEB3FBF9F809FB18300B0C08FBCD
:100390000EFA43EA00439A4540D9E31808F1FF30CA
:1003A00004D29A4502D9A8F102002344A3EB0A0320
:1003B00089B2B3FBF9F809FB183308FB0EFE41EADA
:1003C00003418E452CD9611808F1FF3304D28E45C4
:1003D00002D9A8F10203214443EA0040A1EB0E0137
:1003E000A0FB02984145CE46434602D306D14D4577
:1003F00004D20138B9EB020E68EB0403002EA7D03B
:10040000B5EB0E0261EB030101FA0CFC22FA07F3D3
:10041000F9404CEA0303C6E9003199E74046C5E7D5
:100420004346D9E710B5074C4FF0FF324FF0FF338A
:10043000204602F06BFF0448A168BDE8104006F0BA
:10044000B7BD00BFA80100203489000007B50948E6
:1004500006F0AEFD0A24FFF7E5FF04210DEB0100D5
:1004600001F0B4F9019BB3FBF4F004FB103006F08B
:10047000ACFCF0E76689000010B5054C204602F0A0
:1004800011FF0448A168BDE8104006F091BD00BF0F
:10049000A80100207F89000007B5094806F088FD03
:1004A0000A24FFF7E9FF04210DEB010001F08EF9AA
:1004B000019BB3FBF4F004FB103006F086FCF0E780
:1004C000B1890000014B1B68184700BF00000020E5
:1004D000014B1860704700BF0000002030B585B0A8
:1004E00004460D4610220021684607F021FE022333
:1004F0008DF80230044B2A4621466846019306F0E7
:1005000009FA05B030BD00BFC504000080B505463E
:100510000E461746984603F01DFA034607F082FE82
:100520000446DFF81890424649F800303946304614
:10053000A84754F8090000F013FD00BF08000000B0
:100540002DE9F047058B04462807904611D402296F
:1005500005F0070540F0CC80204606F036FD78B166
:100560000138218B042811D8DFE800F0C2106D8516
:10057000950001290CBF45F0100545F020052583A5
:1005800088F31188BFF36F8FBDE8F08701F0070A89
:10059000AA4500F0A5800027B9463E46A368002B77
:1005A00000F0BC8041F00801218388F31188BFF37B
:1005B0006F8FA168002900F0BA800D68002900F053
:1005C000B680334652462046D1F80480C047002DFD
:1005D00076D02B6829461D46F0E701F007035A1F25
:1005E000012A1BD8002221F00701062B276889B2B7
:1005F000C4E9002209D13B4603E0628B01326283E9
:100600001B68002BF9D141F002012046218306F03E
:10061000DCFC00287AD041F0200176E0042B0AD1DE
:1006200021F0070189B22046218306F0CEFC10B1EB
:1006300041F020012183218B01F0070AAA454FD008
:100640000027B946AAE7236921F0070141F0060116
:10065000062DD3F8009021832DD1B9F1000F3FD0A2
:1006600041F00801218388F31188BFF36F8F204682
:100670003949C84729E021F00701236941F0040105
:1006800089B2042DD3F804902183E6D000274FF0DF
:10069000040A3E4682E721F00701236941F0050183
:1006A00089B2052DD3F808902183D6D000274FF0CA
:1006B000050A3E4672E700274FF0060A3E466DE700
:1006C0002B4687E7B9F1000FD1D1EFF31188202332
:1006D00083F31288BFF36F8F238B23F008032383E8
:1006E000258BEA062ED525F01003238305F0070598
:1006F0006669218B002EBFF670AF00232768C4E91E
:10070000003321F0070141F001012183218B4FF0DB
:10071000000901F0070AAA457FF440AF002F9CD0E2
:1007200041F00801218388F31188BFF36F8F002FF8
:10073000C8D03D68394633465246204606F071FC23
:100740002F46F4E7AB067FF51BAF25F0200323838C
:1007500005F0070500E700BF4F700000014B036084
:10076000002070475886000008B5044806F020FCB9
:10077000BDE80840024806F01BBC00BFE28900004B
:10078000178A0000014803F0BBBB00BF5886000079
:1007900038B5044618B90F4B0F485B689847616835
:1007A000B1F5683F10D0B1F5680F0DD00B4DA942DF
:1007B0000AD011F46861206807D00146084807F0A4
:1007C00061FB00232360656038BD142207F0B0FC94
:1007D000F9E700BFDC000020458A00002C5F5CA91F
:1007E000680A002008B560B34368B3F5683F0ED0CF
:1007F000B3F5680F18D0144A934220D000684FF028
:10080000FF324FF0FF3302F085FC58B115E00122B2
:100810000368D3E8EF1F002903D1C3E8E02F0028C5
:10082000F7D10AD1002008BD0368084A1B7803F5F8
:10083000807352F82330002BF4D00548F3E70548C5
:10084000F1E76FF4E040EEE72C5F5CA90000035095
:10085000E98FFFFFEA8FFFFF08B520B34368B3F5C8
:10086000683F09D0B3F5680F13D0114A93421DD0E9
:10087000006802F0C7FC14E000220368D3E8EF1F11
:10088000012903D1C3E8E02F0028F7D109D0094896
:1008900008BD00210368084A1B7803F5807342F8FD
:1008A00023100020F4E76FF4E040F1E70348EFE79E
:1008B0002C5F5CA9E98FFFFF00000350EA8FFFFF68
:1008C00010B5044618B91D4B1D485B68984763680E
:1008D000B3F5683F2FD0B3F5680F2CD0194A934277
:1008E00019D1236803BB4FF0FF324FF0FF3321468D
:1008F000154802F0E1FB08B923681BB90F4B1348F8
:100900005B68984714220021206807F011FC4FF41F
:100910006863636008E0B3F5683F0DD83A2B03D0F5
:1009200040F6BA629342DED1206807F0F6FA6368B7
:1009300043F03A03636010BD054AF3E7DC00002092
:10094000458A00002C5F5CA9680A00206B8A0000C1
:100950003A00003A08B5064940231422054807F03A
:1009600083FABDE808400449044803F08DBB00BF8A
:1009700068050020680A0020608600007486000078
:1009800008B50348034A0021121A06F0F7FB08BD18
:10099000B8010020F8160020074808B5074A0849A2
:1009A000121A06F0EDFBBDE808400648064A074962
:1009B000121A06F0E5BB00BF00000020B8010020BD
:1009C000648F00000000002000000020648F000001
:1009D00038B505460C4699B1D1E901230F4809689D
:1009E00006F0E6FAD4E90423E1680D4806F0E0FADF
:1009F000E1690C4806F0DCFAA1690B4806F0D8FA68
:100A0000012D05D1EFF305810848103906F0D0FA21
:100A100021462846BDE8384002F00ABA988A00000C
:100A2000C88A0000F88A0000088B0000378B00009D
:100A300030BFFFF7FDBF00BF2DE9F04105460B4E6B
:100A4000DFF82C80324606EB0807CC1B204609490C
:100A500007F047FBA01942460021083C07F068FB5D
:100A6000C5F8A44007F10800BDE8F08100000000CF
:100A70000400000050860000054B5A699B689A42AA
:100A80001FBF044A536843F080535360704700BF50
:100A9000F80B002000ED00E010B5204C204806F0D7
:100AA00087FAA36A990137D51E4806F081FA1E20FD
:100AB000A36ADA0103D51C4806F07AFA1F20174C06
:100AC000A36ADB0203D5194806F072FA0220A36A72
:100AD0001C0303D5164806F06BFA21200F4CA36ABD
:100AE000590303D5134806F063FA2220A36A9A0338
:100AF00003D5114806F05CFA2320084CA36ADB03F7
:100B000003D50E4806F054FA2420A36A6FEA034383
:100B10006FEA1343A36210BD1D20C9E700ED00E09A
:100B20004B8B0000648B0000788B0000938B0000DF
:100B3000BE8B0000DD8B0000038C00001E8C0000CB
:100B400070B5244C064624480D4606F031FAA36AD7
:100B5000D90435D5214806F02BFA1720A36A1A05C7
:100B600003D51F4806F024FA18201A4CA36A9B05E7
:100B70000FD51C4806F01CFAA16BA36A180407D510
:100B8000194806F015FA1EB1A36A23F40043A362C4
:100B90001920104CA36A590503D5144806F008FA29
:100BA0001A20A36ADA050DD5114806F001FA1B20B8
:100BB000084A936A43F47F43936200232B7070BD0D
:100BC0001620CBE7A36A9B04F2D50A4806F0F0F999
:100BD0001C20EDE700ED00E04A8C0000618C000075
:100BE000738C0000878C0000A18C0000B78C000083
:100BF000D38C0000EC8C000070B5264C06462648CD
:100C00000D4606F0D5F9A36AD80640D5234806F06C
:100C1000CFF91120A36A190703D5214806F0C8F9B6
:100C200012201C4CA36A9A070FD51E4806F0C0F983
:100C3000616BA36A1B0607D51B4806F0B9F91EB104
:100C4000A36A23F08003A3621320124CA36ADE0779
:100C500003D5164806F0ACF91420A36A9C0603D508
:100C6000134806F0A5F915200A4B9A6AD10658BF19
:100C70009A6A9A6A920642BF5A6A22F400525A62EB
:100C80009A6A42F0FF029A6200232B7070BD102016
:100C9000C0E700BF00ED00E01C8D0000338D0000B8
:100CA000738C0000678D0000808D0000978D000020
:100CB000EC8C00002DE9F0415B4B04465F68002599
:100CC0008AB0C7F3080685F31188BFF36F8F02F06F
:100CD0007F43B3F17F4F06D102F00C03082B13D1F1
:100CE000524806F065F900252C464FF00008F31E27
:100CF0008DF80780092B00F28580DFE803F00A7980
:100D00007D7583838383838110074CBF0C46012547
:100D1000EBE74748444E06F04BF98DF80780F36A3D
:100D20009A0704D5434806F043F900232FE0F36AFD
:100D3000002B01DA4048F6E7F36A5B00F5D53F483F
:100D400006F036F97369A26943F480737361BFF3E7
:100D50004F8FBFF36F8F736932F8022C23F48073C7
:100D60007361BFF34F8FBFF36F8F4DF602739A42DB
:100D700008D0B36ADBB24BB301200DF10701FFF7D6
:100D80003BFF33E021682E4806F012F923689DF8F6
:100D90000720C2B902AE04F120073246206861681C
:100DA000083403C2BC421646F7D1099AB5B3C2F360
:100DB000080121B96FEA52226FEA422209921846CD
:100DC00002A9FFF705FE0AB0BDE8F081B36A13F48B
:100DD0007F4F05D001200DF10701FFF7B1FE05E0BF
:100DE000B36AB3F5803FA0D3FFF756FE0346CEE7C4
:100DF00000200DF10701C2E700200DF10701ECE72B
:100E0000104890E7104B17F4F87F1049104818BFAE
:100E10001946A6F1100206F0CBF886E722F4FF721D
:100E200022F00102CAE700BF00ED00E0E58D0000FE
:100E3000118E0000298E00004B8E00005A8E00009B
:100E40007A8E0000978E0000CC8D0000B78D0000D8
:100E5000BC8E0000064B5A6942F010025A615A6972
:100E600042F480625A615A6922F008025A6170475E
:100E700000ED00E0EFF30880EFF3098101B5724661
:100E8000FFF718FF01BD00BF002080F31488BFF3F7
:100E90006F8F002080F30A8880F30B88104880F35E
:100EA000088800200F49087001F05CFB00200E4903
:100EB0000860BFF34F8F00F02DF8202080F31188D9
:100EC0000A484FF40061401880F30988EFF314805A
:100ED0000221084380F31488BFF36F8F00F0DCF821
:100EE00038300020F516002094ED00E0F81E0020B8
:100EF000002318460649D1F89020C2F307229342F6
:100F000000DB7047C1F89830C1F8A0000133F6E764
:100F100000ED00E010B572B6002484F31388FFF7EB
:100F2000E7FF23464FF0FF300C4A03F12001013365
:100F3000102B42F82100F8D100234FF0FF30074A70
:100F400003F160010133102B42F82100F8D162B6A1
:100F5000BFF34F8FBFF36F8F10BD00BF00E100E004
:100F6000084B9B6883420BD1EFF3058343B1064BDB
:100F70005A6842F080525A605A6A22F400425A6219
:100F800002F0EEBCF80B002000ED00E016498A6884
:100F90004FF030001044EFF3098C80E8F01F202060
:100FA00080F31288BFF36F8F104F4FF000664A69CD
:100FB0008A603E60D2F8A4000D4C2060D2F8A800F0
:100FC0000023C2F8A83080F3118802F1300090E8C5
:100FD000F01F8CF3098802F1000004B506F0E1F877
:100FE000BDE8044070470000F80B002004ED00E06D
:100FF000840A00201EF0040F0CBFEFF30880EFF30B
:101000000980816911F8021C0229FFD001B57246DE
:1010100006F0B8F801BD00BF40B2002807DB01238D
:101020004109034A00F01F00834042F82130704715
:1010300000E100E0054B420953F82220012300F0B3
:101040001F0003FA00F01040704700BF00E100E00D
:1010500040B2002801F10101ACBF00F16040064B35
:101060004FEA4111C9B2ABBF00F5614000F00F007B
:1010700080F800131954704714ED00E0044B054A42
:1010800023F07F039360BFF34F8FBFF36F8F7047E1
:101090000000000000ED00E008B5FFF7EFFF074A91
:1010A000D2F8883023F47003C2F88830FFF768FC68
:1010B000FFF772FC00F048F801F084FF00ED00E05B
:1010C00042F8203C009B0B4942F81C3C019B21F05C
:1010D000010142F8183C029B42F8081C42F8143CFB
:1010E0004FF0807342F8043C0023203A0265C0F8B8
:1010F000A83070470D05000000B50E4B15469860EE
:10110000D0F8A4200C4B0E461A60D0F8943083F32C
:101110000B882C4686F309880020044B984720460C
:10112000002100220023024C20470000B371000080
:101130000D050000F80B0020840A00201022014B4E
:101140001A61704700ED00E0002320210348C21817
:101150000133452B82F80013F9D1704700E100E01C
:1011600008B5EFF30583064A103B02EBC30152F8C2
:10117000330049688847BDE80840FFF77DBC00BFE1
:10118000388300001FB5094C094A2346012109484C
:1011900000F0FAF800230393074B0121E41A01A899
:1011A0000193029400F0FAF804B010BD000007208B
:1011B0000000002084860000B801002010B50C7AE1
:1011C0000B6804F01F0223F01F031A43CB68640965
:1011D00023F01F03054943EA440343F00103C1F828
:1011E0009800C1F89C20C1F8A03010BD00ED00E0CF
:1011F00010B5074BD3F89030C3F30723013B984257
:1012000002D8FFF7DBFF10BD6FF01500FBE700BF52
:1012100000ED00E02DE9F04F0F46144606464FF072
:1012200000084D4D85B0B84580F29280D6F8049004
:10123000B9F1000F36D0B9F11F0F40F2878019F0D5
:101240001F0F40F08380D6F800A01AF01F0F7DD149
:10125000504605F0EAFF834609EB0A00013805F025
:10126000E4FF834572D11BF1160F6FD05C456DDD35
:10127000C5F898B0D5F89C10C5F898B0D5F8A0304E
:1012800021F01F0143F01F0AD6E900321A449942A7
:1012900002F1FF391ED1CA4508D131465FFA8BF001
:1012A00005F0CCFF08F101080C36BCE73146C5F863
:1012B00098B0D5F89C3022F01F0203F01F031343AF
:1012C000C5F89C30E0B205F0B9FF10F1160F3DD023
:1012D000441CE7E7C5F898B0D5F8A020013B23F0FF
:1012E0001F0302F01F021343CA453146E0B2C5F89E
:1012F000A030E8D005F0A2FF10F1160F26D0C5F8F7
:1013000098B0D5F89C209DF808300AF1FF3A62F3B6
:1013100004038DF80830D5F8A0309DF808205B084C
:1013200063F347128DF80820D6E900321344009386
:1013300023F01F035344A3EB0903013023F01F03E1
:101340006946C0B20393FFF753FFBEE76FF0150481
:10135000204605B0BDE8F08F00ED00E00522044B0B
:10136000C3F89420BFF34F8FBFF36F8F704700BF58
:1013700000ED00E0BFF35F8F0022024BC3F8942022
:10138000704700BF00ED00E010B5034C2278FFF776
:1013900041FF207010BD00BFF01600202DE9F74F6F
:1013A000294D8A4606464FF00008AB46274FD045E8
:1013B0001BDAD6F80490B9F1000F3FD03168084627
:1013C000019105F032FF0199044609EB0100013853
:1013D00005F02BFF84424FF014021D4B08D002FB96
:1013E00008F36FF015024BF8032003B0BDE8F08F4F
:1013F00014F1160F2C60F8D01978A142F5DD02FB2C
:1014000008B0C7F89840C7F89840D7F89C4000F15A
:101410000801007B64F304000871D7F8A0000C7980
:10142000400860F347140C71D7F89C1021F01F019D
:101430006960D7F8A01021F01F01296108F10108A7
:1014400014350C36B3E700BF880A002000ED00E039
:10145000F0160020F0B54149414CD1F89030256894
:10146000C3F307239D4287B075D80020FFF782FFA2
:101470003C4BC1F8C030854216D13B4C01A82570C9
:10148000FFF76CF900250646384FAE4213D1002015
:1014900023783249D1F89020C2F30722934254DBDB
:1014A000FFF75CFF00202FE0616801EB0011FFF700
:1014B00085FE0130DFE70199280101EB0513DA68A9
:1014C0003A40B2F5001F21D0B2F5800F2BD0B2F513
:1014D000801F38D15A689B680958013B22F01F00D1
:1014E00003440120844623F01F0340EA4C10CDE959
:1014F00002218DF8100002A920780593FFF778FEED
:1015000000281DDA6FF0150007B0F0BD5A689B681F
:101510000958013B22F01F0003444FF0020C012048
:1015200023F01F03E1E75A689B680958013B22F04A
:101530001F0003444FF0000C062023F01F03D4E7E4
:1015400023780133237001359FE7C1F89830C1F843
:10155000A00001339EE74FF0FF30D5E700ED00E03B
:1015600090860000AAFF4400F01600200000F0FF63
:1015700008B5024B1B689847002008BD9C0A002054
:10158000034B044A1860937843F00203937070474A
:101590009C0A00202400002008B50649064821F0D6
:1015A0000701C1F1005202F5E02205F0A7FC00207E
:1015B00008BD00BF3F300020A00A0020054B03EB10
:1015C0008000D0F8003223F0E04343F04053C0F8ED
:1015D0000032704700258450052370B5144D154E18
:1015E0002C780134B4FBF3F303EB8303E41A06F025
:1015F0004CF8114A137823B156F82430C01A072842
:1016000014D94FF05023D3F8141141B10021C3F87D
:101610001411D3F814312C700CB9012313702C78E9
:1016200006F033F846F82400012070BD0020FCE7E6
:10163000F2160020AC0A0020F1160020012208B5A5
:101640000B4B0C49C3F8002502230020C1F8D0360B
:10165000FFF7B4FF1046FFF7B1FFC1F80427C1F848
:101660000429C1F8002BBDE8084000F099B800BF7C
:10167000001000500040005007B54FF480620B4B43
:101680000B49C3F8B8254FF400620A48C3F83C255B
:101690000DF1070206F040F8002803DB9DF8070073
:1016A00001F056F803B05DF804FB00BF00A0025043
:1016B0002CA0025028A1025048B1054B054A1B68D6
:1016C000B3FBF2F35843044B43F001031847704750
:1016D000C400002040420F0050860000002170B579
:1016E000104C114D114E000714F8013B03F01F027E
:1016F0005B090FD0012B0FD1334603EB8203D3F8E4
:101700000022013122F0E04202430429C3F8002202
:10171000EAD170BD2B46F0E70023803253F8223027
:10172000FFDE00BFE38E00000025845000288450B7
:101730002DE9F041064601200D46FFF7CFFF4FF49B
:101740007F03D3F83021D3F83431072A20D1023B6C
:10175000032B02D8114AD35CD3B14FF050244FF081
:10176000010800270520C4F81886C4F8147605F08F
:101770009EFF4046C4F8148605F099FFC4F814761D
:10178000C4F8187630462B46BDE8F04100211847D2
:101790004FF050230022C3F81426F3E7DF8E000039
:1017A0000149024805F060BCB8860000C00A00206C
:1017B00008B54FF0FF323F230348C0E9002300F093
:1017C000B3FF002008BD00BFDC0A0020F7B50646C5
:1017D0000D460D488AB2836831461B689847002839
:1017E00010DA00240CE02F1B042F28BF042705F07B
:1017F0004CFF3A46019001A9301906F072FC3C44B6
:10180000A542F0D803B0F0BDF8820000084B70B5D7
:10181000C31A0D4607499B10044659434022064807
:1018200005F044FD2B4601462046BDE870401847B0
:10183000F80A0020B76DDBB698820000402373B52C
:101840000B4C0093041B0B460D460A49A410614340
:101850000646094A094805F055FD011E05DA3046DD
:101860002B4602B0BDE87040184702B070BD00BF03
:10187000F80A0020B76DDBB66F7300009882000095
:101880002DE9F0470022012107460520FFF7E0FB84
:10189000124800F07DFF0446D0B900F0ADFF2546A8
:1018A0004FF01C0A4FF00C08DFF834903E694946AF
:1018B0000AFB056005F0D8FB031E0CDB012308FBC7
:1018C00005661D44042DB367F0D12046BDE8F087BE
:1018D0006FF00404F9E71C46F7E700BF111A000097
:1018E000C48600001FB500220123CDE902236B4608
:1018F000084ACDF800D0CDF804D005F031FD00281D
:1019000005DB4FF480420023684601F0FFFC05B080
:101910005DF804FB9973000010B5EFF311842023E8
:1019200083F31288BFF36F8F074A136823F0020115
:10193000DB07116002D4012005F011FF84F3118848
:10194000BFF36F8F10BD00BF980B00200C22104B0F
:10195000014602FB0033002030B4D3E91C52186763
:10196000EFF31180202484F31288BFF36F8F9C6FF4
:1019700004F0C00444F002049C6780F31188BFF3B4
:101980006F8F1DB12B4630BC0248184730BC7047E2
:10199000F80A00209882000010B4EFF3118220238F
:1019A00083F31288BFF36F8F1748016841F0020478
:1019B0000460C80707D482F31188BFF36F8F01203A
:1019C00010BC05F0BDBE4FF05021D1F80C04D1F889
:1019D0000C14C907EFD5EFF3118083F31288BFF31E
:1019E0006F8F0A498B6F03F0C00343F002038B67CC
:1019F00080F31188BFF36F8F82F31188BFF36F8F6D
:101A0000002010BCFFF7A2BF980B0020F80A0020AE
:101A1000092813D8DFE800F0051012121212121272
:101A20000E0C074B986F10F0070007D1FFF78EBF21
:101A30000220FBE70320F9E70120F7E7704700BF2A
:101A4000F80A00202DE9F041012207463649D1E885
:101A5000EF3FC1E8E02F0028F9D133B933493448CA
:101A60004B60CB608A6005F012FB7B1E012B2BD8EC
:101A7000012F07D14FF05023D3F81C3403F0030398
:101A8000022B21D006F050FA0546F8B9294B1B78F5
:101A9000E3B14FF0502302220646C3F808234FF06B
:101AA0005024DFF89480D4F81824D4F81834D203E2
:101AB00015D503F00303022B01D0012F0FD16DB315
:101AC00086F31188BFF36F8FBDE8F081EFF31186C5
:101AD000202383F31288BFF36F8F0125DFE7C5B1A1
:101AE000304605F086FBD4F81835DBB2012BDAD18D
:101AF000D4F80421002AD6D00022C4F80421D4F856
:101B000004210222C4F818252022C8F88021A360ED
:101B1000C9E70021212006F077FAE4E74FF05023CF
:101B20000222C3F80423CFE7F40A0020E40A0020CD
:101B3000140B0020F516002000E100E008B507486E
:101B400006F062F938B10648FFF71AFD0448FEF7BF
:101B5000BFFC002008BD6FF01200FBE718830000F7
:101B6000651B00000A2838B50446074D04D1AB6850
:101B70000D2128465B689847AB6803485B68E1B273
:101B80009847204638BD00BF18830000F0B545686F
:101B90001646A8682A7C01F01F0487B044EA421464
:101BA000002868D0B6F5001F04D1214606F00EF9D2
:101BB000002051E00020B6F5800F01AA019050608E
:101BC00037D1B3F1007F14BF052304238DF804300F
:101BD0000023CDE904230393EB680DF1030723FAF7
:101BE00001F111F0010139D1B6F1A07F36D104F035
:101BF0001F03620903F1800326D0012A3ED1214A46
:101C000052F82330DB0729D43A462146A86806F06B
:101C100070F816301AD002972146A86803AA05F07A
:101C200034FF002818DB01222146A86806F07CF862
:101C3000BEE7B3F1C06F05D0B3F1007F14BF01233D
:101C40000223C3E70323C1E70F4AD9E73946A8684F
:101C500000F0F8FF0028DEDA07B0F0BD3A46214672
:101C6000A86806F046F80028D6D19DF80310A868A9
:101C700000F0DEFFD0E76FF08500EDE751F823308C
:101C8000FFDE00BF0028845000258450420903462F
:101C900070B502D0012A17D070BD0D4E326951685F
:101CA0000029F9D0012503F01F030C689D4000298D
:101CB000F2D08A682A4002D030464B6898472CB14F
:101CC000236821461C46F2E7024EE7E72346F8E781
:101CD000D8820000B882000038B54568A86890B185
:101CE00006F01AF8014670B9A86800F06FFF0446C4
:101CF00058B902460649A86805F0F8FF22460521B2
:101D00000D20FFF7A5F9002038BD6FF00400FBE7B8
:101D10008D1C00002DE9F04340F206364768D006DE
:101D200048BF4FF0030C3B7C02EA060658BFC2F3E3
:101D3000401C87B001F01F05B6F5837F144645EAC5
:101D400043158DF803C044D00DD8062E16D005D803
:101D5000A6B1022E3FD06FF0150037E0B6F5807FB8
:101D6000F9D101260AE040F20222964235D0B6F5BA
:101D7000407F34D0B6F5007FEDD102260123220347
:101D800003FA01F12DD57B689960B86880BB05F036
:101D90001F036D092AD0012D73D13C4A02EB830247
:101DA00084F48033D2F80012C3F30043C4F34044F8
:101DB00044EA430421F4706144EA8C0421F00F01E9
:101DC00044EA06230B43C2F80032002007B0BDE806
:101DD000F0830726D2E70426D0E70526CEE70326C0
:101DE000CCE7630344BF7B68D960CEE7284AD5E7D8
:101DF00029460DF1020205F07CFF14F4403F8046B5
:101E00000CD12946B86805F08DFFB8F1000FDCD180
:101E10009DF80210B86800F00BFFD6E74FF00009FC
:101E200001ABCDE90199CDE90439CDF80C902946F3
:101E3000B86803AA05F029FE4845C6DB14F4003350
:101E400014D09DF8033084F48034C4F300448DF83A
:101E50000E308DF80C608DF80D404B462946B86861
:101E600003AA05F0CAFE0028CFDAAEE7CDE90433B5
:101E70000DF1030303932946B86803AA05F005FE94
:101E8000F1E7803350F82330FFDE00BF0028845094
:101E900000258450036803F01F025B09026004D030
:101EA000012B034818BF002070470248704700BF4D
:101EB00000288450002584502DE9F04F15468246B5
:101EC00040F2FF19DFF8B0B185B000EB8108D045D2
:101ED00003D1002005B0BDE8F08FDAF80030C3F37D
:101EE000C3210829C3F3080400F2C080634A4C45AB
:101EF000515C4FEA136311D0222B1DD94E2B40F0B9
:101F0000B880C5F81445012603A80394FFF7C2FF63
:101F1000039B06FA03F38360374654E0222B09D96A
:101F20004E2B40F0A6804FF0FF33C5F814350AF170
:101F3000040ACCE74FF0FF34222B00F29A80DFE84E
:101F400003F012171E36212736989898983963980F
:101F500098989898989898986B76797C9898987FA4
:101F600086898C8F9200C5F80C45631CCBD1DEE7C7
:101F7000C5F81445631CDAD00026002723E0C5F815
:101F80000845F2E7601CC5F80845D0D0002604E0FB
:101F9000621CC5F80C45CAD00126012703A803948A
:101FA000FFF778FF039B07FA03F3C3600BE0C5F864
:101FB0001045DFE7C5F808450029DBD1671CB6D01E
:101FC000002606213746DAF80030039403F4004077
:101FD000002803A81CBF012600270193FFF75AFF22
:101FE000039C019B00EB8400D0F80042C3F3412C1A
:101FF0000B0243EA8C033B4304EA0B04234343EA0A
:102000004603C0F8003292E7C5F80C450029D5D048
:10201000661C8CD000267FE7C5F86045601CDAF8A6
:10202000003084D0C3F30043002BB5D06BE7C5F874
:102030006445F3E7C5F86845F0E7C5F86C45EDE79A
:10204000C5F82445621C3FF472AF012695E7C5F838
:1020500028458AE7C5F83045F4E7C5F83445F1E787
:10206000C5F83845EEE7C5F83C457EE76FF015004A
:1020700030E76FF085002DE7F0F0FCFF1A8F0000CD
:102080002DE9F04104460D46476805F04DFF4FF03D
:10209000200888B9264B1B7873B16426606805F068
:1020A0002BFAF0B9012005F002FB013EF6D1002128
:1020B000212005F0A9FFF0E7EFF31186314688F300
:1020C0001288BFF36F8F606805F016FAA8B986F31F
:1020D0001188BFF36F8FEFE786F31188BFF36F8F1F
:1020E000E5E7EFF31186314688F31288BFF36F8F6F
:1020F000606805F001FA0028EED0FB6900201D7031
:102100006368FA691B68C3F844250122C3F84825AF
:10211000C3F82001D3F82041C3F85801D3F858017F
:102120009A6081F31188BFF36F8FBDE8F08100BF23
:10213000F51600200123834070B5DC430B4AD2E83A
:10214000EF1F01EA0405C2E8E65F002EF7D14FF465
:10215000803282400648C0F80823BFF35F8FBFF388
:102160006F8F0B4214BF0120002070BDC40B0020F4
:102170000050015070B40E4922F07F46D1E900347E
:10218000D01AC31844F10004C1E90034A6F50013C5
:10219000B3F5400F09D2074B1B681A0A1B069C199E
:1021A000054B42F10005C3E9004570BC01F0DCBD00
:1021B00028030020C80B002030030020D9B10123E0
:1021C0000D4A8340D2E8EFCF4CEA030CC2E8E1CFDE
:1021D0000029F7D14FF48033084A8340C2F8043312
:1021E000074BD3E8AF3FC340DB0742BF4FF40012B9
:1021F000044BC3F800217047C40B0020005001506D
:10220000C00B002000E100E00D4B1868010A000639
:10221000BFF35F8F0B4BD3F80435181841F1000161
:10222000B3F5801F0AD2084BD3E90023904271EB2B
:10223000030303D210F1807041F10001704700BF29
:10224000C80B002000500150300300202DE9F04F52
:1022500085B016461F4604469DF840A0FFF76AFF6A
:102260000190FFF7D1FFB04271EB070352D23B4B15
:10227000301A67EB0101984271F100014DD2384BE1
:1022800003EB0413D3E902239F4208BF964258D0C0
:102290004FF48038334908FA04F8204626F07F4B83
:1022A000C1F8488305F0E5F94FF00309584604F1F9
:1022B0005005AD00ADB205F1502504F5A87305F544
:1022C00080350293029A20F07F4341F82230C1F812
:1022D0004483D1F80435244AC01A033820F07F40E3
:1022E00090422ED9286868B1D1F80435A3EB0B00D1
:1022F00020F07F40B0F5000F039322D9204605F06F
:10230000B8F9039BBAF1000F07D109EB030009F1FB
:102310000109D7E7BAF1000F09D06FF01505204683
:102320000199FFF74BFF284605B0BDE8F08F012368
:102330000E4AA340D2E8EF0F1843C2E8E10F00298C
:10234000F8D107490E982301C8500F9B01EB0412E6
:102350000025C2E902675360E1E700BF0100800089
:102360001803002000500150FDFF7F00C00B00202B
:102370007FB500254FF0FF304FF0FF31194C1A4B5D
:102380000226C4F80833C4F84833184BC4F808557B
:10239000C3E902014FF480334FF40012C4F8043350
:1023A000134B0121C4F804631520C3F880212A4689
:1023B000FEF74EFE1520FEF72FFE01230D4AA36007
:1023C000236013600C4B0D4A009328460023CDE98F
:1023D0000155FFF73BFF3046FFF734FB284604B0BA
:1023E00070BD00BF0050015003000F001803002013
:1023F00000E100E0C40B002075210000FFFF7F001A
:102400002DE9F7432E4BD3F8042390070BD5D3F8CF
:10241000042142B10022C3F804212A4AD3F804312E
:10242000136801331360264AD2F80433D90326D542
:10243000254BD3E8EF1F21F00100C3E8E40F002C87
:10244000F7D1CB0702D4D2F84031C3B100251C4CE0
:10245000C4F84051D4F84031FFF7D6FEEFF31182B3
:10246000202383F31288BFF36F8F184BD3E90267E1
:10247000B042B94106D282F31188BFF36F8F03B027
:10248000BDE8F0834FF0FF38D3E900104FF0FF397B
:102490001D60C3E902894FF48033C4F84833C4F89F
:1024A0004051D4F8403182F31188BFF36F8F002977
:1024B000E5D0009032463B4628468847DFE700BF1C
:1024C00000500150C80B0020C00B00201803002052
:1024D00030B5431C124C85B005D08442A8BF0446D9
:1024E000012CB8BF0124FFF78FFE0E4B0C4DD3E932
:1024F0000013401AB0F5000F0FD22218AA4228BFCD
:102500002A46002052180849CDE90100009143F104
:102510000003FFF79BFE05B030BD2A46F1E700BF80
:10252000FFFF7F00280300207521000008B5FFF79A
:102530006BFE024B1B68C01A08BD00BF28030020B9
:102540004FF47F03D3F83021D3F83431072A05D173
:10255000023B032B02D8024AD05C70470020704730
:10256000358F000008B5FFF7EBFF58B1644BD3F887
:10257000202A3AB90D21C3F8201A0121C3F81C19E9
:10258000C3F81C290022D30003F57F03D3F80013FE
:10259000013107D0D3F800130132D3F80433202AD5
:1025A0000B60F0D1FFF7CCFF002840F0A080FFF7D0
:1025B000C7FF40B1534B544AC3F830254FF0502366
:1025C0000122C3F858254FF47F03D3F83021D3F804
:1025D0003431072A09D1023B032B06D84B4AD35C7E
:1025E0001BB100224A4BC3F84C25FFF7A9FF50B19D
:1025F0004FF05023D3F80024D10742BF0022C3F884
:102600001421C3F818214FF47F03D3F83021D3F8F5
:102610003431072A09D14FF05023D3F80024D207D0
:1026200044BF6FF00102C3F80024FFF789FF18B11F
:102630006522334BC3F80C274FF47F03D3F83021C6
:10264000D3F83431072A16D1314BD3F82034002B7C
:1026500011DA4FF050230322C3F8182501229A60A3
:10266000D3F80421002AFBD00022C3F80421012260
:10267000DA60C3F818254FF47F03D3F83021D3F87C
:102680003431072A23D1023B032B02D8214AD35CE1
:10269000EBB17E221A4B1B49C3F80C27C3F83C2927
:1026A0007F231D4AC2F818310023C1F8043EC1F847
:1026B000083E01F54821C1F81031C2F82431C2F8B2
:1026C0002C3102F5FF1202F58052C2F8A032134AF3
:1026D000D2F88C3043F44063C2F88C30104A114B6E
:1026E0001168C3F84415D269C3F84C2508BD2922E6
:1026F000034BC3F80C270322C3F83C2757E700BF5E
:1027000000400050009003504400EFBE318F0000A5
:10271000002003502D8F00000020005000ED00E04D
:102720000080FF0000600050014B1860704700BF40
:10273000CC0B002010B5054B1446186804F0B9FF07
:102740000028A4BF2070002010BD00BFCC0B0020CB
:102750000123024A8340C2F80435704700700150DB
:10276000014B00201B681847D00B0020014B1B6851
:10277000184700BFD00B0020014B09201B681847E9
:10278000D00B0020014B08201B681847D00B0020FD
:1027900010B5144C237913BB01232371124B00286D
:1027A000206018BF184600F037F8D0B923680F48EA
:1027B000002B08BF184600F0B9F890B923680C4800
:1027C000002B08BF184600F0F9F850B923680948F3
:1027D000002B08BF1846BDE8104000F063B86FF04A
:1027E000770010BDD00B0020612700007927000082
:1027F0006D2700008527000008B5064B1B6843B114
:102800000520FEF717FC20B9BDE808400520FEF7BB
:1028100003BC08BDD00B0020074B0246187938B91D
:102820001A6001221A714FF05023C3F81425704723
:102830006FF07700704700BFD80B00204FF0502397
:102840000022C3F80021D3F80021012208491A60B0
:10285000096811B1C3F804237047D3F80021002A96
:10286000FBD00022C3F80021D3F80031704700BF2D
:10287000D80B00204FF05023D3F80423D2070DD5F6
:10288000D3F8002152B10022C3F80021D3F800216F
:102890000122C3F80823024B1B681847704700BF8A
:1028A000D80B0020054B0246187918B91A6001228E
:1028B0001A7170476FF07700704700BFE00B00207F
:1028C0004FF050230022C3F82021D3F82021012209
:1028D0009A61094A126822B14FF48072C3F8042346
:1028E0007047D3F82021002AFBD00022C3F8202112
:1028F000D3F82031704700BFE00B00204FF0502389
:10290000D3F80423D2050ED5D3F820215AB10022E2
:10291000C3F82021D3F820214FF48072C3F8082394
:10292000014B1B6818477047E00B0020074B02461D
:10293000187938B91A6001221A714FF05023C3F880
:10294000802570476FF07700704700BFE80B0020CC
:102950004FF050230022C3F82421D3F82421012270
:102960001A62094A126822B14FF40072C3F80423B4
:102970007047D3F82421002AFBD00022C3F8242179
:10298000D3F82431704700BFE80B00204FF05023EC
:10299000D3F8042392050ED5D3F824215AB100228E
:1029A000C3F82421D3F824214FF40072C3F808237C
:1029B000014B1B6818477047E80B0020074B024685
:1029C000187938B91A6001221A714FF05023C3F8F0
:1029D000182570476FF07700704700BFF00B00209C
:1029E0004FF0502310B5D3F818141E4C11F4803F4B
:1029F000D3F818241AD002F00302022A04D0012AC4
:102A000001D004F01CFF01224FF05023C3F8182519
:102A10000022C3F80421D3F8042101229A6022681D
:102A20008AB9D3F80421002AFBD014E0D3F8142487
:102A3000D207E8D5D3F81C2402F00302013A012A98
:102A4000DFD822681AB10222C3F8042310BDD3F8DC
:102A50000421002AFBD00022C3F80421D3F804315A
:102A6000F4E700BFF00B0020F8B54FF0502301252C
:102A70000026D3F80443184F04F0820404B9F8BDCB
:102A8000B4FA84F0C0F11F00830003F580739BB299
:102A900003F15023196805FA00F224EA0204002920
:102AA000ECD01E601B684FF050230128C3F80823A8
:102AB0000ED1D3F81824D3F8182402F00302012A07
:102AC00006D10221C3F81815C3F804139A60D5E79C
:102AD0003B68C0B29847D1E7F00B0020036803F0D1
:102AE0001F025B09026004D0012B034818BF0020BD
:102AF00070470248704700BF00288450002584506A
:102B0000034A4309D35C00F01F001844C0B2704769
:102B1000398F0000034611F0010010B5CCB20BD183
:102B2000A207C4F340000DD5074A106A586010622E
:102B3000003818BF012005E004490A6A1A600A62D9
:102B4000002AEDD010BD00BF00288450002584501D
:102B5000F7B504460846FFF7D3FF06B204EB460676
:102B6000B38A0D46DB072BD5204604F06BFF2946C0
:102B7000204604F0D7FE58B1204604F0E9FE0022BA
:102B8000276800B207EB8003C3F81025C3F81025AF
:102B90002946204604F005FF002101A8B1820195D5
:102BA000FFF79CFF019B00EB8300D0F80022064B4F
:102BB000134043F00203C0F80032084603B0F0BDF2
:102BC0006FF01500FAE700BFF0F0FCFF70B590F869
:102BD0008C40054690F88D6024BB2146602214305D
:102BE00005F0A6FA2146114B286853F836608E424C
:102BF0000ED10024C0F87C41D0F87C3140F307307E
:102C0000FEF70AFA0123204685F88C30AB6770BDC9
:102C1000CBB29B0003F580727C2B04BF8450835899
:102C20000131E4E76FF07700F1E700BF8087000033
:102C300090F88D00024B03EB800004F054BD00BF00
:102C4000C800002010B5064B90F88D000C4603EB31
:102C5000800004F02EFD0028A4BF2070002010BDCD
:102C6000C80000202DE9F04F814659F804BB90F8C8
:102C70008D40DBF804136B4BC9B2804653F8342007
:102C800058468BB041F0004104F0B5FE051E36DA1F
:102C90000023CDE90833634B08A803EBC4035B684A
:102CA00019460193FFF736FF042303EBC403039394
:102CB0005D4B0DF1200A02930023029A009312F853
:102CC000013B58490292039A02EBD3028A5C03F05B
:102CD000070322FA03F3DA0719D4009B0AF1040A66
:102CE0009BB14FF000410022584604F084FE019948
:102CF00008A8FFF70FFF0028DAD125F000450124CE
:102D0000002D78D10BB0BDE8F08F0123D5E7009BF3
:102D1000464A13440493DAF800100029DDD091FAF2
:102D2000A1F1B1FA81F1049B1C7841EA44142046D8
:102D3000FFF7E6FE08EB4000878AC808BB0805934A
:102D400001231AF8002001F0070103FA01F122EA39
:102D500001020AF8002007A80794FFF7BFFE079AB0
:102D6000059B803250F82220C7F382065B07374666
:102D7000C2F3014223D54846D6B221463A4604F072
:102D8000F1FD07A80794FFF7A9FE079B803350F8D1
:102D90002330C3F301439E4207D10021204604F0B3
:102DA000B2FD3146204604F0AEFD07A80794FFF7B8
:102DB00095FE0122079B02FA03F30362ABE7022AA6
:102DC0000DD10321204604F09EFD06F00503012BE2
:102DD000EBD13A462146484604F0C4FDE5E702211E
:102DE0002046059204F08FFD032EF2D0059A032AA7
:102DF000DBD1022EECE795FAA5F3B3FA83F304FADC
:102E000003F225EA020503F5A2725BF8222008EB23
:102E100043034846B3F87C10C2F3014204F0A2FD1C
:102E20006EE700BF80870000498F0000498F0000D7
:102E300038B5EFF31185202383F31288BFF36F8F2A
:102E4000064B9C6804F0F3FF85F31188BFF36F8F86
:102E50002046BDE83840FEF783B800BFF80B0020DD
:102E600038B50A4B53F82040013053F82050A542A2
:102E700000D838BD606830B1037FDB0701D404F0AF
:102E8000ABFF0834F3E723689847FAE79087000020
:102E9000012270B52A4B032086B01A70FFF7E0FFBD
:102EA000FEF7EAFBFDF760FC0420FFF7D9FF254C95
:102EB000254D2646AE4204F1300410D300F056FCF6
:102EC000204C224EAC4226D300F064FC05F006F9FB
:102ED0001F4A137B23F00103137306B070BD54F82F
:102EE0000C3C059354F8103C049354F8143C0393A1
:102EF00054F8183C029354F81C3C019354F8203CBD
:102F0000009354E90A2354E90C0100F025FA54F81F
:102F1000303C5E65CDE7D4E90A23B3F1FF3F08BF3B
:102F2000B2F1FF3F05D052EA0301206803D100F05F
:102F3000EDFC3034C6E73146183000F085FEF8E786
:102F4000F516002060850000C085000001800000AB
:102F5000E8030020B02370B5144E86B003FB006672
:102F6000134B012205930F23CDE903320023CDE952
:102F7000013314234FF4A0720E4D0F4903FB00558B
:102F8000044602FB00110D4B3046009500F0E4F9B9
:102F9000737B2C7423F004037373094B013403EB2C
:102FA000C423EE606B6006B070BD00BF3803002024
:102FB0004B8F0000F80B0020F8260020F57E000063
:102FC000F81E0020BFB50020FFF74AFF294B03F58C
:102FD000006282F3088883F30A880024E023264DE8
:102FE000264F85F82230EC772C766C76AC7685F817
:102FF00020406B6A43F4E0236B6285F82340FDF7C1
:1030000029FFFEF79BF84FF0FF33AB62EB62FEF750
:1030100021FAFEF7B7F81A4800F004FAFEF70EFBA3
:103020000120FFF71DFF0220164DFFF719FF00F0EA
:10303000E5FB154B15495D61154B4FF40062059397
:1030400001232846CDE90343CDE901443B460094E2
:1030500000F082F906466A7B284622F004026A7371
:1030600004F0A2FF2046FFF775FF3A463146284696
:10307000FEF742F8F81E002000ED00E0912E00005F
:1030800098040020E8030020F80B002038280020D6
:10309000508F0000002038B5054C064DAC4200D3DF
:1030A00038BD204604F0C6FE0028F9DB1C34F5E7E5
:1030B000580100205801002073B50C46EFF3118130
:1030C000202585F31288BFF36F8FC5685DB1256039
:1030D0002B68C360836901338361002081F3118809
:1030E000BFF36F8F11E052EA030603D16FF00B00BC
:1030F0002560F3E7CDE900230246083000F07CFAB2
:1031000018B9034B9B681B69236002B070BD00BFF8
:10311000F80B00202DE9F341044617461E46EFF355
:103120001188202383F31288BFF36F8FC368334A5B
:103130007BB180689168884219D057EA060318D19C
:1031400088F31188BFF36F8F6FF00F0002B0BDE8F6
:10315000F081916891F90E100133E3609368216169
:10316000A36088F31188BFF36F8F0020EEE7216919
:10317000F2E791F90E1090F90E306FF07E0299424D
:10318000A8BF19469142B8BF11468B422DDD04F00D
:10319000BCFE054622464146CDE90076184800F0BF
:1031A0002BFA0028E1D0EFF31186202383F3128855
:1031B000BFF36F8FA068D0B1236821699C420AD009
:1031C0004BB193F90E309942A8BF19466FF07E03B8
:1031D0009942B8BF194604F098FE40B131460848FC
:1031E00000F09EFA6FF00A00B0E70025D2E7002D4C
:1031F000F4D186F31188BFF36F8FF3E7F80B00204B
:10320000F6160020F8B583680546002B40D0234A07
:10321000926893423FD1C368012B03D9013BC3603D
:103220000020F8BDEFF31187202383F31288BFF34A
:103230006F8F0169806804F068FE2C68A54207D191
:103240000023C5E9023387F31188BFF36F8FE7E7E7
:10325000002CF5D0D4E90032002613605A60637B5D
:10326000C4E9006623F002036373A66004F118004A
:1032700004F008FFAC6094F90E3020462B61C4F8CE
:10328000AC6004F091FE3946054800F049FAC7E702
:103290006FF01500C5E74FF0FF30C2E7F80B0020D4
:1032A000F616002070B5EFF31186202383F3128801
:1032B000BFF36F8F0468A0421BD0D4B1D4E90032B1
:1032C000002513605A60637BC4E9005523F00203B4
:1032D0006373A56004F1180004F0D4FE2046C4F81E
:1032E000AC5004F061FE3146BDE87040064800F085
:1032F00017BAD0E902329A4218BF0133836086F3CD
:103300001188BFF36F8F70BDF616002013B5EFF371
:103310001181202484F31288BFF36F8F846844B135
:10332000013C846081F31188BFF36F8F002002B0ED
:1033300010BD52EA030406D181F31188BFF36F8FE9
:103340006FF00F00F3E7CDE900230246014800F0DB
:1033500053F9ECE7F61600202DE9F04F984685B0BA
:1033600000F15803C0E91633129B002503730423B0
:10337000D61D26F007064373119B01EB060A0F4684
:10338000C0E90655514685608373C5730446DDF870
:1033900038B0DDF84C90FDF74FFB109B073020F064
:1033A0000700C4E92576C4F89C0002930F9BAAEBA2
:1033B0000006CDE900B33246434639462046FDF7C4
:1033C0007FFE0F9BC4E9188BA366109B6565E366BF
:1033D000EFF31183202282F31288BFF36F8F104F17
:1033E0003A6A3C62226783F31188BFF36F8FB9F1A9
:1033F000000F11D01F22494604F1740004F0A0FE12
:1034000084F89350BB680BB1D3F8A0303046C4F8B1
:10341000A03005B0BDE8F08F84F87490F2E700BFEB
:10342000F80B002040F2011383810023C0E925330B
:10343000C0F8A030014B9860704700BFF80B002027
:103440006FF00A01094A9368C3F8AC100849C3F841
:10345000A8004B6843F080534B60002383F311882E
:10346000BFF36F8F9368D3F8AC007047F80B002060
:1034700000ED00E070B590F90D20437B002A36DBAB
:10348000D90634D11B4C63F07F032246437352F8B4
:10349000183FE169934207D1C0E900210860E0616B
:1034A00011E09942F8D01B68002BF5D090F90E502E
:1034B00093F90E60B542F4D0AE42F2DD5968C0E92E
:1034C000003108605860A569954200D005B9E568EB
:1034D000A3685A7BD20604D1DA897F2A01D9AA6966
:1034E00032B1AB4202D0284600F00AFB656170BDE4
:1034F0006361FCE7F80B002038B590F90D20014618
:10350000002A437B04DA03F07F03437304F012FDC7
:103510000D4D2A4652F8184FAB68944200D004B9BA
:10352000EC688B4207D05A7BD20604D1DA897F2A15
:1035300001D9A2692AB1A34202D0204600F0E0FAE4
:1035400023466B6138BD00BFF80B0020B3F1FF3F8D
:1035500008BFB2F1FF3F03D00249183000F074BB3E
:10356000704700BF0180000070B590F90D20014642
:10357000002A437B04DA03F07F03437304F0DAFC90
:103580001C4C4B7B224663F07F034B7352F8183F71
:10359000E069934207D1C1E900200160E16111E0D7
:1035A0009842F8D01B68002BF5D091F90E5093F992
:1035B0000E60B542F4D0AE42F2DD5868C1E9003089
:1035C00001605960A569A368954200D005B9E56816
:1035D0008B4207D05A7BD20604D1DA897F2A01D9DF
:1035E000AA692AB1AB4202D0284600F089FA2B46DC
:1035F000636170BDF80B0020F8B5DDE906670D4B7F
:103600000C46986811460C4A1060EFF31182202294
:1036100082F31288BFF36F8F9D68284604F09CFCEC
:10362000284632463B46FFF791FF2046BDE8F8406A
:10363000FFF706BFF80B00201C0C0020F8B504466D
:10364000EFF31187202383F31288BFF36F8F437B3F
:1036500049B203F01F02002A0CBF0126002639D10F
:1036600003F07F032D4D437304F064FC2A46437B33
:10367000817363F07F03437352F8183F934227D15D
:10368000E869C4E900200460EC610FE09842F8D0DA
:103690001B68002BF5D093F90EC06145F6D08C4520
:1036A000F4DD5968C4E900310C605C60AC69944297
:1036B00000D004B9EC68AB689C4202D0204600F010
:1036C0001FFA6C6187F31188BFF36F8F3046F8BD26
:1036D000E869DEE79B071ED5856804F02BFC817343
:1036E0002B689D4209D16B68C4E900531C606C6073
:1036F000E8E76A689342F6D01B68002BF3D093F991
:103700000E209142F5D08A42F3DD5A68C4E90032B6
:1037100014605C60D6E78173D4E700BFF80B00202B
:1037200049B9EFF3058030B9054B5A699B689A4255
:1037300001D0FFF785BE81F31188BFF36F8F70470B
:10374000F80B0020034648B9EFF3058232B9064A68
:1037500051699268914201D0FFF772BE83F31188DC
:10376000BFF36F8F704700BFF80B0020EFF311819C
:10377000202383F31288BFF36F8F054B9A68D37BA6
:10378000013BD37381F31188BFF36F8F704700BF84
:10379000F80B002070B5EFF31186202383F3128815
:1037A000BFF36F8F144DAB68DA7B0132DA732A46B0
:1037B00052F8184F944200D004B9EC685A7BD206F4
:1037C00004D1DA897F2A01D9A2692AB1A34202D0A1
:1037D000204600F095F923466B6186F31188BFF30C
:1037E0006F8FEFF31180202383F31288BFF36F8F65
:1037F000BDE87040FFF7A6BFF80B0020024B03F1B5
:103800001802C3E906227047F80B002070B5EFF3E9
:103810001186202383F31288BFF36F8F1B4CA1689E
:10382000E0690B68814214BF1A46002249680B60A8
:103830005960A368E1692AB9154AC3E900210B6000
:10384000E3610CE093F90E0092F90E50A84218D0F3
:10385000854216DD5168C3E900210B605360A569FC
:103860000B4B9D4200D005B9E568A3689D4202D08C
:10387000284600F045F965613046BDE87040FFF725
:10388000DFBD8A42D8D01268D5E700BFF80B002010
:10389000100C0020F8B550EA010306460C4603D18F
:1038A000FFF7B4FF0020F8BDEFF31187202383F367
:1038B0001288BFF36F8F124D124BA8681860FFF784
:1038C0001BFEA868234632460F49183000F0BCF9A9
:1038D000AA680446537B384643F004035373FFF74A
:1038E000AFFDAB68D3E90A23B3F1004F08BF002A4C
:1038F000D8D104F0EFFB201A20EAE070D3E700BF34
:10390000F80B00201C0C00200180000038B5044694
:10391000EFF31185202383F31288BFF36F8F437B6E
:103920005B070FD5183004F0ADFB637B204623F016
:1039300004036373FFF79EFD2946BDE83840044841
:10394000FFF7EEBE85F31188BFF36F8F38BD00BF60
:10395000F6160020014B9868704700BFF80B002056
:103960002DE9F8430446077BEFF31185202383F309
:103970001288BFF36F8F437B190705D585F3118834
:10398000BFF36F8FBDE8F883D90943F0080260D117
:103990004273A36813B1204604F0D4FA04F118006E
:1039A00004F070FBA66D04F15808B04511D04FF03B
:1039B000000976B1304604F0C5FA06F1180004F0AB
:1039C00061FB3046C6F8AC90FFF754FDA66DB045DC
:1039D000EFD1DFF8C480D8F808309C4241D1EFF332
:1039E0000589B9F1000918BF4FF00109D8F818602E
:1039F0002A4A964200D00EB9D8F80C60B34202D0E1
:103A0000304600F07DF82046C8F8146003F0CEFB85
:103A1000204600F0CDF8B9F1000F02D02048FFF7A2
:103A200001FDD8F808309C4231D1EFF3058373BB18
:103A3000227BD20718D42846FFF702FDFB07A1D549
:103A4000002383F31188BFF36F8F0423184602DF2E
:103A500098E703F07F0343F00803437304F06AFA26
:103A600097E74FF00009C1E785F31188BFF36F8F27
:103A700083F31188BFF36F8F0423184602DFEFF33F
:103A80001180202383F31288BFF36F8FD4E785F36F
:103A90001188BFF36F8FD1E7F80B0020100C0020C6
:103AA000980400200122044BC01A044BC010584354
:103AB000034B1A54704700BF48050020ABAAAAAABE
:103AC000F6160020C3897F2B12D80A4B1B6863B1FE
:103AD000094B90F90E201B689A4209DB437BDB06F9
:103AE00006D1064BC31A18BF012303F0010070472B
:103AF0000023FAE7D0000020200C0020380300202B
:103B000070B50E4B0E4C1E7C054606EB460304EBCF
:103B1000C304204604F0B6FA00220A4B28469A5500
:103B2000FFF7D0FF48B1084B2046BDE870401A6847
:103B30000649013AD31700F087B870BDF80B002092
:103B400048050020F6160020D0000020A53A00000D
:103B500038B5EFF31185202383F31288BFF36F8FFD
:103B6000104B114A9C681068A04206D1FFF7C8FFAD
:103B700085F31188BFF36F8F38BD00211B7C116066
:103B80000A4AD35C002BF3D02046FFF79BFF0028A6
:103B9000EED0637BDB0602D12046FFF7E5FC204632
:103BA000E4E700BFF80B00201C0C0020F6160020F4
:103BB000EFF31181202383F31288BFF36F8F0A4A3A
:103BC000136A834207D11B6F136281F31188BFF31D
:103BD0006F8F70471346002BF7D01A6F8242F9D1CE
:103BE000026F1A67F1E700BFF80B0020024B18685C
:103BF000984208BF00207047D4000020034B1B6888
:103C00000BB9FEF793BC0020704700BF240C0020C6
:103C100030B570B10B4B5B6898420AD0036843B172
:103C2000D3E90421D0E90445121941EB0501C3E9A8
:103C30000421D0E9003213605A600023C0E9003348
:103C400030BD00BFD4000020B3F1FF3F08BFB2F188
:103C5000FF3F2DE9F84F0446994615461F467AD096
:103C60008160EFF31188202383F31288BFF36F8FF5
:103C7000B9F1000FDFF8E4A020DBFFF7BFFFDAE9BE
:103C80000027013549F100092D1849EBE07306467C
:103C90004FF00109C4E90453AD1843EB0707FFF7E0
:103CA000A5FF0346DFF8B8E0DEF804A0EBB9C4E9ED
:103CB00000EACAF80040CEF8044028E06FF00103A3
:103CC000DAE900125B1A4FF0FF3161EB02025B1B75
:103CD00062EB0902012B72F10001BCBF012300223B
:103CE0004FF00009C0E90432D9E7D3E9041CD4E954
:103CF00004208A4270EB0C0B24DA891A5A686CEBA8
:103D00000000C3E90410C4E9003214605C60FFF7EE
:103D10006DFF84420ED1134B1B685BB9B9F1000FE4
:103D200002D1FFF76BFF0646304604F094F90021FC
:103D3000FEF7CEFB88F31188BFF36F8F2846394614
:103D4000BDE8F88F521A60EB0C009A45C4E90420D4
:103D5000ADD01B68AAE700252F46EFE760050020DD
:103D6000D4000020240C00202DE9F047EFF311854A
:103D7000202383F31288BFF36F8FDFF8A090002613
:103D8000C9F800000027FFF731FFDFF89480D9F869
:103D90000030D8E900ECD91750B1D0E90442A34271
:103DA00071EB020A1BDAE41A62EB0102C0E9044279
:103DB000002413EB0E034CEB01012046C8E900314F
:103DC000C9F8004004F047F92146FEF781FB85F36E
:103DD0001188BFF36F8FBDE8F047FFF7B9BE14EB52
:103DE0000E024CEBE473C0E90467C8E90023FFF757
:103DF0000FFF85F31188BFF36F8F83689847EFF348
:103E00001185202383F31288BFF36F8FD9F8003018
:103E10001B1BC9F80030FFF7E9FEB8E7240C0020AF
:103E20006005002010B5EFF31184202383F312887E
:103E3000BFF36F8FFFF7E2FE0346054AD2E90001A8
:103E4000181841EBE37184F31188BFF36F8F10BD35
:103E50006005002010B50C4C236813B10B4B1B6898
:103E60002BB900F05FFE30B90122084B1A60012324
:103E70002360002010BD0138072801D9044810BD77
:103E8000044B53F8200010BD2C0C0020280C0020FF
:103E9000FE8FFFFFA8870000BFF34F8F0549064B39
:103EA000CA6802F4E0621343CB60BFF34F8F00BFD8
:103EB000FDE700BF00ED00E00400FA0530B44FF06C
:103EC000FE3200250B4B0C4C0C494968C3F800240A
:103ED000C3F80424C3F80824C3F80C24C3F810243E
:103EE000C3F81424C3F81824C3F81C24C4F80055DC
:103EF00030BC08470050845000408450DC00002053
:103F0000024BD0E90012C3E900127047DC00002028
:103F1000144B2DE9F043002814BF04461C46124FF1
:103F2000236883B0BB4219D016460D4620464FF495
:103F3000E07104F1040900F0EDF804F58E784846CC
:103F400000F0D0FC404600F0F3FA2B464A464046CB
:103F50000649009600F002FB08B92760002003B074
:103F6000BDE8F083300C0020A5BCC95A69490000A7
:103F700070B50D4C1D46002814BF064626460B4B57
:103F8000306882B098420DD106F58E700026334617
:103F90000096144600F032FB002818BF34462C600F
:103FA00002B070BD0248FBE7300C0020A5BCC95A26
:103FB000E88FFFFF10B5044650B1636813F0685FE7
:103FC00005D0064A934202D000236260236010BDF0
:103FD000034B04485B689847EFE700BF2C5F5CA980
:103FE000DC000020C8870000C8B143680D4A934236
:103FF00013D013F0685F0ED0012350E8002F19464C
:1040000040E8001C9CF0000FF7D1012AF5D0BFF367
:104010005F8F0020704704487047044870476FF472
:10402000E04070472C5F5CA9E98FFFFFEA8FFFFF3C
:10403000034680B1426809498A420AD012F0685F9B
:1040400005D0BFF35F8F002210461A607047044806
:104050007047044870476FF4E04070472C5F5CA9DC
:10406000E98FFFFFEA8FFFFF10B5044620B1002360
:10407000034A2360626010BD0248FFF71FFFF6E7A6
:104080003A00003AF087000070B5194CD0F804C02F
:104090000668C4F804C0D0F808C0C068C4F808C0F6
:1040A000E06026600868134B134D18604868D5F827
:1040B00018215860886812F0685F9860C8680969BC
:1040C000D860196112D000230C4A05F58A70C5F832
:1040D0001431C5F8B831C5F81821C5F8BC21B0476E
:1040E000236805F5DC70BDE87040184770BD00BF5F
:1040F000F8000020E4000020300C00202C5F5CA9B8
:1041000038B131B1002201440346013081421A70B6
:10411000FAD1704738B131B1002201440346013071
:1041200088421A70FAD170472DE9F04FB2F5C07F7E
:10413000BDB000F2DA800C46DFF8B49115460021DC
:104140004FF4D07282460DF17C08484603F0F0FF30
:10415000404601F059F930232146002409F11806A0
:104160002A4689F8173030466BBAA9F81230A9F8F8
:10417000104003F0B6FF8022234672550DF12B014B
:1041800001F8013F0133202BFAD14FF480724046F1
:104190000BA901F04FF98346002840F0A38005F1F8
:1041A000190313AD2F4607AE0293CDF80CA001966C
:1041B000049510220021019803F0BAFFDFF834A122
:1041C000DDF808B005970A9B5AF8044C089F099A35
:1041D00007995AF8100C5AF80C6C5AF8085C5C40B5
:1041E000019B7E40554081EA00071A460121404666
:1041F000CDE90776CDE9095401F03EF9BBF1100F86
:1042000094BFABEB0B0BABF1100B0AF1100A0028BB
:1042100047D1BBF1000FD6D1059F10223846019936
:1042200003F05FFF99F8033010370133474589F8F1
:104230000330BED1049D4FF4807229464046DDF81C
:104240000CA0019E01F0F6F8834678BB54460AF1B3
:1042500030071BAB1A460121404601F00DF9834699
:1042600020BB102220461BA9144403F03AFFA742AA
:10427000EFD1404601F0D8F84FF4D0711C48FFF759
:1042800049FF28463021FFF745FF0BA82021FFF703
:1042900041FF30461021FFF73DFF58463DB0BDE8D5
:1042A000F08F8346DDF80CA0019E049D404601F08E
:1042B000BBF84FF4D0710E48FFF72CFF2846302191
:1042C000FFF728FF20210BA8FFF724FF102130461D
:1042D000FFF720FF30215046FFF71CFF58463DB046
:1042E000BDE8F08F13AD07AEE0E76FF0370BF5E7F1
:1042F000000E0020100E00202DE9F0418CB0044685
:104300000D463022002168466F4603F011FF04F18C
:104310002006E27B0132D2B2E273002A4DD1A27BA9
:104320000132D2B2A273002A47D1637B0133DBB2E0
:104330006373002B41D1237B0133DBB22373002B4A
:104340003BD1E37A0133DBB2E372002B35D1A37AA0
:104350000133DBB2A372002B2FD1637A0133DBB2BE
:10436000637253BB237A0133DBB223722BBBE37935
:104370000133DBB2E37103BBA3790133DBB2A37179
:10438000DBB963790133DBB26371B3B923790133EC
:10439000DBB223718BB9E3780133DBB2E37063B92D
:1043A000A3780133DBB2A3703BB963780133DBB28E
:1043B000637013B92378013323703B4622460121F1
:1043C000304601F059F88046002841D110370CAB37
:1043D0009F429ED1029AAB680399534002933046A4
:1043E000EE68D5F820804E40039604992E69D5F8E2
:1043F00028C04E4004966E6905990B9F4E40059665
:104400000699AE69009B4E400696EE6907994FF4F7
:1044100080724E400796089ED5F824E088EA060888
:10442000099E8EEA060E0A9E8CEA0601EE6A7E401E
:104430002F687B4000936B68019D6B400193CDE931
:10444000088ECDE90A16694600F0F4FF804638B1BF
:1044500068463021FFF75EFE40460CB0BDE8F081B3
:104460001022204608A903F03CFEF1E72DE9F843AD
:104470001D468369B3F5C07F52D81646C3F5C07296
:10448000AA424DD3C5F5C072D31AB34248D30446ED
:10449000DFF898904FF4C0720F464846002103F0B1
:1044A00047FE4946D4F89430A269D4F8980098475A
:1044B000002838D1D4F818803DB1D4E925302A46F7
:1044C00009EB0801984770BBA84407B1C6B9174962
:1044D00042460846FFF728FE054638B14FF4C07142
:1044E0001248FFF717FE2846BDE8F88320460F491B
:1044F000FFF702FF05460028F0D101232361EDE715
:104500003946324609EB080003F0EBFD0749B04499
:1045100042460846FFF708FE05460028DED1E5E7DB
:104520006FF03705DFE76FF03305DCE7A00F002001
:1045300010B5A4220021044603F0FAFD4FF0FF312C
:104540004FF6F072044B2161E26104F19C001B689C
:10455000BDE81040184700BF480100202DE9F04792
:10456000054688B00F461646002120226846984628
:1045700003F0DEFD1F4B05F19C0948461B68984778
:10458000044618B1204608B0BDE8F08705F1200ABE
:10459000504600F039FFAA69C5E92576F2B9202313
:1045A0002E69AB61002E22DB694650464FF48072C3
:1045B00000F040FF044630B9334641462846109A81
:1045C000FFF754FF04460C4B48461B6898470028E9
:1045D00018BF0446204608B0BDE8F0872E69002EBB
:1045E000E2DA2F2A96BF013226465608DCE710266B
:1045F000DAE700BF44010020400100202DE9F04F20
:10460000B2F5806F91B01A9F00F2E380B7F5807F1A
:1046100000F2DC80044615460E463022002104A834
:10462000984603F085FD6C4B04F19C0948461B68D5
:1046300098478346002840F092802269E3699A42B5
:1046400000F391806369002B40F08D80002F40F0D3
:10465000A980DFF888A16F46002D00F098806F4692
:1046600004F120080EE0102DAB4628BF4FF0100BD0
:10467000304639465A4603F034FDB5EB0B055E442F
:1046800000F08580E37B0133DBB2E373002B4DD177
:10469000A37B0133DBB2A373002B47D1637B0133D0
:1046A000DBB26373002B41D1237B0133DBB2237375
:1046B000002B3BD1E37A0133DBB2E372002B35D11F
:1046C000A37A0133DBB2A372002B2FD1637A0133BB
:1046D000DBB2637253BB237A0133DBB223722BBB91
:1046E000E3790133DBB2E37103BBA3790133DBB2BE
:1046F000A371DBB963790133DBB26371B3B9237999
:104700000133DBB223718BB9E3780133DBB2E370A1
:1047100063B9A3780133DBB2A3703BB9637801338B
:10472000DBB2637013B92378013323703B46224612
:104730000121404600F0A0FE8346002893D0DAF81D
:104740000030484698470346302104A8002B18BF84
:104750009B46FFF7DFFC10213846FFF7DBFC58468D
:1047600011B0BDE8F08F3A46414600232046FFF7DE
:104770007DFEDFF868A000283FF46DAF4846DAF808
:1047800000309847834600283FF465AFE7E72046AE
:1047900004A9FFF7B1FD83460028D0D12369013376
:1047A0002361CCE73A46414604A8FFF7BDFC8346A7
:1047B00018B16F46DFF824A0C1E7204604A9FFF72F
:1047C0009BFD834600283FF444AFF2E76FF0370BC0
:1047D000C5E76FF0350BC2E744010020400100201F
:1047E0002DE9F043202B1D460646884691468BB0A6
:1047F00026D8DBB202AF8DF80480B04658F8041B0F
:104800008DF8053021B9404600F078FE044640B9E5
:10481000012302224046336001A900F083FE0446D2
:1048200038B138462021FFF775FC20460BB0BDE8B3
:10483000F0832A464946404600F074FE0446F0E7FD
:1048400002AF1946104600233A4600F0F1FF044635
:104850000028E6D12023B9461D46CCE72DE9F041DA
:10486000D0F8F830A6B0002BD8BF02AE31DD054637
:104870000027D0F80C4102AEA4F101089022D5F82F
:10488000FC403146D0F8000101AB0197B8FA88F836
:10489000A0474FEA5818044620B9019B53B9B8F114
:1048A000000F16D030469021FFF734FC204626B08A
:1048B000BDE8F081014632462846FFF791FF58B91E
:1048C000D5F80431019A1344C5F80431B8F1000F4A
:1048D000E8D16FF03C04E5E70446204626B0BDE889
:1048E000F08100BF70B500250446142204F58876D7
:1048F0002946C0F8F850FC3003F01AFC082229467B
:10490000304603F015FC144B30461B689847204690
:1049100040F8045B00F0D8FD104B30461B68984708
:10492000C8B9D4F8F830AB420FDC03EB830204EBD8
:1049300082022021C2F800010120C2E94210084988
:104940000133C2F8FC10C4F8F830064B3046BDE81D
:1049500070401B68184770BD4801002044010020CA
:1049600005530000400100202DE9F047202A88B0BF
:104970007AD83F4B00F5887904461B6848461746AD
:10498000884698470546F8B940F20116D4F8F83041
:10499000002B65D02046FFF761FF054638B9D4F8F3
:1049A000F830002B14DC013EF2D16FF03B056E466F
:1049B00020213046FFF7AEFB2E4B48461B68984738
:1049C000002818BF6FF01D05284608B0BDE8F08725
:1049D000D4E94132934203D3D4F80C21012A02D006
:1049E000013ED7D1E1E71F2BFAD96E4601462022BE
:1049F000304604F1040A03F09BFB3146504600F0B8
:104A0000BBFD05460028D3D1504600F071FD50464D
:104A100000F05AFD2946504600F070FD054600287A
:104A2000C6D150462022314600F07CFD05460028C4
:104A3000BED1034632462021304600F0F9FE05463D
:104A40000028B5D1D4F8F8303A46002BC8BF00236F
:104A500040463146C8BFC4F8043103F042FBA7E723
:104A60006FF03F056E46A3E76FF03B05ACE700BF74
:104A70004401002040010020002130B58DB02822E3
:104A800002A8019103F054FB02A800F0F9FE0446CD
:104A900010B120460DB030BD1B4D4FF0FF312868DE
:104AA00000F034F960BB194BD3F8340E10F001005C
:104AB00017D100F05BF9F8B9154A02A901A800F076
:104AC00013FC0446012000F051F988B9286800F071
:104AD00025F90028DDD00F48FFF7F0F920460DB08A
:104AE00030BD2868052400F019F90028D1D0F2E77C
:104AF0000948FFF7E3F9E9E70848FFF7DFF9DBE7E3
:104B00000748FFF7DBF9CEE72C0100200060845056
:104B1000201100206C8800004C8800002C880000C8
:104B20001488000030B583B000F036F878B900F092
:104B300055F890B9144BC3F80C0AFFF79DFF0446D3
:104B4000F8B9124D2B6863B1204603B030BD032481
:104B500000F072F8204603B030BD0424204603B0B4
:104B600030BD02460146FFF7D3F950B96822084923
:104B700001ABFFF7FDF920B92046064B2B6003B0CF
:104B800030BD0524E0E700BF0050845040130020F2
:104B9000441300205AEA5A5A00207047430504D5AE
:104BA0004FF0FF32034BC3F80821024BC3F8080A49
:104BB000704700BF00508450014BC3F8040A70478F
:104BC0000050845008B100F071B84FF47500704780
:104BD00008B100F04FB84FF47500704710B5114898
:104BE00000F080F800B110BD0F4800F07BF80028FD
:104BF000F9D10E4C204600F075F80028F3D10C4B8B
:104C00000C481C6000F06EF801460028EBD100F063
:104C10002DF8044608B1204610BD00F089F8204662
:104C2000FAE700BF3C0100203801002034010020D9
:104C30002C0100203001002008B5084800F05CF885
:104C4000074800F059F8074800F056F8064800F009
:104C500053F8BDE8084000F00BB800BF3C0100204D
:104C6000380100203401002030010020002070476E
:104C7000704700BF10B402460B4C01E0134207D14D
:104C8000D4F8003A13F48070F8D0012042F4807216
:104C900029B1054BD3F804410C60C3F80841024B1D
:104CA000C3F8082A10BC70470050845002460849D7
:104CB00001E01A4207D1D1F8003A13F48070F8D01D
:104CC000012042F48072024BC3F8082A704700BFEB
:104CD0000050845003F012BA03F02ABA0A460021A9
:104CE00003F026BA08B5034B02681B6810689847A2
:104CF000002008BDF800002008B5034B02685B687F
:104D000010689847002008BDF8000020024B026898
:104D10009B681068184700BFF800002008B5034BD7
:104D20000268DB6810689847002008BDF800002082
:104D300070B5094C094D2069AB68984718B1084B0C
:104D400008485B6898470021074AEB6811602069B2
:104D5000BDE87040184700BFE4000020F8000020C4
:104D6000DC00002084880000AC130020F8B51A4D48
:104D70001A4E0446B26828699047E8B9184F3B6854
:104D80004CB1A3B1012B19D0013B3B602869F368FA
:104D900098470020F8BD43B90121124AC2F8001516
:104DA0001149D1F81029002AFBD101333B60F36887
:104DB000286998470020F8BD0C48F8BD0A4AD2F887
:104DC0001039002BFBD1074A6FF07E40C2F8003546
:104DD000FFF7F2FE3B68D7E7E4000020F800002070
:104DE000AC1300200040845000508450E98FFFFF36
:104DF000014B1B68184700BFF8000020014B9B685F
:104E0000184700BFF8000020014BDB68184700BFBF
:104E1000F80000202DE9F041002873D00C4600294D
:104E200070D01D46002B6DD007461AB10122002319
:104E30002A6003602B68002B5FD02946204600F0D3
:104E4000D9FD804600285AD12146286800F0B8FDD7
:104E50008046002853D12868082867D0042867D0E6
:104E6000A0F10200B0FA80F040090121314EC6F8ED
:104E7000C411C6F84011C6F8C411636AC6F83031CF
:104E8000D6F830219342F6D10023C6F82C314FF0EA
:104E9000FF33C6F808316FF01B03C6F80031C6F8BF
:104EA0000C01D6F8040A40F48060FFF785FE0A235F
:104EB000C6F83831069B012B29D023691E4AA2FB74
:104EC00003231B09626A404602FB03F303EB43031F
:104ED000184ADB039B09C2F8D8310123C2F82C31F0
:104EE0003B682A6823F07F4343EA02633B602A68F9
:104EF00043EA02233B60BDE8F081DFF84080404692
:104F0000BDE8F081DFF838804046BDE8F0814FF41D
:104F10007F03D3F80C2C013206D0D3F80C3C064AA0
:104F2000A2FB03231B09CDE71623CBE703209CE755
:104F300002209AE700508450ABAAAAAA310CF100D3
:104F4000350CF10058B34B1EB3F5047F27D230B5B2
:104F50004FF0000ECD00744671464B0901F01F0C56
:104F600050F82330BCF11F0F23FA0CF306D003F0E6
:104F7000010319B901211C468E46EEE79C4201F15E
:104F8000010106D01C464FF0010EA942E5D10020D8
:104F900030BD0EF1010E9645F7D1024830BD0148F3
:104FA000704700BF360CF100C0B32DE9F0434C1E32
:104FB000B4F5047F1DD2E3B1DAB100252E46A84630
:104FC0002C46CF0003F1FF394FEA541C04F01F0EAA
:104FD00050F82C10BEF11F0F21FA0EFC0CD00CF073
:104FE000010C4CB90126E04634463546ECE79642C2
:104FF00016D90C48BDE8F083AB420BD0C44508BFBE
:105000000136A945F3D001350134BC42DCD1002082
:10501000BDE8F0830125E0462E46F5E701487047DC
:105020001D46F1E7370CF1002DE9F04F8FB08246B5
:10503000DDE919460D46002E6ED1096904911C6008
:10504000002318990B60002A00F02881994B6A6AA6
:10505000D3F83811D3F830319A4269D10A2967D18F
:105060009AF80330069304F1080305930423049A85
:105070000393914B8F4CA3FB023B4FEA9B0B0BEB33
:105080004B0BA2EB4B0B189B049E1E60002E00F0F6
:10509000E580002700F0BEFC0797BAF1000F00F092
:1050A000D0804FF00109DDF81480002D00F0C98098
:1050B000069B002B3ED0284606A900F09BFC00284A
:1050C0003AD07E4B984220D0069B082B00F0E0801F
:1050D00000225B000693294606AB50460092FFF77C
:1050E00099FE774B984200F0CF8070B9DAF8002033
:1050F000130A03F47F03134323F07F43CAF80030FD
:10510000039B013B0393BED10020039000F082FC7F
:1051100003980FB0BDE8F08F4FF47F01D1F80C0C6D
:1051200001300CBF4FF40471D1F80C1C049186E7D8
:105130006448EAE76248C4E72946069800F040FC64
:105140000028BED1069B082B00F0A480042B00F0A1
:10515000A380A3F10203B3FA83F35B09C4F8C491FB
:10516000C4F84091C4F8C4916A6AC4F83021D4F8F4
:1051700030118A42F6D10022C4F82C214FF0FF32C0
:10518000C4F808216FF01B02C4F80021C4F80C31E8
:10519000D4F8040A40F48060FFF70EFD0A23C4F837
:1051A00038312B69444AA2FB0313696A1B0901FBCE
:1051B00003F303EB4303DB039B09C4F8D831C4F8C2
:1051C0002C910698DAF8003023F07F41030243EA7D
:1051D00000630B43CAF8003007A800F0E1FB079B0F
:1051E000354A03F01A0303437FF46EAFA2FB063285
:1051F000D4F81431B7EB920F0893D4F8183109930F
:10520000D4F81C310A93D4F820310B93D4F824310C
:105210000C93D4F828310D9302D1BBF1000F12D1B9
:105220004046182208A9183EFFF754FD08F1180857
:1052300001379EB100F0EEFB00230793002D7FF4B1
:1052400037AF21483DE740465A4608A9A6EB0B0672
:10525000FFF740FDD8440137002EEBD1049F059E97
:105260006A6939463046FFF76DFEAA6940B94FF4C6
:10527000806339463046FFF797FE00283FF444AF7D
:105280000023189A13601CE72B6A002B3FF43DAFF4
:105290000E483AE7032361E702235FE7012229462C
:1052A0005046009606ABFFF7B5FD00283FF4DBAE95
:1052B0002BE700BF00508450ABAAAAAA020CF10051
:1052C000310CF100300CF100350CF100320CF10022
:1052D00010B4DDE9013401940024DDF80CC0CDE9FF
:1052E00002C410BCFFF7A0BE30B51546012487B03C
:1052F00005AB00930022CDE9015404ABFFF794FE07
:1053000007B030BDF0B587B0002967D01E46002B2E
:1053100064D01446002A61D0324F0D4638684FF0F1
:10532000FF31FFF7F3FC00283DD12F4BD3F8340EAB
:1053300010F0010015D04FF0FF354FF408712B48E5
:10534000FEF7DEFE04212A48FEF7DAFE294828216E
:10535000FEF7D6FE3868FFF7E1FC40BB284607B0F1
:10536000F0BDFFF703FD002834D1224800F088FA91
:1053700070B91E4A0346029205AA019204AA03903C
:1053800000921C4902461A48FFF7A2FF0346A0B14B
:105390004FF0FF350120FFF7E9FC0028CDD016487B
:1053A000FEF78CFDC9E71548FEF788FDBDE71448F8
:1053B000FEF784FD284607B0F0BD28461D46059B34
:1053C00022469C4228BF1A46049932600831FFF7F2
:1053D00081FCDFE70B48FEF771FDC6E74FF0FF35B4
:1053E000BCE700BF2C01002000608450DC130020CB
:1053F000B0130020B41300204C8800001488000073
:10540000A48800002C88000010B5044630B10022AA
:1054100001236265A265E365236610BD0148FEF7BE
:105420004DFDF4E7BC88000018B174220021FFF79D
:1054300053BC7047C8B1D9B108B50023C02A8363F3
:1054400080F83C300FD0B2F5807F04D0802A03D0A2
:105450006FF01F0008BD02230363D2081030FFF76E
:1054600039FC002008BD0123F6E76FF021007047EA
:105470006FF01F00704700BF70B5044686B0F8B1EA
:105480001046EAB1E3B101291AD8A26B16D0012A5D
:1054900016D1102500210DEB0506019602AA6163C5
:1054A0002946009500F0C8FA50B92B4632462046EE
:1054B00002A900F073FD18B906B070BD002AE8D04B
:1054C0006FF02100F8E700BF10B5044628B1204670
:1054D000BDE81040F421FFF701BC0448FEF7EEFCE4
:1054E0002046BDE81040F421FFF7F8BBD08800004B
:1054F00010B1F421FEF704BE704700BF08B521B11A
:10550000012908D06FF0360008BD012100F058F8DD
:105510000028F7D108BD022100F052F80028F9D088
:10552000F0E700BF30B505468818B0F5801F0B4680
:105530001446A1B001D8802A0CD9B3F5801F17D921
:1055400022461946284600F07DF8044684B92046D4
:1055500021B030BD6846FFF7BDFB224669462846AC
:1055600000F070F8802104466846FFF7B7FBEDE7CE
:105570006FF03604EBE700BF70B5E8B10E46D9B165
:10558000044600F031F80546B0B92368012B0BD072
:10559000022B01D0284670BD1C22304604F10801C0
:1055A000FFF798FB284670BD2022304604F1080121
:1055B000FFF790FB284670BD6FF03605EAE700BFA5
:1055C00078B138B50D46F0210446FFF787FB40233C
:1055D00020462560E36500F061FA003818BF01201D
:1055E00038BD0120704700BFF0B5056EA5B0044678
:1055F00004AEE5B9002301270193304667602946D0
:1056000002AA009300F018FA10B1012025B0F0BDF5
:105610002A46204602A900F069FA0028F5D1204662
:1056200000F06CFB0028F0D1206625B0F0BD802D85
:105630002A46304628BF802204F16401FFF74AFB66
:10564000256ED7E7002800F0AE802DE9F04F144614
:10565000A5B0002A3DD00F46002949D0B2F5803FC1
:105660000546006E20D34FF6FF7805F1640AEB6D16
:105670001A1AB2FBF3F103FB1122002A65D183420F
:10568000B9464FF6FF7672D0B6FBF3FB03FB0BFB7C
:10569000BBF1000F30D1002E45D1A4F57F44FF3C73
:1056A000B4F5803F4744E2D2EA6D161AB6FBF2F336
:1056B00002FB1366A64228BF2646002E75D1824201
:1056C00000F08D80B4FBF2F602FB06F62EB9002C3A
:1056D00079D1002025B0BDE8F08F0023314638464F
:1056E000CDE9003302AA00F0A7F9002800F0958068
:1056F000012025B0BDE8F08F002359464846CDE98A
:10570000003302AA00F098F90028F1D15A46284641
:1057100002A900F0EBF90028EAD1A6EB0B06286EEF
:10572000D944002EB9D019304946324605EB8000E5
:10573000FFF7D0FAA4F57F44286EFF3C3044B4F55F
:10574000803F4744286692D2AEE7424528BF424692
:10575000164639465044FFF7BDFA286EEB6D3044CB
:10576000834207EB06092866A8EB06068CD1802B3E
:1057700028BF802351461A4604A8FFF7ABFA00233E
:10578000E96D02AACDE9003304A800F055F900281C
:10579000AED12846EA6D02A900F0A8F90028A7D1E9
:1057A000EB6D286670E70120704705F16403394608
:1057B00032461844FFF78EFA286EEA6D3044A41B77
:1057C000374428667BE72B6E2246193305EB8300AE
:1057D0003946FFF77FFA2B6E23442B6679E7802A40
:1057E00028BF802205F1640104A8FFF773FA0023A3
:1057F000E96D04A8CDE9003302AA00F01DF90028E4
:105800007FF476AF2846EA6D02A900F06FF9002810
:105810007FF46EAFEA6D286654E73246284602A947
:1058200000F064F900287FF463AF3744A41B4EE70F
:10583000F8B51C460546114816460F46FFF744FECC
:1058400021460E48FFF75AFE044620B10B48FFF7E9
:105850004FFE2046F8BD3A4629460848FFF762FE4B
:1058600004460028F2D131460448FFF785FE04467D
:105870000248FFF73DFE2046F8BD00BFFC150020A2
:105880001C2370B582B001A90546019300F032F8DF
:10589000044638B9019B1C2B07D0144C1C21284608
:1058A000FFF71CFA204602B070BDD5E90112131EA5
:1058B00018BF0123003918BF0121012628689B0069
:1058C000EA6843EA4103002818BF43F00103EE6190
:1058D0002AB9C5E90834002BE4D1054CDEE720469F
:1058E00043F00803C5E9083402B070BD370CF0007E
:1058F0000E0CF000034618B111B10A681C2A01D041
:10590000012070474FF47F02D2F8101C01310CBF08
:1059100040F2DC51D2F8101C4FF47F020160D2F843
:10592000141C01310CBF40F2DC51D2F8141C4FF4AE
:105930007F024160D2F8181C01310CBF40F63401DF
:10594000D2F8181C4FF47F028160D2F81C1C013180
:105950000CBF40F63401D2F81C1C4FF47F02C1602A
:10596000D2F8001C01310CBF9021D2F8001C4FF47A
:105970007F020161D2F8041C01310CBF5121D2F821
:10598000041C4FF47F024161D2F8081C0020013151
:105990000CBF40F23732D2F8082C9A61704700BF32
:1059A000014608B54FF48060FFF712F90022034B5F
:1059B000C3F8C821C3F82C2108BD00BF0050845093
:1059C0000138072805D8DFE800F0100E040A0404A7
:1059D000040607487047CB6800204B6270478B680D
:1059E00000204B6270474B68F6E70B68F4E700BF96
:1059F000310CF1000B6802E0082B0B6006D8026A3C
:105A000013424FEA4303F7D0002070470048704725
:105A1000310CF100002310B5064C4FF48060C4F83F
:105A20002C31C4F8C431FFF7B9F84FF0FF33C4F894
:105A3000083110BD005084502DE9F041002482B09F
:105A400015461E4601220DF107030746DDF82480A6
:105A50008DF8074000F05AFFD0B99DF80730044692
:105A60002F602B71B8F1000F0ED04EB1024608998D
:105A700030460DF1070300F049FF48B99DF80730A3
:105A8000C8F8006088F80430204602B0BDE8F08114
:105A90004FF47504204602B0BDE8F081D8B108B5D6
:105AA0000368012B04D0022B0FD043B10B4808BD73
:105AB00020220B490830FFF70DF9002008BD142201
:105AC00008490830FFF706F9F7E7202206490830B1
:105AD000FFF700F9F1E74FF4730070470100F3009E
:105AE000E088000020890000008900002DE9F047CF
:105AF000002900F0EB800446002800F0EB800368EA
:105B000088469146002B00F0B580013B012B00F246
:105B1000C9804FF0FF3171484FF0020AFFF7F6F8E5
:105B2000002840F0B1800020FFF720F90746002848
:105B300040F0B4806A4DD5F81069002EFBD14FF0CB
:105B4000FF30FFF72BF8D5F8040A20F40060FFF7C8
:105B500033F801230722C5F81838C5F82038C5F8EE
:105B60000029C5F8C437C5F8A466A36CC5F8CC37BE
:105B7000E36CC5F8D037C5F8C0A723685BB1013B1B
:105B8000012B18D8636AC5F85C36236AC5F8583605
:105B9000E369C5F85436A269514BC3F850266269CF
:105BA000C3F84C262269C3F84826E268C3F84426A5
:105BB000A268C3F84026B9F1000F56D063684FF4CD
:105BC0000060012B04BF464AC2F8843698F80430BE
:105BD000D8F80010424A5B0003F00203C2F80C3B05
:105BE000C2F8281CC2F82C9CFEF7ECFF074623687D
:105BF00063B1013B012B19D8394BD3F85C266262A3
:105C0000D3F858262262D3F85436E361344BD3F8E4
:105C10005026A261D3F84C266261D3F8482622614F
:105C2000D3F84426E260D3F84036A3600022012175
:105C30002B4BD3F8CC07A064D3F8D007E064C3F8AB
:105C4000C417C3F88426C3F8C827C3F81828C3F8B4
:105C50002028AFBB0120FFF789F868BB1F48FFF77A
:105C60005DF818BB3846BDE8F08704221C4BC3F82A
:105C7000C827BCE74FF0FF3118484FF0010AFFF783
:105C800045F800283FF44FAF1648FEF717F90020FB
:105C9000FFF76CF8074600283FF44CAF1248FEF7B8
:105CA0000DF947E7114F3846BDE8F0871048FEF779
:105CB00005F93846BDE8F0870E48FEF7FFF8CDE756
:105CC000102104F10800FFF709F8C3E70A4F38462E
:105CD000BDE8F0874FF47307C4E700BF3C01002024
:105CE00000508450148800002C8800000100F3004C
:105CF0006C8800004C8800000300F300A0B303464A
:105D000070B4D0E90240D3E9041226BA05BA0CBA3D
:105D100010BAC3E90440D3E90612986A09BAC3E984
:105D2000026512BA996100BAD3E9084125BA0CBAE2
:105D3000C3E90725D3E90B12C3E9094009BAD86BB7
:105D400012BAD962D3E90D4125BAC3E90C250CBAC0
:105D500000BAD3E9101209BA12BAC3E90E401964A5
:105D600000205A6470BC70474FF47300704700BF46
:105D700070B500284DD0436B0446032B3CDD063B39
:105D8000012B3BD8A36B012B3BD8E36D012B3DD8F6
:105D9000236E012B41D8224ED6F81059002DFBD18D
:105DA0004FF0FF30FEF7FAFED6F8040A20F4006048
:105DB000FEF702FF0123C6F80039C6F8BC54636B36
:105DC00023F00402032A18BFA16B226B0CBF2946E3
:105DD00001F00101022A17D89B0003F01C0343EADB
:105DE00002330F4A0B43C2F8C034636B072B06D152
:105DF0000123C2F87C3402E0002BC3DA094D2846A7
:105E000070BD094D284670BD084DF8E7084D28467D
:105E100070BD4FF47105284670BD064DEFE700BF19
:105E2000005084500100F1000200F1000600F10072
:105E30000300F1000400F10000287DD038B590F88F
:105E40003C300446002B55D0022B23D03C483D4D1E
:105E50002A683D4B1268C3F800242A685268C3F8C8
:105E600004242A689268C3F808242A68D268C3F810
:105E70000C242A681269C3F810242A685269C3F8EE
:105E800014242A689269C3F818242A68D269C3F8CE
:105E90001C2438BD016B006C00F032FB294D00283A
:105EA000D6D12A68284B1268C3F800242A685268A1
:105EB000C3F804242A689268C3F808242A68D268C0
:105EC000C3F80C242A681269C3F810242A6852699E
:105ED000C3F814242A689269C3F818242A68D2697E
:105EE000C3F81C24216B206C00F020FB0028AFD1EC
:105EF000002038BD0269144BC3F800244269C3F87E
:105F000004248269C3F80824C269C3F80C24026B14
:105F1000013A012AECD8026AC3F81024426AC3F895
:105F20001424026B022AE3D1826AC3F81824C26ADD
:105F30000020C3F81C24DCE74FF47100704700BF59
:105F40000900F1002801002000508450114A124B32
:105F500011680968C3F8001411684968C3F804148B
:105F600011688968C3F808141168C968C3F80C146B
:105F700011680969C3F8101411684969C3F8141449
:105F800011688969C3F818141268D269C3F81C240F
:105F9000704700BF28010020005084502DE9F04FC9
:105FA00085B0002958D01746002A55D0044600284D
:105FB00000F0DC809846C36D0E46002B42D1B8F548
:105FC000805F44D294F83C30042B00F0C7804FF03F
:105FD000000A4FF0FF31B548FEF798FE002840F068
:105FE000B9800020FEF7C2FE002840F0AF804FF0DD
:105FF0000109DFF8BCB22046CBF81098CBF8209806
:10600000FFF7B6FE054620B92046FFF715FF054607
:1060100038B3BAF1000F40F085800022A44B012074
:10602000C3F81028C3F82028FEF7A0FE002840F08F
:1060300089809E48FEF772FE00287CD1284605B074
:10604000BDE8F08F012BBDD1B8F5803FBAD3994D93
:10605000284605B0BDE8F08F974D284605B0BDE84D
:10606000F08F636B072B00F2CA8009FA03F919F06D
:106070008A0F40F0D38019F0440F40F0C28019F02D
:10608000010F00F0BC8033793A795B0002F0010225
:1060900003F002031343864A31683868C2F80C3BA8
:1060A000636B23F00403032B0AD0236E012B0BBF79
:1060B000C2F8280DC2F8300DC2F82C8DC2F8348D0C
:1060C000E36D4FF40060012B794B0BBFC3F8281C24
:1060D000C3F8301CC3F82C8CC3F8348CFEF772FD67
:1060E0000546002895D1626B072A15D801239340F5
:1060F00013F08A0F40F09F8013F0440F0CD06C4BCC
:10610000D3F860242260D3F864246260D3F8682452
:10611000A260D3F86C34E3600123A365BAF1000FE9
:106120003FF47BAF0423202104F1100084F83C30BD
:10613000FEF7D4FD71E76148FDF7C0FE284605B0C3
:10614000BDE8F08F5E48FDF7B9FE72E75D48FDF7E8
:10615000B5FE4CE75C48FDF7B1FE42E7216B206CD1
:1061600000F0B8F928B14FF0010A32E74FF4710599
:1061700064E7DFF858914E4DD9F800301B68C5F838
:106180000034D9F800305B68C5F80434D9F8003021
:106190009B68C5F80834D9F80030DB68C5F80C34C2
:1061A000D9F800301B69C5F81034D9F800305B69A4
:1061B000C5F81434D9F800309B69C5F81834D9F8FB
:1061C0000030DB69C5F81C34216B0229CBD8236D64
:1061D0004FEAC10A0193E36C0AF1100A04F1100BB3
:1061E0000093CDF80CA0CDF808B0206CD4E91123B1
:1061F00000F09CFA68BB002384F83C30B3E7344DD0
:1062000007E72368CBF860346368CBF86434A3688D
:10621000CBF86834E368CBF86C3434E72368CBF808
:1062200040346368CBF84434A368CBF84834E3685F
:10623000CBF84C3427E71E4BD3F840242260D3F828
:1062400044246260D3F84824A260D3F84C34E3605D
:1062500062E7D9F8003051461B685846C5F800344B
:10626000D9F800305B68C5F80434D9F800309B6871
:10627000C5F80834D9F80030DB68C5F80C34D9F813
:1062800000301B69C5F81034D9F800305B69C5F8D7
:106290001434D9F800309B69C5F81834D9F80030A7
:1062A000DB69C5F81C34FEF719FDA4E73C010020AA
:1062B000005084500500F1000B00F1006C880000D4
:1062C0004C8800002C880000148800002801002061
:1062D0000100F1002DE9F04701B3FAB104460028AE
:1062E00054D01D46436B0E46072B1BD05DB9032BC4
:1062F00010D1836D73B945668566C566056710253F
:1063000000F164030B602B4631462046BDE8F047A0
:10631000FFF744BE2F463846BDE8F087644F384645
:10632000BDE8F087C36DA3BBB5F5805F36D20DB96C
:10633000A36D9BBB4FF0FF315E48FEF7E7FC0028E2
:106340004CD10020FEF712FD002843D14FF0010888
:10635000DFF864912046C9F81088C9F82088FFF753
:1063600007FD0746E0B10022534B0120C3F8102877
:10637000C3F82028FEF7FAFC40BB4E48FEF7CEFCDF
:106380000028C8D04D48FDF799FDC4E74FF47107C8
:10639000C1E7012BCBD1B5F5803FC8D3484FBAE751
:1063A0002046FFF749FD07460028DCD1636B072B29
:1063B0000AD808FA03F818F08A0F13D118F0440F1E
:1063C0005AD118F0010F19D13E4FCCE73E48FDF7E6
:1063D00075FDD2E73D48FDF771FDB7E73C48FDF795
:1063E0006DFDAEE72368C9F840346368C9F84434EA
:1063F000A368C9F84834E368C9F84C3401212E4A2F
:10640000C2F87C14C2F8BC54337930688B4003F076
:106410000203C2F80C3BE5B9A36D0BB9C2F8241511
:10642000626B072A9FD80123934013F08A0F30D163
:1064300013F0440F97D0204BD3F860242260D3F898
:1064400064246260D3F86824A260D3F86C34E360FB
:1064500089E7E36D012B0BBFC2F8280CC2F8300CA2
:10646000C2F82C5CC2F8345C4FF40060FEF7AAFB63
:106470000028D5D0074676E72368C9F860346368FA
:10648000C9F86434A368C9F86834E368C9F86C349F
:10649000B4E7094BD3F840242260D3F84424626067
:1064A000D3F84824A260D3F84C34E3605BE700BF24
:1064B0000B00F1003C010020005084506C8800006B
:1064C0000500F1000100F1004C8800002C8800005C
:1064D000148800007F2809D851B10139022909D850
:1064E00005497F280CBF08460020704702487047C6
:1064F00008467047014870470100F7000300F700A5
:106500007F2809D851B10139022909D805497F28C6
:106510000CBF084600207047024870470846704785
:10652000014870470100F7000300F7000129F0B4AB
:1065300007D0022900F0898000295AD07248F0BCA7
:1065400070470022714C724B4FEAC00CC4F8001522
:10655000451C0CF57F04C3F8082104F50444C3F876
:106560000021C3F80421C3F800556A4E2468B442E0
:1065700040F0B380196002E0002940F0B580D3F804
:106580000021D3F80841D3F804112243F4D0002CA1
:1065900040F0B180002940F0A78001245B4AC3F895
:1065A00000150230C2F800455B4AC3F80811C3F871
:1065B0000011C3F80411C3F8000552F80C00574A43
:1065C000904240F08E80524A1C6002E0002840F069
:1065D0008B80D2F80031D2F80811D2F804010B43B5
:1065E000F4D0002940F08C8000287DD1C2F800054D
:1065F00028E00124464BC200444E204402F57F02AD
:10660000C6F8004502F50442C3F80811C3F80011AA
:10661000C3F80411C3F800053E4D1268AA4260D1C8
:106620001C6001E000285FD1D3F80021D3F80811E5
:10663000D3F804010A43F5D000295CD1002853D1D6
:10664000C3F800050020F0BC704701250022304B44
:106650002E4F4FEAC00C44190CF57F01C7F80055C6
:1066600001F50441C3F80821C3F80021C3F804214F
:10667000C3F80045274E0968B1422ED11D6000E0E5
:1066800091BBD3F80021D3F80841D3F80411224379
:10669000F6D084BB41BB01241C4AC3F8001502306C
:1066A000C2F800451C4AC3F80811C3F80011C3F82A
:1066B0000411C3F8000552F80C00184A904210D19A
:1066C000134A1C6000E078B9D2F80031D2F8081102
:1066D000D2F804010B43F6D083E7C3F80025104835
:1066E0002DE7C3F80015FAE70022094B0D48C3F85F
:1066F0000025F0BC70470022C3F800250A481EE7B9
:106700000023C2F80035F9E70C00F1000040845086
:1067100000900350005484500884FF0010548450AB
:106720000600F7000200F7000100F7002DE9F0472E
:106730000024CCB0824689461646214674220EA813
:106740001F46579DDDF8588101F0F2FC802221465A
:106750002CA82B9401F0ECFC8423B5F57F6FCDE9D8
:106760000A440D940C94059364D8FFF7EFFB05AB36
:1067700030462BAE01933946DDE95423029500964D
:1067800000F064F8002850D1022307228DF813305E
:106790009DF813301B928DF87430002201230124E0
:1067A00010211C900EA8CDE92423CDF86890CDF8D7
:1067B00078A02694FEF792FA10220DF1200900929B
:1067C000304605990AABCDF8049006AAFFF734F9D4
:1067D000074688B11EE0102D2E4628BF10260EA9B0
:1067E0003246FEF777FA10210EA8FEF777FA013449
:1067F000AD1B3744E4B222D0059B4A4606A90EA839
:106800008DF8AC40FFF766FD034608EB0700002B50
:10681000E1D01F460EA874220021FEF75DFAFFF7B3
:1068200095FB38464CB0BDE8F087064F38464CB073
:10683000BDE8F087044F38464CB0BDE8F0872F46DE
:10684000E8E700BF0E00F1000F00F1002DE9F04174
:10685000002482B00A9D0194B5F57F6F40D8ED0009
:10686000B5F5807F1E4634BF0323042301F1FF3CAE
:10687000BCF13F0F0C46009332D888B3174666BB75
:10688000089A6AB3099A116851B3A219134499423C
:1068900026D3089B01462246581CFEF71BFA089B8C
:1068A00004F102081C440023637026BB089BFF2DE3
:1068B000009503EB080017D92B029BB243EA15237E
:1068C000022201A90193FEF705FA08F10203002054
:1068D000099A136002B0BDE8F0810AB1402ECFD909
:1068E000094802B0BDE8F08101226946FEF7F2F9DD
:1068F00008F10103EBE7089B324603EB0800394639
:10690000FEF7E8F9B044D1E70600008000201870D7
:10691000704700BF2DE9F04F43688DB015468046A3
:10692000029383789A0740F10D8100240E78002E9F
:1069300000F00A81252E0BD04B1C039301344146F5
:106940003046029B98470028C0F2F6800399EDE795
:106950004E788B1C252E0393F0D00027B946BB46FA
:10696000BBF11F0F38D8A6F12003102B0AD8DFE89F
:1069700003F02A0909300909092109090928092D03
:1069800009091F00A6F13003092B33D92A2E37D16C
:106990001BF0400F55F8043B40F08280002BA7BF4E
:1069A0004BF0200B9946C3F100094BF0280B01E096
:1069B0004BF0010B039B13F8016B0393002ECFD117
:1069C00030E04BF0020B4BF0040BF3E74BF0080BFD
:1069D000F0E74BF0100BEDE7BBF17F0F19D8A6F1F4
:1069E0003003092BD2D81BF0400F03D00A2101FB42
:1069F0000737DFE70A214BF0200B01FB0939D9E704
:106A00002E2E06D11BF0400F40F09E804BF0400B25
:106A1000D0E76C2E31D02BD8682E36D06A2E3CD0E1
:106A20004C2E3AD0002F46F02003B8BF2BF0400286
:106A3000A3F16501BCBF00271FFA82FB022901D91F
:106A4000612B2FD107350727DFF8ACA225F007050A
:106A500008351BF0080F66D00AEB070B56465E455B
:106A600063D1A4EB0A0AA9EB070906EB0A026FE15E
:106A7000742E9FD07A2E9DD0D4E71BF0800F18BFC4
:106A80004BF4007B4BF0800B94E71BF4807F18BF26
:106A90004BF4007B4BF4807B8CE74BF4207B89E745
:106AA0001F4687E7A6F16301122900F2F080DFE8B4
:106AB00011F013004F00EE00EE00EE00EE004F006C
:106AC000EE00EE00EE00EE00EE00FE00E900EE004B
:106AD000EE001B00EE00AF0055F8043B01270DF15E
:106AE000180A8DF81830B4E755F804AB834BBAF1A7
:106AF000000F08BF9A461BF0400F504614BF39469E
:106B00004FF0FF3101F02CFB0746A2E74146202061
:106B1000029B984700280FDB013EB742F6D34C4456
:106B2000B146A41B98E74E46F7E7414616F8010B1D
:106B3000029B9847002892DA98F8023043F0040349
:106B400088F802304FF0FF3420460DB0BDE8F08FDA
:106B50001BF0800F34D01BF4007F2CD0073525F0BC
:106B60000705AA4669685AF8080B2BF0100500299A
:106B7000ADB237DA404245F4806561EB41010DF179
:106B8000180B0A235A4601F0F7FAA0EB0B03019306
:106B90006B0662D5019B25F001019F4289B240F34B
:106BA000A180002E00F0998015F0100240F09C802A
:106BB000BB460D4623E0AA465AF8040BC117D4E79A
:106BC000AA461BF4807F5AF8041B01D10846F5E75A
:106BD0001BF4007F19BF48B241F3C01108B241F362
:106BE000C031C2E750EA0103C9D11BF0400FC6D043
:106BF000002FC4D12BF01102BB46019795B240F291
:106C0000064115EA01021CBF0BF1010B00222CE02A
:106C10002BF010020A231FFA82FB1BF0800C49D0D4
:106C20001BF4007115BF0735AA4625F007055AF871
:106C3000040B1EBFAA4669685AF8080B50EA010502
:106C400045D12BF016051BF0400FADB242D0002FFE
:106C500040D12BF01702019795B215F0100248D0E1
:106C6000019B002E42D103F1010B29075AD4EB07F7
:106C700006D5D9456FDDA9EB0B030199CB465F180B
:106C80005B4649E04BF0100B10237826C5E7782BC4
:106C900004D1C6F1780343F01003BEE74146252036
:106CA000029B98470028FFF647AF023447E60823C7
:106CB0000026B2E7AA461BF480715AF8040BBDD037
:106CC0001BF400711ABFC0B2614680B2B6E72BF068
:106CD000060295B20DF1180B54E725F01105BB46DD
:106CE000ADB28CE70D46B8E73B460D4603F1020B0B
:106CF000BBE7DDF804B082E75C8F0000558F000031
:106D0000CDE9043241462020029B98470028FFF637
:106D100013AF049B059A01339945F1DCA4EB0B01F9
:106D20009B46CC180AB341463020029B9847002866
:106D3000FFF602AF8EB901342744391B019B9942FB
:106D400024DC1D4655BB019AA9EB0B09554622448C
:106D50001446914433E0019F92E7023441463046A5
:106D6000029B98470028E7DAE6E640F206410D422A
:106D7000E2D015F0020F04F10104414614BF2B20AC
:106D8000202015F4806F18BF2D20E9E74146302000
:106D9000029B013498470028CFDACDE606AB013DCF
:106DA0004146585D029B98470028CBDAC4E641462D
:106DB0002020029B013498470028FFF6BDAEA9EBC6
:106DC0000403002BF3DCC1E57047014640F2E730D5
:106DD00008B54FF47A72002300EBC1304914F9F77B
:106DE000B9F9BDE8084001F00FB9836800EBC101B3
:106DF000B3F5004F2CBF51F8220031F81200704754
:106E000000EBC1018068B0F5004F2CBF41F8223083
:106E100021F812307047012208B5FFF7E6FFD04095
:106E200008BD836800EBC101B3F5004F08D34B6880
:106E30001AB143F001034B60704723F00103FAE7F6
:106E40004B881AB143F001034B80704723F00103D4
:106E5000FAE753000122FFF7D3BF8368481CB3F55C
:106E6000004F34BF042308230833A0EBD300B0FA4B
:106E700080F0C0F11F0070472DE9F0410D46866893
:106E80000446FFF7C8FFB6F5004F014601D30128BD
:106E900032D02046FFF7E1FF04EB80010E6996B97E
:106EA0000122E36882401343E36002220D612B4616
:106EB00029462046FFF7A4FF032229462046BDE8C5
:106EC000F041FFF79DBF022231462046FFF78DFFBC
:106ED0000746034629462046FFF792FF0322334622
:106EE00029462046FFF78CFF39462B462046FFF700
:106EF00087FF02223146E1E7BDE8F081B2F5802F3D
:106F00002CBF082304232DE9F0410026D21A8C1847
:106F1000CD1D25F0070524F00704641BE408056077
:106F200021462846AC60EE60FFF797FF421D9200B5
:106F3000013002F107074FEAD7073146A2F11002EC
:106F400005F11000B8BF324601F0F2F83A4631467A
:106F50002846FFF77EFF3346324631462846FFF784
:106F60004FFFA4EB0708284631460122FFF759FFDF
:106F700042463946FFF76DFF3B46324639462846C2
:106F8000FFF73EFF21462846FFF763FF43463246A0
:106F900021462846FFF734FF214628460122FFF705
:106FA00040FF3946BDE8F041FFF766BF002070475B
:106FB0000FB407B504A951F8040B0191F9F78EFA43
:106FC00003B05DF804EB04B07047038B13F00703C4
:106FD00005D10368002B0CBF002003207047022B53
:106FE00005D1408BB0FA80F0400980007047012B3A
:106FF00005D10368002B0CBF00200520704700203E
:10700000704710B50C4600B111B96FF0150010BDF6
:10701000081D00F093F80028F9D1A368032BF6D9D6
:10702000F3E72DE9F0410D4607461946281D904625
:107030001E4600F094F8044638B1334642462946CD
:107040003846A446BDE8F0416047BDE8F08110B481
:10705000EFF31182202484F31288BFF36F8F416114
:1070600010BC0121F9F76CBA38B50C46054658B189
:1070700051B10B6843B14B6833B11C22002101F0C0
:1070800057F800202C6138BD6FF01500FBE770B594
:1070900005460E46FFF7B5FF041E14DBEFF3118221
:1070A000202383F31288BFF36F8F4FF6FF716B8B32
:1070B0002C8B8B4204F0070407D182F31188BFF3B5
:1070C0006F8F6FF00A04204670BD022C0CD1013383
:1070D0006B8382F31188BFF36F8F00232246314602
:1070E0002846FFF79EFFEEE7062C14D8DFE804F0F1
:1070F00004131313041A0400002333606B683BB9B4
:10710000C5E90066ACB902212846F9F719FADAE7B1
:107110001E606E60F6E782F31188BFF36F8F6FF029
:107120000404D0E782F31188BFF36F8F6FF08504FA
:10713000C9E782F31188BFF36F8FC4E7034658B1E4
:10714000426802F00302012A03D0032A04D1026834
:1071500012B10020986070476FF0150070474268C8
:10716000034602F00302032A4FF00002816014BFBD
:10717000104600685A6070477047FEE700F0D8BFBD
:1071800000F0AFBF01460068F9F722BC08B5F9F777
:107190004FFCBDE80840F9F76FBC00210120F9F76A
:1071A00017BCD0F8943083F30B8870476FF08500DC
:1071B000704761B662B680F31188BFF36F8F704776
:1071C00008B572B6002383F31188BFF36F8FFAF707
:1071D00003FA50B1BFF34F8F30BF00BF00BF00BFF5
:1071E00000BF00BF00BF00BF00BF62B6BFF36F8F1C
:1071F00008BD10B5044672B6002383F31188BFF3AF
:107200006F8FFAF7E9F950B1BFF34F8F20BF00BF7E
:1072100000BF00BF00BF00BF00BF00BF00BF84F3BE
:107220001188BFF36F8F62B610BD40E800F313F40E
:10723000803FD8B208BF6FF01500704730B50C68BA
:107240004B6885B00A894D890094013B24F01F04E6
:10725000234402F01F0242EA451223F01F0369464D
:107260008DF808200393F9F7C3FF05B030BD08B5CA
:10727000FAF77EF9002008BD4FF05023012270B5C7
:107280000C460546C3F814260020FAF727FA2846CC
:107290002346BDE87040002118470C220369C9B29B
:1072A00001FB0233986F00F00700704770B5C9B258
:1072B0000369EFF31185202484F31288BFF36F8FE5
:1072C0000C2606FB0134A46F14F0C00408D0A242BF
:1072D00006D085F31188BFF36F8F4FF0FF3070BD7C
:1072E000012206FB01339A6785F31188BFF36F8F84
:1072F000436803EBC1035B6898470020EFE78022F7
:10730000FFF7D4BFF8B5069F0469C9B2EFF3118641
:10731000202585F31288BFF36F8F0C2505FB0144F0
:10732000A56F05F0070CBCF1010F0CD1A76786F320
:107330001188BFF36F8FC4E91C23436853F83130C1
:1073400098470020F8BD05F0C005AF4286F31188CC
:10735000BFF36F8F0CBF6FF077004FF0FF30F1E796
:1073600013B580240094FFF7CDFF02B010BD10B418
:107370001C240069CBB203FB0400002110BC1047A1
:10738000032000F0DDB9022000F0DAB9032000F09C
:10739000E6B9022000F0E3B91046FBF783BF00F026
:1073A00067BAFBF71DBB002208B511461046FCF773
:1073B000AFFD002818BF6FF0150008BDF7B50F46E8
:1073C00016464FF480650024A64203D816D0162036
:1073D00003B0F0BD331BB3F5806F38BF1D460020EE
:1073E0002A4601AB3919FCF7C3FD20B9019BAB421A
:1073F00001D12C44E8E76FF01500E9E70020E7E74A
:10740000436800205B681B690B607047436802EAB1
:1074100001005B6821EA020198600020D960704792
:10742000436800205B6899607047436800205B6890
:10743000D960704743685A68536821EA03000B40DB
:1074400090600020D360704710B503695868F8B1A8
:10745000884219D19C680868A142586000D19860A0
:10746000002008602AB15A680A609A68596002B917
:107470009960002010E0814206D108682060986879
:107480008142EDD19C60EBE7044600680028F2D110
:10749000002AE8D16FF0150010BDFBF7E3BB30B553
:1074A00043681360057A446804EBC504A34202D321
:1074B0006FF0010030BD5C798C4201D00833F0E7F9
:1074C0000020F7E743681B68D3F88004C3F8800402
:1074D000704742681368D3F8100150B10020126A57
:1074E00012780A70C3F81001D3F8102101221A6033
:1074F00070474FF0FF30704702680346D2F85801DA
:1075000040B95B68DB0706D4D2F82001003818BF09
:10751000012070470120704743681B68D3F804239B
:10752000D20517D5D3F82021A2B1EFF31182202183
:1075300081F31288BFF36F8FD3F8201131B100218E
:10754000C3F82011D3F820110121D96082F31188EA
:10755000BFF36F8FD3F85831704713B501AA0446B3
:10756000FFF79DFF002805DB019B22681979186849
:10757000FAF7A2FC02B010BD6FF085007047F8B5B5
:107580000546002201210820F9F762FD0820F9F7DD
:1075900043FD6C680121E068FFF7DFFF6B68196845
:1075A0002369C1F82435A27D637D207D1343228B9E
:1075B00002431343C1F86C356E68D6E9004313F0FB
:1075C00001033CD02F6904F10C0107F1080204F516
:1075D000907000F0A1F8002830DB387AFBF7B8F89B
:1075E0000823C4F80035F369C4F844350023C4F80F
:1075F00048350123A360D4F85831002BFBD0002676
:10760000C4F800656B683146D868FFF7A6FF6D685F
:107610003146E8682C68FFF7A0FF0823C4F800355E
:107620002A7A52B92B6AC4F834350123C4F83835A4
:10763000C4F81021D4F8102123600020F8BD0822DE
:10764000C4F80025F269C4F84425C4F8483501237C
:10765000A360D4F82031002BFBD00023C4F82031E4
:10766000D4F820310123E3604FF48073C4F804336D
:10767000C1E7002200F150039B009BB203F15023AD
:1076800003F580331A601B68704708B5FAF7BCFD34
:1076900008BDFCF7DFBB08B5F9F774F8F9F75AF93C
:1076A000BDE80840FCF7D6BB03460020184700F0B1
:1076B0008FBB024610B5116891B1B1FA81F3C3F1E5
:1076C0001F000123834021EA0303D2E8EF4F8C42DD
:1076D00004D1C2E8EC3FBCF1000FF6D1EBD110BDF4
:1076E0006FF00B00FBE710B50368CB40DB0710D44D
:1076F00001238B40026843EA0201D0E8EF4F944235
:1077000004D1C0E8EC1FBCF1000FF6D1F2D100208B
:1077100010BD6FF01500FBE770B50D460021064661
:1077200008461446FBF706F848B9237843F00043AF
:10773000C6F88030237843F00043C5F8803070BD30
:1077400003280BD8DFE800F002040608FBF748B96D
:10775000FBF774B8FBF7FCB8FBF7B2B87047032827
:107760000BD8DFE800F00402060800F02EB800F0A5
:107770007FB800F062B800F044B8704708B5FBF776
:1077800079F8FBF771F9FBF701F9BDE80840FBF761
:10779000B5B838B54FF050240123C4F808336360FE
:1077A000002342F21075C4F80031D4F80031D4F847
:1077B0000C24D4F80C34D20306D5DB0704D5012001
:1077C000FFF775FF013DF2D138BDFFF7E2BF38B5D5
:1077D0004FF050244FF48073C4F808330123E36161
:1077E000002342F21075C4F82031D4F82031D4F8C7
:1077F0005434DB0304D50120FFF759FF013DF6D1D6
:1078000038BDFFF7E4BF38B54FF050244FF4007394
:10781000C4F8083301236362002342F21075C4F8F0
:107820002431D4F82431D4F85C34DB0304D50120AE
:10783000FFF73DFF013DF6D138BDFFF7E4BF38B596
:107840004FF050240223C4F808330123E3600023DF
:1078500042F21075C4F80431D4F80431D4F8183465
:10786000DB0304D50120FFF722FF013DF6D138BD2F
:10787000FFF7E5BFF7B51646DDE90847019001A817
:107880001D46FBF72BF9019BB6F1000C18BF4FF01A
:10789000010C00EB83000B1E18BF0123002D43EAEF
:1078A0004C0314BF4FF00C0C4FF0000C002C43EABB
:1078B0000C0314BF4FF4706C4FF0000C002F43EA20
:1078C0000C0314BF4FF4403C4FF0000CD0F80022E2
:1078D00043EA0C0322EA030301B109780EB13678BA
:1078E000760019430DB12D78AD0031430CB12478E9
:1078F000240229430FB13F783F040C433C43C0F8B6
:10790000004203B0F0BD1FB50DF10F03019300233A
:107910008DF80F101A4619460093FFF7ABFF05B01C
:107920005DF804FB10B504460846FBF7E9F804EBE4
:107930004004A08AC0F3401010BD10B504460846AC
:10794000FBF7DEF804EB4004A08AC0F3400010BD52
:1079500010B504460846FBF7D3F804EB4004A08AB0
:10796000400B10BD70B5044608461646FBF7C8F834
:10797000083034F810300D46DA0509D5C3F3432337
:1079800004EBC3023146284654F833305268984716
:10799000A3682BB131462846E268BDE8704018471D
:1079A00070BD10B504460846FBF7AAF800B204EB18
:1079B0004000838ADA051DD5C3F3432123F4F8532D
:1079C000838204F1120204F1720032F8023F13F4D0
:1079D000807F03D0C3F3432399420BD08242F4D17A
:1079E000002204EBC1035A6004F17800BDE81040A6
:1079F000FFF779BE10BDF0B504460020012705460B
:107A0000844695420AD1D4F87C3133B10023C4F8BE
:107A10007C31D4F87C3140F00040F0BDEBB29B00EB
:107A200003F580769B0807FA03F3194208D054F84F
:107A300006E0BEF1000F03D044F806C0A659184373
:107A40000135DEE738B504460D46FFF76BFFB0B1F0
:107A50002046FFF772FF90B92046FFF779FF012318
:107A600022688340C2F80833236800B203EB800326
:107A7000D3F8102522F00302C3F8102538BD28469C
:107A8000BDE838400021FFF73EBF2DE9F04317461F
:107A9000044685B00846FBF733F8D7F800800E4659
:107AA0000546B8F1000F1FD02046FFF746FF18B17A
:107AB0002046FFF737FF30BB00230DF10F02CDE961
:107AC00000338DF80E308DF80F30304643460DF1FF
:107AD0000E01FFF7CFFE2AB204EB4202938A23F095
:107AE000020343F0010393827B68002B34D03146BC
:107AF000204693F80080D3F80490FFF71EFF28B1CA
:107B0000B9F1000F1FD06FF0150028E028B204EB88
:107B10004000838A23F4604323F020038382B9F179
:107B2000000F10D0B8F1030FEDD87B6821685B68B7
:107B300093F800C001EB8C01B8F1000F12D1C1F82D
:107B40001085C1F810852AB204EB4202938A23F013
:107B50001C0343EA88039382BB684BBB002005B03B
:107B6000BDE8F083D1F8102522F00302C1F81025FA
:107B7000226802EB8C03D3F8102522F44F3222F452
:107B80004072C3F810253202D3F8101502F47C526B
:107B900042EA08420A43C3F8102504EB4C03A3F859
:107BA0007C60838A43EA4C3343F020038382CAE734
:107BB0003146D3E900782046FFF7F3FE002FCDD001
:107BC00063689F4206D004F17800FFF772FD002839
:107BD00004DAC4E7A3689845F5D1002004EBC0039C
:107BE000C3E901782DB204EB4505AB8AC0B243EA84
:107BF000402343F48073AB82B0E72DE9F0430546A0
:107C000085B0084617461E46FAF77AFF0C468046AE
:107C100037B32846FFF791FE18B92846FFF782FED2
:107C200028BB0FFA88F905EB4909B9F8143013F0AD
:107C30001C0F02D07B78012B19D001238DF80F3057
:107C400000232046CDE900737A1CBB1C0DF10F0107
:107C5000FFF710FEB9F8143043F00303A9F814300D
:107C6000002E41D021462846FFF767FE20B96FF06D
:107C7000150005B0BDE8F083002237782B684FEA85
:107C8000870C03EB8703C3F81025C3F810250FFA00
:107C900088F205EB4202938A23F4604323F0200329
:107CA0009382707800B32968B6786144D1F81035B2
:107CB000000423F4991323F4F853C1F81035230278
:107CC00000F4403003F47C5303433005D1F81055E1
:107CD00000F4801003432B43C1F81035938A43EA24
:107CE000473343F0200393820020C2E7C0E9031228
:107CF000704770B504461546FFF714FE48B10846B4
:107D0000FAF7FEFE04EB40040020A38A5B0B2B7005
:107D100070BD6FF01500FBE790F88C00003818BFBD
:107D200001207047FAF714BF2DE9F34104461746C6
:107D3000FFF7F8FD0D46266800B32046FFF7FDFD6E
:107D40008046D8B92046FFF703FE05B2AD0005F521
:107D5000807246F802802168B2582944D1F8102573
:107D600042F00102C1F810252FB10122216802FA68
:107D700000F3C1F8043302B0BDE8F081D6F8043353
:107D80002846002BA4BF4FF00043C6F80433FAF78F
:107D9000B7FE04EB4004A38AC3F38203042B11D083
:107DA000052B11D001A80195FAF798FE019B0169F6
:107DB000D94001F001010231284602B0BDE8F0418E
:107DC000FFF7A1BD0321F7E70221F5E7FFF73ABE70
:107DD00008B1F9F771BC704710B5436904463BB967
:107DE0000020E2684042537843F00103537010BD15
:107DF00098470028F4D00028B8BF4042FF28A8BF09
:107E0000FF20E3681870ECE740B1C368587810F0C1
:107E100001001EBF1878B0FA80F040097047EFF3F8
:107E20001183202383F31288BFF36F8FFEE708B519
:107E3000FFF7F5FF4169826842EA010313F003038B
:107E40000FD1C3600369013B03FB0122002B01DA60
:107E500000207047C168013B11604169C260521A3D
:107E6000F4E76FF01500704710B5C0E90432002345
:107E7000816083610446FFF7DDFF0028A8BFC4E9E5
:107E8000004410BD2DE9F04105460F46EFF311887F
:107E9000202383F31288BFF36F8FC668FEB904688E
:107EA000A0421CD0DCB1D4E9003213605A60637B7D
:107EB000C4E9006623F002036373A66004F11800AE
:107EC00000F0E0F82046C4F8AC60276100F06CF8E0
:107ED000414605F10800BDE8F041FBF721BC3E60DA
:107EE000AB69EF60013BAB6188F31188BFF36F8F23
:107EF000BDE8F081202408B5EFF3118384F31288E4
:107F0000BFF36F8FFFF75CF9F6E790F90E308B4205
:107F100001D0FBF793BB0020704703460020C3E964
:107F20000033C3E902007047EFF30580003818BF43
:107F300001207047D0E9003213605A600023C0E985
:107F40000033704708B5FFF7F5FF437B23F00203CA
:107F500043730023836008BD38B504460D46FBF724
:107F6000CBFA637B43F002036373E5B1A5602B6832
:107F70009D4209D16B68C4E900531C606C6012E03B
:107F80006A689A42F6D01B68002BF3D094F90E2051
:107F900093F90E108A42F3D09142F1DD5A68C4E998
:107FA000003214605C6038BD10B5EFF311842023FB
:107FB00083F31288BFF36F8FFBF75CFA84F31188A9
:107FC000BFF36F8F10BD014610B5EFF3118420236E
:107FD00083F31288BFF36F8F437B13F0280F0AD10E
:107FE00083680BB1FFF7AEFF4B7B084623F0040319
:107FF0004B73FBF73FFA84F31188BFF36F8F10BD0B
:1080000001211838FFF7DFBF38B504460D46FBF7EE
:1080100041FCB5F1FF3F08BFB4F1FF3F02462046E7
:1080200018D000204FF47A7447F6FF730146C2FB64
:108030000431B3F5004F71F100020BD36FF400422D
:108040009A4243F6FF728A4132BF6FF00040D80B6C
:1080500040EA414038BD08B50246FBF7C7FD70B1A4
:10806000D0E904319B1A61EBE272B3F1004F72F177
:10807000000104DA002AACBF1846002008BD6FF0EA
:108080000040FBE7024638B5EFF31185202383F368
:108090001288BFF36F8F0368CBB1FBF7A7FD0446CF
:1080A0001046FBF7B5FD00224FF000438442C0E9C3
:1080B000042306D1FBF7A2FDFFF7CDFF0021FAF75D
:1080C00007FA002085F31188BFF36F8F38BD6FF07A
:1080D0001500F7E708B5FBF7A5FE08BD00BF0020B7
:1080E00070470A44431E914200D1704710B511F801
:1080F000014B914203F8014FF9D110BD884210B5F0
:1081000001EB020402D98442234607D8431EA14250
:1081100008D011F8012B03F8012FF8E702440146BB
:108120008A4200D110BD13F8014D02F8014DF7E766
:1081300002440346934200D1704703F8011BF9E75C
:1081400010B50139044632B111F8013F013A00F887
:10815000013B002BF7D10021FFF7EAFF204610BDBD
:108160000246014410B58A42134603D01C780132FE
:10817000002CF8D1181A10BDF0B5C3F1370704462A
:1081800003F01F031046FFB2082BE6B232D0102BCB
:108190003DD06508A40845EAC17544EA81748A089F
:1081A0002D1942EB5102290941EA02716D1842EB87
:1081B0001212290A41EA02616D1842EB1222290CBF
:1081C00041EA02416D1842EB1242AD1842F1000241
:1081D000EC0844EA4274D10804EB8402A6EB4205A1
:1081E000EDB2092D0CD90134A5F10A0541F10001C8
:1081F000EDB212E0E40806F0070544EA4174C9084C
:10820000303554EA010200F8015BBDD1F0BD24090C
:1082100006F00F0544EA01740909092D84BFED1920
:10822000EDB2EDE70148006870470000840A0020C5
:10823000587FFF7F01000000B11700000000000020
:10824000000000009882000095300000000000004F
:1082500000000000D882000000000000B88200008A
:10826000937600000000000000000000F88200008B
:1082700000000000188300003D1B0000000000000B
:1082800071230000000000009915000000000000AC
:108290009776000000000000E78E0000D086000006
:1082A000E48500004C010020F80A0020811800003D
:1082B0000000000000000000028F0000F8860000AF
:1082C000C0850000500100209C0B0020D91C00003C
:1082D00000000000000000000E8F00000C8700006E
:1082E000C085000052010020A80B0020D91C00000E
:1082F0000000000000000000F28E000000000000FE
:10830000F08600004E01002000000000A77300006E
:108310000000000000000000238F00002087000004
:108320000086000054010020B40B00207F7500007F
:108330007975000000000000000000009B71000043
:10834000000000009B710000000000009B71000015
:10835000000000009B710000000000009B71000005
:108360007D770000A9760000000000009B710000EE
:10837000000000009B7100001883000019750000C8
:10838000000000009B710000000000009B710000D5
:10839000000000009B710000000000009B710000C5
:1083A000340000209B740000000000009B7100005E
:1083B000000000009B710000000000009B710000A5
:1083C000000000009B710000000000009B71000095
:1083D000000000009B710000000000009B71000085
:1083E0000000000001240000000000009B7100005C
:1083F000000000009B710000000000009B71000065
:10840000000000009B710000000000009B71000054
:10841000000000009B710000000000009B71000044
:10842000000000009B710000000000009B71000034
:10843000000000009B710000000000009B71000024
:10844000000000009B710000000000009B71000014
:10845000000000009B710000000000009B71000004
:10846000000000009B710000000000009B710000F4
:10847000000000009B710000000000009B710000E4
:10848000000000009B710000000000009B710000D4
:10849000000000009B710000000000009B710000C4
:1084A000000000009B710000000000009B710000B4
:1084B000000000009B710000000000009B710000A4
:1084C000000000009B710000000000009B71000094
:1084D000000000009B710000000000009B71000084
:1084E000000000009B710000000000009B71000074
:1084F000000000009B710000000000009B71000064
:10850000000000009B710000000000009B71000053
:10851000000000009B710000000000009B71000043
:10852000000000009B710000000000009B71000033
:10853000000000009B710000000000009B71000023
:10854000000000009B710000000000009B71000013
:10855000000000009B710000000000009B71000003
:10856000B8010020F8160020000400004D040000AF
:1085700000000000000000000000000005000000F6
:1085800000000000CA890000000000000000000098
:1085900068020020F81A002000040000990400007E
:1085A00000000000000000000000000005000000C6
:1085B00000000000D689000000000000000000005C
:1085C000151D0000017400000D74000021740000EE
:1085D0002B740000357400008D1B000049740000EE
:1085E00000000000E5180000FF7200006173000049
:1085F000000000009B72000000000000000000006E
:10860000D374000081200000C57400000400000045
:108610000F00000001000000080000002000000022
:1086200060000000700000000D0000000C00000061
:108630000E0000005000000074000000A8000000C0
:10864000FFFFFFFFFFFFFFFFFFFFFFFFFFFFFFFF3A
:108650000338FDD870470000000000007B71000067
:108660001C000020140000200C000020000000006E
:1086700004000020C108000091070000E507000089
:108680005908000000000020000000000600010062
:10869000020000009886000000000000D08E00005C
:1086A00006000000E0FF0F0000000020D88E000050
:1086B00021000000E0FF0620311700007972000061
:1086C000000000003D1800000D1800000000000030
:1086D0009919000019190000A37300009F7300008E
:1086E0008773000093730000817300008D73000096
:1086F000BD73000000000000FFFF00000028845050
:10870000340000200000000001000000FFFFFFFF18
:10871000002584503400002000000000000000000C
:1087200000800050010000000000000044870000AD
:108730000000D6010000000000000000F416002038
:10874000F316002000800050508700000200000057
:108750007087000004000000608700000401000032
:1087600014800000168000011380000215800003B1
:108770001400000013000002160600011506000395
:1087800008000000030000000800000003000000D3
:108790003882000038820000808200008882000059
:1087A0009882000098820000FF8FFFFFFF8FFFFF7D
:1087B000FE8FFFFFFE8FFFFFFD8FFFFFFC8FFFFF90
:1087C000FC8FFFFFFB8FFFFF6D757465785F66722E
:1087D00065652063616C6C65642077697468204E00
:1087E000554C4C20706172616D65746572000000BB
:1087F00043616E277420696E697469616C697A657A
:10880000206D757465782C20776173204E554C4C23
:108810000D0A00004661696C20746F2061637175F8
:10882000697265206D757465780A00004661696C2F
:1088300020746F20696E63726561736520504D20EE
:10884000636F756E7465720A000000004661696CA2
:1088500020746F20646563726561736520504D20DC
:10886000636F756E7465720A000000004661696C82
:1088700020746F2072656C65617365206D75746519
:10888000780A0000436F756C64206E6F74206C6F03
:10889000636B20706F7765722073617665206D75EC
:1088A000746578004661696C20746F20756E6C6F1A
:1088B000636B206D757465780A000000637478201E
:1088C00063616E6E6F74206265204E554C4C0000E3
:1088D0000A637478206973204E554C4C0A000000DE
:1088E00067E6096A85AE67BB72F36E3C3AF54FA541
:1088F0007F520E518C68059BABD9831F19CDE05B6D
:10890000D89E05C107D57C3617DD703039590EF772
:10891000310BC0FF11155868A78FF964A44FFABE38
:108920000123456789ABCDEFFEDCBA98765432104F
:10893000F0E1D2C35265736F757263652074616B29
:10894000656E20616E6420617661696C61626C6540
:108950005F696E7374616E63655F636F756E7420BB
:108960003D2025640A00436F6E73756D6572207437
:10897000687265616420737461727465640A005280
:1089800065736F7572636520676976656E20616EC9
:108990006420617661696C61626C655F696E737495
:1089A000616E63655F636F756E74203D2025640A98
:1089B0000050726F647563657220746872656164DB
:1089C00020737461727465640A00636F6E73756DF1
:1089D00065725F69640070726F64756365725F6968
:1089E00064002A2A2A20426F6F74696E67206E52D3
:1089F0004620436F6E6E6563742053444B2076337C
:108A00002E322E332D3666383438356432383930CC
:108A100064202A2A2A0A002A2A2A205573696E67A6
:108A2000205A6570687972204F532076342E322E8A
:108A300039392D633463373566373165373039203E
:108A40002A2A2A0A006D757465785F696E69742038
:108A500063616C6C65642077697468204E554C4C7A
:108A600020706172616D6574657200436F756C642E
:108A7000206E6F7420616C6C6F63617465206D751E
:108A8000746578206265666F726520696E697469C5
:108A9000616C697A696E670072302F61313A20200B
:108AA000307825303878202072312F61323A2020FA
:108AB000307825303878202072322F61333A2020E8
:108AC0003078253038780A0072332F61343A20200C
:108AD000307825303878207231322F69703A202072
:108AE000307825303878207231342F6C723A20205B
:108AF0003078253038780A0020787073723A202058
:108B00003078253038780A004661756C74696E6774
:108B100020696E737472756374696F6E206164642A
:108B20007265737320287231352F7063293A2030B3
:108B300078253038780A00556E68616E646C65641B
:108B4000204952516E3A2025640A002A2A2A2A2AEC
:108B5000205553414745204641554C54202A2A2A46
:108B60002A2A0A0020204469766973696F6E2062A0
:108B700079207A65726F0A002020556E616C6967F2
:108B80006E6564206D656D6F7279206163636573D6
:108B9000730A002020537461636B206F76657266E0
:108BA0006C6F772028636F6E7465787420617265CE
:108BB00061206E6F742076616C6964290A00202040
:108BC0004E6F20636F70726F636573736F7220698D
:108BD0006E737472756374696F6E730A0020204936
:108BE0006C6C6567616C206C6F6164206F662045FA
:108BF00058435F52455455524E20696E746F205051
:108C0000430A002020496C6C6567616C20757365B0
:108C1000206F662074686520455053520A0020205A
:108C2000417474656D707420746F20657865637528
:108C3000746520756E646566696E656420696E731F
:108C40007472756374696F6E0A002A2A2A2A2A20B0
:108C5000425553204641554C54202A2A2A2A2A0A92
:108C6000002020537461636B696E67206572726FB8
:108C7000720A002020556E737461636B696E672001
:108C80006572726F720A00202050726563697365A5
:108C9000206461746120627573206572726F720A5C
:108CA0000020204246415220416464726573733A49
:108CB00020307825780A002020496D70726563693C
:108CC0007365206461746120627573206572726FD0
:108CD000720A002020496E737472756374696F6E36
:108CE00020627573206572726F720A002020466CD4
:108CF0006F6174696E672D706F696E74206C617A34
:108D00007920737461746520707265736572766121
:108D100074696F6E206572726F720A002A2A2A2A9D
:108D20002A204D5055204641554C54202A2A2A2AA3
:108D30002A0A002020537461636B696E6720657294
:108D4000726F722028636F6E74657874206172652B
:108D500061206D69676874206265206E6F7420768B
:108D6000616C6964290A00202044617461204163B8
:108D7000636573732056696F6C6174696F6E0A0066
:108D800020204D4D46415220416464726573733A10
:108D900020307825780A002020496E73747275633C
:108DA00074696F6E204163636573732056696F6CDD
:108DB0006174696F6E0A005265736572766564202E
:108DC000457863657074696F6E2028005370757202
:108DD000696F757320696E7465727275707420287E
:108DE0004952512000535053454C20696E207468FD
:108DF00072656164206D6F646520646F6573206EB9
:108E00006F7420696E646963617465205053500A01
:108E1000002A2A2A2A2A2048415244204641554CF9
:108E200054202A2A2A2A2A0A002020427573206602
:108E300061756C74206F6E20766563746F72207438
:108E400061626C6520726561640A0020204465627D
:108E50007567206576656E740A0020204661756C22
:108E60007420657363616C6174696F6E202873652B
:108E7000652062656C6F77290A00415243485F455F
:108E80005843455054207769746820726561736F48
:108E90006E2025780A0A002A2A2A2A2A2044656296
:108EA0007567206D6F6E69746F7220657863657089
:108EB00074696F6E202A2A2A2A2A0A002A2A2A2A54
:108EC0002A20257320256429202A2A2A2A2A0A00F2
:108ED000464C4153485F30005352414D5F300000D3
:108EE00000000121200B0A636C6F636B403530304A
:108EF000300063727970746F4035303834343030FC
:108F000030006770696F4038343238303000677035
:108F1000696F4038343235303000000102030405F7
:108F200006070B7561727440383030300000000065
:108F3000010101000001000000002030303030301D
:108F4000303030303030303030000169646C6500D2
:108F50006D61696E00286E756C6C29002A666C6FF5
:108F600061742A00AD6F00006C0100203A0000001F
:108F7000800100203A000000580100203A00000063
:108F8000940100203A000000000000006F72000011
:108F9000000000000000000000D0005000000000B1
:108FA00000000000000000000000000000000000C1
:108FB00000000000000000000000000000000000B1
:108FC00000000000000000000000000000000000A1
:108FD0000000000000000000000000000000000091
:108FE0000000000000000000000000000000000081
:108FF0000000000000000000000000000000000071
:109000000000000000000000000000000000000060
:109010000000000000000000000000000000000050
:1090200000000000000000000090D003FF000000DE
:10903000FF00000090020000D4000020D4000020B7
:1090400000000000993E00002001002018010020CF
:10905000100100200000000008010020694000000D
:10906000B53F0000E93F000031400000F00D002056
:109070003A00003AF40D00203A00003AF80D0020C2
:109080003A00003AFC0D00203A00003A4413002058
:1090900034010020F4000020EC000020E800002053
:1090A000E4000020094E0000FD4D0000F14D0000DD
:1090B0000000000000000000000000005801002037
:1090C0005801002000000000000000000E00000019
:1090D0006C0100206C010020000000000000000076
:1090E0000E00000080010020800100200000000030
:1090F000000000000E0000009401002094010020F8
:1091000000000000000000000E000000A801002088
:10911000A80100200A0000000A00000015E015E088
:00000001FF
